{"type": "FeatureCollection", "features": [{"type": "Feature", "geometry": {"type": "MultiPolygon", "coordinates": [[[[-89.07414832769871, 42.29794835416826], [-89.07526506126368, 42.29793853963677], [-89.07527036056099, 42.298270579389154], [-89.07415362105559, 42.29828039801944], [-89.07414832769871, 42.29794835416826]]]]}, "properties": {"bid": 103240, "oz": "N", "rerz": "Y", "tif": "N"}}, {"type": "Feature", "geometry": {"type": "MultiPolygon", "coordinates": [[[[-89.07277772596672, 42.29796298482682], [-89.07389233093724, 42.29795156217443], [-89.07389852200205, 42.298284199085145], [-89.07278391123405, 42.29829561761373], [-89.07277772596672, 42.29796298482682]]]]}, "properties": {"bid": 103241, "oz": "N", "rerz": "Y", "tif": "N"}}, {"type": "Feature", "geometry": {"type": "MultiPolygon", "coordinates": [[[[-89.07100897829834, 42.298402177036984], [-89.07101373611097, 42.29840214429162], [-89.0710186256499, 42.29881537159485], [-89.07042113741362, 42.29881926397108], [-89.07041627480751, 42.29840790564673], [-89.07100897829834, 42.298402177036984]]]]}, "properties": {"bid": 103242, "oz": "N", "rerz": "Y", "tif": "N"}}, {"type": "Feature", "geometry": {"type": "MultiPolygon", "coordinates": [[[[-89.06982189679536, 42.29799386929623], [-89.07103165699901, 42.29798091081788], [-89.07103813707393, 42.29831423801197], [-89.06982837048731, 42.29832719648398], [-89.06982189679536, 42.29799386929623]]]]}, "properties": {"bid": 103243, "oz": "N", "rerz": "Y", "tif": "N"}}, {"type": "Feature", "geometry": {"type": "MultiPolygon", "coordinates": [[[[-89.06858312643963, 42.2980068664921], [-89.06970074777017, 42.29799519653932], [-89.06970701822179, 42.298325821584356], [-89.06858938549856, 42.298337491476666], [-89.06858312643963, 42.2980068664921]]]]}, "properties": {"bid": 103244, "oz": "N", "rerz": "Y", "tif": "N"}}, {"type": "Feature", "geometry": {"type": "MultiPolygon", "coordinates": [[[[-89.06871810715542, 42.299280897548606], [-89.06870651760438, 42.29882047186245], [-89.06868598095977, 42.29882075680728], [-89.06867927699363, 42.298554323289764], [-89.06870788280206, 42.29855393038336], [-89.06870278669582, 42.29835132102978], [-89.06937689333908, 42.298346335012035], [-89.06937788785334, 42.2984621322316], [-89.06930048706248, 42.29846236293868], [-89.06930265303806, 42.29874793020884], [-89.06918362050916, 42.2987495817535], [-89.06918420803265, 42.2989679704572], [-89.06926230071015, 42.29896688617335], [-89.06926450835365, 42.29905463921874], [-89.06918688145375, 42.299055715613385], [-89.06919014821709, 42.29927786742578], [-89.06871810715542, 42.299280897548606]]]]}, "properties": {"bid": 103245, "oz": "N", "rerz": "Y", "tif": "N"}}, {"type": "Feature", "geometry": {"type": "MultiPolygon", "coordinates": [[[[-89.07463992477119, 42.29934495102903], [-89.0750119454328, 42.29933842524724], [-89.07501504361117, 42.2994357526367], [-89.07464302244755, 42.29944227430633], [-89.07463992477119, 42.29934495102903]]]]}, "properties": {"bid": 103266, "oz": "N", "rerz": "Y", "tif": "N"}}, {"type": "Feature", "geometry": {"type": "MultiPolygon", "coordinates": [[[[-89.07207978229192, 42.29799965124022], [-89.07239234813966, 42.29799592517143], [-89.07239596617808, 42.29816322006165], [-89.07208339943136, 42.298166950246106], [-89.07207978229192, 42.29799965124022]]]]}, "properties": {"bid": 103321, "oz": "N", "rerz": "Y", "tif": "N"}}, {"type": "Feature", "geometry": {"type": "MultiPolygon", "coordinates": [[[[-89.07136889648493, 42.299503729967306], [-89.07135333256053, 42.2989861424369], [-89.07135839070479, 42.29898605903601], [-89.0713476535354, 42.29862889568293], [-89.07135204612455, 42.29862882238938], [-89.0713461525787, 42.29843270494523], [-89.07135232552486, 42.29843259926405], [-89.07135081872178, 42.298382618748825], [-89.07159113960687, 42.29837863694361], [-89.0715958664844, 42.298535894876], [-89.07158668757607, 42.29853604595378], [-89.07158963564797, 42.29863405117185], [-89.07184438315012, 42.29862982792603], [-89.071844449622, 42.29863207187035], [-89.0720622760955, 42.29862846291394], [-89.07206243672351, 42.29863391424911], [-89.07208724478856, 42.29863350482686], [-89.07208272650084, 42.298256379851665], [-89.07208837704363, 42.298256343235025], [-89.07208830742574, 42.2982501189293], [-89.07209615943647, 42.29825006628152], [-89.07209608434546, 42.29824383780736], [-89.07239807567792, 42.29824184247714], [-89.07239824097996, 42.29825599131316], [-89.07248673120837, 42.298255407439015], [-89.07248981003777, 42.29851214143306], [-89.07269354135182, 42.29851079649922], [-89.07269368463805, 42.29852269769836], [-89.07307022721673, 42.29852020991268], [-89.07306879168547, 42.29840034996799], [-89.0734789153501, 42.29839763777033], [-89.0734800410531, 42.29849122127778], [-89.07336542693237, 42.29849198080383], [-89.07336653409466, 42.298584382794516], [-89.07417965820999, 42.298579002192355], [-89.07417989069191, 42.298598589119635], [-89.07436248944515, 42.29859738151845], [-89.0743598568855, 42.29837790310756], [-89.0752025953464, 42.29837231987018], [-89.07520545141176, 42.29860984566248], [-89.07529589957252, 42.298609249444404], [-89.07530009154495, 42.29895789969217], [-89.07519900698765, 42.298958571663746], [-89.07519910405736, 42.298966755523146], [-89.07490599271067, 42.29896869870826], [-89.07490929359321, 42.29924331535911], [-89.0738952442378, 42.29925002588881], [-89.07389796553872, 42.29947678249887], [-89.0733880581601, 42.29948015837497], [-89.07338776357993, 42.299470264423924], [-89.07136889648493, 42.299503729967306]]]]}, "properties": {"bid": 103434, "oz": "N", "rerz": "Y", "tif": "N"}}, {"type": "Feature", "geometry": {"type": "MultiPolygon", "coordinates": [[[[-89.06871686443935, 42.29947496687772], [-89.06871491061588, 42.299341374546145], [-89.070124149151, 42.29933001451955], [-89.07012424422204, 42.2993363584371], [-89.07013156423929, 42.299336296720575], [-89.07013097919277, 42.29929619969046], [-89.07027045232265, 42.29929507190553], [-89.07027109834438, 42.29933900989896], [-89.07034936102326, 42.29933837927904], [-89.07034927306486, 42.299332582879416], [-89.0708202854133, 42.29932878295111], [-89.07082035720933, 42.29933359543283], [-89.0708324572842, 42.299333501146734], [-89.07083037883093, 42.2991914900926], [-89.07104458180957, 42.29918975834545], [-89.0710486874311, 42.29946975846249], [-89.07083567583744, 42.29947147690412], [-89.07083558573923, 42.299465161847806], [-89.07082096237693, 42.29946528141345], [-89.07082104923666, 42.299471143660774], [-89.0702734642506, 42.29947556567264], [-89.07027336571731, 42.2994687812927], [-89.0702479176734, 42.299468986626415], [-89.07024799158762, 42.29947431364901], [-89.0702407078881, 42.29947771392896], [-89.07023299594285, 42.299480550315295], [-89.07022494480903, 42.29948280307869], [-89.07021662712683, 42.29948443998436], [-89.07020812619554, 42.29948545359646], [-89.0701995366162, 42.29948582423868], [-89.07019093593017, 42.29948555676869], [-89.07018241845282, 42.29948464797219], [-89.07017406712644, 42.299483110990835], [-89.07016596489326, 42.29948095896632], [-89.0701581945527, 42.29947821327126], [-89.07015083321751, 42.29947490345628], [-89.07015092776626, 42.29946945455969], [-89.07012241626983, 42.29946918190872], [-89.07012233050244, 42.29947412460112], [-89.06927567653807, 42.29947794124303], [-89.06927580418069, 42.29947059099647], [-89.0691894159792, 42.29946976419835], [-89.06918934336154, 42.2994739455255], [-89.06911115435905, 42.29947319714351], [-89.06911109495988, 42.29947661710687], [-89.06905509757394, 42.299476081097986], [-89.06905508871007, 42.299476591417424], [-89.06887667986088, 42.29947488349942], [-89.06887661823268, 42.29947843104236], [-89.0688172114455, 42.29947786227617], [-89.06881724447773, 42.29947596092488], [-89.06871686443935, 42.29947496687772]]]]}, "properties": {"bid": 103455, "oz": "N", "rerz": "Y", "tif": "N"}}, {"type": "Feature", "geometry": {"type": "MultiPolygon", "coordinates": [[[[-89.06931616914044, 42.29847980913905], [-89.0693777189968, 42.298480159415305], [-89.06937729488862, 42.29852118939837], [-89.06931575053599, 42.29852083917448], [-89.06931616914044, 42.29847980913905]]]]}, "properties": {"bid": 116565, "oz": "N", "rerz": "Y", "tif": "N"}}, {"type": "Feature", "geometry": {"type": "MultiPolygon", "coordinates": [[[[-89.06920762862805, 42.2988182262985], [-89.06924705033384, 42.29881825372008], [-89.0692470045962, 42.2988585628765], [-89.06920758286526, 42.29885853545462], [-89.06920762862805, 42.2988182262985]]]]}, "properties": {"bid": 116617, "oz": "N", "rerz": "Y", "tif": "N"}}, {"type": "Feature", "geometry": {"type": "MultiPolygon", "coordinates": [[[[-89.08883621125474, 42.25328784110534], [-89.08898408511246, 42.2532826242793], [-89.08899868979918, 42.25344080294912], [-89.08895734692337, 42.25346350220132], [-89.08884768723658, 42.25346736992186], [-89.08883621125474, 42.25328784110534]]]]}, "properties": {"bid": 121532, "oz": "Y", "rerz": "Y", "tif": "Y"}}, {"type": "Feature", "geometry": {"type": "MultiPolygon", "coordinates": [[[[-89.08856849120497, 42.25353977568951], [-89.08856286538364, 42.253475489532434], [-89.08800159091358, 42.253502602135825], [-89.08798651794812, 42.253330432100086], [-89.08820748269909, 42.25331975824315], [-89.08820471478701, 42.25328807453432], [-89.08832069235883, 42.253282472171875], [-89.0883234658686, 42.253314155930674], [-89.08846470734147, 42.25330733383723], [-89.08845912792502, 42.25324358321485], [-89.08855235351803, 42.25323907977735], [-89.0885582159241, 42.25330606427133], [-89.08867705481308, 42.25330032379902], [-89.08867484209134, 42.253275066588806], [-89.08876991981265, 42.253270473362846], [-89.08877213257226, 42.25329573057166], [-89.08877724525584, 42.25329548225883], [-89.08879765797349, 42.25352870443823], [-89.08856849120497, 42.25353977568951]]]]}, "properties": {"bid": 121533, "oz": "Y", "rerz": "Y", "tif": "Y"}}, {"type": "Feature", "geometry": {"type": "MultiPolygon", "coordinates": [[[[-89.09338070424413, 42.24745749515189], [-89.09337956825982, 42.247295096198684], [-89.0933612902557, 42.24729516799807], [-89.0933616035225, 42.24733943246042], [-89.09335785263052, 42.247339446751376], [-89.09335795421441, 42.2473543689378], [-89.0932066385206, 42.24735495319231], [-89.0932063845113, 42.24731896285245], [-89.09321270622905, 42.24731893558353], [-89.09321254552945, 42.247295739275685], [-89.09311549324086, 42.24729611508244], [-89.0931152238795, 42.247257766014116], [-89.09250525835157, 42.24726011001851], [-89.09249952758779, 42.24643674984631], [-89.09251116237284, 42.24643670651959], [-89.09251095545562, 42.24640677978224], [-89.09251236274655, 42.24640677238201], [-89.09251194583817, 42.24634709999102], [-89.09214767151026, 42.24634850355467], [-89.09214765867803, 42.246346321846595], [-89.09167280959, 42.246348144982896], [-89.09167282794499, 42.246350326742764], [-89.09056355031616, 42.24635457737985], [-89.09056430389674, 42.24646343332918], [-89.09073273713932, 42.24646279087352], [-89.09073319674789, 42.24652897961664], [-89.09067559328268, 42.246529200688194], [-89.09067630055362, 42.24663101337599], [-89.0905654703519, 42.24663143887292], [-89.09056764009331, 42.24694445530594], [-89.09044919990991, 42.247175464822796], [-89.09033969844684, 42.24717588610367], [-89.09033854859881, 42.24700987297227], [-89.09011614448706, 42.24701072445449], [-89.09011161067643, 42.24635630852564], [-89.0901074831132, 42.246356323290776], [-89.09010391943723, 42.24584229128832], [-89.08996909544899, 42.24584280792597], [-89.08996876000526, 42.24579412243711], [-89.09010358381984, 42.24579360991423], [-89.09010269322013, 42.24566483847155], [-89.09020911164258, 42.2456644296359], [-89.09020891391145, 42.245635655515976], [-89.09027761376531, 42.24563539475603], [-89.09027781152766, 42.24566416887621], [-89.09066700771896, 42.2456626757719], [-89.0906679065016, 42.24579201120927], [-89.09068794030514, 42.245791935730175], [-89.09068791131357, 42.24578777397623], [-89.09180401025564, 42.24578349548997], [-89.0918037761095, 42.24574997093135], [-89.09184195451914, 42.245749822448374], [-89.0918421886855, 42.24578334700713], [-89.09287315504076, 42.245779383952225], [-89.09286946250126, 42.2452500631507], [-89.09329920003967, 42.24524840557728], [-89.0932990951137, 42.245233680932074], [-89.09339470374321, 42.24523331203419], [-89.09339473412683, 42.24523772900587], [-89.09361473313389, 42.24523688157748], [-89.0936147027349, 42.245232464605685], [-89.09371013958616, 42.24523209795371], [-89.09371019879332, 42.245241026555114], [-89.09464949259907, 42.24523739998695], [-89.09464945338665, 42.24523186332525], [-89.09476064683832, 42.245231433154316], [-89.09476071054819, 42.24524043177305], [-89.09482106640014, 42.24524019732433], [-89.09482146511928, 42.24529681944487], [-89.09476110367427, 42.24529705384141], [-89.09476164341322, 42.2453734844557], [-89.09465647205793, 42.245373888593626], [-89.09465917668169, 42.24576056129904], [-89.0947735235003, 42.24576011943099], [-89.09477565182712, 42.24606372584304], [-89.09475685342906, 42.246063797118076], [-89.09475872275117, 42.24633066809094], [-89.0929271626799, 42.246337734010176], [-89.09292720141644, 42.246343616427794], [-89.09277583275515, 42.24634419962283], [-89.09277584509609, 42.246346084959626], [-89.09255809717314, 42.246346923039866], [-89.09255851412505, 42.246406595431154], [-89.09256486337712, 42.24640657257185], [-89.09256507031984, 42.24643649930938], [-89.0928500289854, 42.24643540143825], [-89.09285344098431, 42.24692506400621], [-89.09293779949189, 42.24692474245752], [-89.0929377726371, 42.246921099366304], [-89.09297414556453, 42.24692095830137], [-89.09297420139747, 42.24692844619769], [-89.09299788672834, 42.246928355107], [-89.09299699472042, 42.24679997472563], [-89.09297430669866, 42.24680006280448], [-89.0929741623198, 42.246779175837304], [-89.09299684479488, 42.24677908770655], [-89.0929946283863, 42.24646060041505], [-89.0935587839296, 42.24645842612506], [-89.09356072292107, 42.246736576138694], [-89.09345061279801, 42.24673699881329], [-89.09345334279784, 42.24712826947971], [-89.09356555898813, 42.247127837696745], [-89.09356785597878, 42.24745677262417], [-89.09338070424413, 42.24745749515189]]]]}, "properties": {"bid": 121876, "oz": "Y", "rerz": "N", "tif": "N"}}, {"type": "Feature", "geometry": {"type": "MultiPolygon", "coordinates": [[[[-89.09218100057367, 42.24742798137035], [-89.09216576800753, 42.247405623509486], [-89.0920780145778, 42.24740583858719], [-89.09207755180687, 42.2473028715547], [-89.0920328801461, 42.2473029798519], [-89.09203238005686, 42.24719079217346], [-89.09119747584043, 42.24719284474269], [-89.09119628877916, 42.24692681165191], [-89.0911508638506, 42.246926924890765], [-89.09115019595099, 42.24677676777392], [-89.09118943779865, 42.24677667064441], [-89.09118808322593, 42.24647223178761], [-89.09239879586434, 42.246469250484374], [-89.09240251999272, 42.24730206735721], [-89.09235378170563, 42.24730218708153], [-89.09235424485604, 42.24740515823357], [-89.09222857887531, 42.247405466941665], [-89.0922286577877, 42.247423015053336], [-89.09218100057367, 42.24742798137035]]]]}, "properties": {"bid": 121877, "oz": "Y", "rerz": "N", "tif": "N"}}, {"type": "Feature", "geometry": {"type": "MultiPolygon", "coordinates": [[[[-89.08722217783044, 42.247623447706864], [-89.08722315055297, 42.24756152448744], [-89.08703770394635, 42.24756327352773], [-89.08703432607219, 42.24746019672789], [-89.08703689634189, 42.24746021680785], [-89.08704184629848, 42.24714461244384], [-89.08757047514865, 42.2471491924728], [-89.08757063593407, 42.24713910928995], [-89.08802176872462, 42.24713954158944], [-89.08802204386437, 42.247135098678626], [-89.08838368727815, 42.24713262563216], [-89.08838573831603, 42.247564520977456], [-89.08802029427441, 42.247564904294435], [-89.08802030528356, 42.2475639329743], [-89.08783868811122, 42.247562360506066], [-89.08783866370405, 42.247564117894754], [-89.087807887301, 42.24756385307863], [-89.08780798450957, 42.24755749857706], [-89.08732923157163, 42.24756094639144], [-89.08732823895188, 42.24762436772224], [-89.08722217783044, 42.247623447706864]]]]}, "properties": {"bid": 121880, "oz": "Y", "rerz": "N", "tif": "N"}}, {"type": "Feature", "geometry": {"type": "MultiPolygon", "coordinates": [[[[-89.08703822765315, 42.24710178633977], [-89.08703815032955, 42.24678372253609], [-89.08721539365021, 42.24678369917567], [-89.087215404268, 42.24682889106309], [-89.0881554826386, 42.24682027866583], [-89.08815548110174, 42.246823946187924], [-89.08833475779622, 42.246823919638274], [-89.0883348003545, 42.246984377848186], [-89.08854730139359, 42.24698434640702], [-89.08854733736055, 42.24711203957993], [-89.08833483589284, 42.24711207101627], [-89.08833482821748, 42.24708812699436], [-89.08761897885911, 42.247092944039224], [-89.08761897775504, 42.247090408448166], [-89.08735291479245, 42.24709044451416], [-89.08735291561615, 42.2470920210274], [-89.08721058509501, 42.24709203980204], [-89.08721058552503, 42.24710176227596], [-89.08703822765315, 42.24710178633977]]]]}, "properties": {"bid": 121881, "oz": "Y", "rerz": "N", "tif": "N"}}, {"type": "Feature", "geometry": {"type": "MultiPolygon", "coordinates": [[[[-89.08921466580908, 42.24677296567828], [-89.08921450017328, 42.246729636971246], [-89.08915175135387, 42.24672976777496], [-89.08915177234545, 42.246735370124206], [-89.08854670538679, 42.246736635960595], [-89.08854609650687, 42.246575242157334], [-89.08855357795272, 42.246568920024565], [-89.08865213866814, 42.246568714555416], [-89.0886519961115, 42.24653056013087], [-89.08884065200169, 42.246530164051514], [-89.08884078469046, 42.24656630144393], [-89.08891479113633, 42.246566144885], [-89.08891479062818, 42.24656487297354], [-89.0891638850378, 42.24656434867573], [-89.08916371779479, 42.24651948872458], [-89.08926226736381, 42.24651928262606], [-89.08926218899734, 42.24649849506472], [-89.0893373089464, 42.24649833634501], [-89.08933747361183, 42.24654140160764], [-89.0893413461759, 42.246541396823446], [-89.08934205144638, 42.2467262209597], [-89.08928691490996, 42.24672633690454], [-89.08928692233332, 42.24672948175323], [-89.0892744512254, 42.24672950866357], [-89.08927461690224, 42.24677283737097], [-89.08921466580908, 42.24677296567828]]]]}, "properties": {"bid": 121882, "oz": "Y", "rerz": "N", "tif": "N"}}, {"type": "Feature", "geometry": {"type": "MultiPolygon", "coordinates": [[[[-89.08792585991921, 42.24673955308787], [-89.08792637032185, 42.24669106490501], [-89.08782593368834, 42.24669048237332], [-89.08782729895933, 42.2465602956079], [-89.08806360798017, 42.24656166213556], [-89.08806284190689, 42.24663459404393], [-89.08806545652725, 42.24663461040168], [-89.08806435306026, 42.24674035350385], [-89.08792585991921, 42.24673955308787]]]]}, "properties": {"bid": 121883, "oz": "Y", "rerz": "N", "tif": "N"}}, {"type": "Feature", "geometry": {"type": "MultiPolygon", "coordinates": [[[[-89.08815978455365, 42.24649327446429], [-89.08815967860046, 42.246488436929525], [-89.08808849686493, 42.24648929050771], [-89.088088109465, 42.246471381381916], [-89.08767563700945, 42.24647631015575], [-89.08767555976326, 42.24647271598394], [-89.0875025205753, 42.246474784208196], [-89.08750261526247, 42.24647930468984], [-89.0873178343428, 42.24648151323627], [-89.08731770329547, 42.24647555174132], [-89.08710379254471, 42.24647810733417], [-89.08710032793232, 42.246318057337525], [-89.08710672506064, 42.24631327690063], [-89.08731414101645, 42.24631080012712], [-89.08731424375141, 42.24631549768149], [-89.0874990241864, 42.246313289135244], [-89.08749897028804, 42.24631092592761], [-89.08751435804592, 42.24631074142578], [-89.08751306729987, 42.24625125838047], [-89.08704286130724, 42.2462495125875], [-89.0870478570533, 42.24524992731276], [-89.08822295195237, 42.245254776027465], [-89.08822313361215, 42.2453426586847], [-89.08837145661292, 42.24534088385778], [-89.0883666028923, 42.245741348944016], [-89.08773114209544, 42.24574066589311], [-89.08773105797603, 42.24573682468402], [-89.08734427035989, 42.24573576609391], [-89.08734403664964, 42.24580797033193], [-89.08797241141332, 42.24581131792406], [-89.08796830608374, 42.24596545581993], [-89.08799138475483, 42.24596518305998], [-89.08799051226045, 42.24603135105232], [-89.08888452313954, 42.24603715473325], [-89.08888266708946, 42.246172218732], [-89.08900074616342, 42.246175176519216], [-89.0889991268664, 42.24628332688975], [-89.08888132782998, 42.2462847349075], [-89.08888127099893, 42.24628189007708], [-89.08843143325556, 42.24628286874026], [-89.08843078170007, 42.24625281433226], [-89.08804372920018, 42.246250858272816], [-89.08804495832271, 42.24630748408873], [-89.0881539358915, 42.24630618331841], [-89.08815382320728, 42.24630109051562], [-89.08927017107497, 42.246293138588214], [-89.08927374167361, 42.246458026065355], [-89.08872356052389, 42.24646460793415], [-89.08872360717359, 42.24646674879814], [-89.08860818492721, 42.246468129479744], [-89.08860810229915, 42.24646452290927], [-89.08821101768638, 42.24646926895951], [-89.08821152229838, 42.24649265785322], [-89.08815978455365, 42.24649327446429]]]]}, "properties": {"bid": 121885, "oz": "Y", "rerz": "N", "tif": "N"}}, {"type": "Feature", "geometry": {"type": "MultiPolygon", "coordinates": [[[[-89.0908264168736, 42.24436656668506], [-89.09082632774827, 42.24435844457715], [-89.0907631226638, 42.24435883130836], [-89.09076165110503, 42.2442263498025], [-89.09153204463658, 42.244221629251626], [-89.09153351780775, 42.244354110766096], [-89.09147132663303, 42.24435449092784], [-89.09147141591099, 42.24436260892067], [-89.0908264168736, 42.24436656668506]]]]}, "properties": {"bid": 121886, "oz": "Y", "rerz": "N", "tif": "N"}}, {"type": "Feature", "geometry": {"type": "MultiPolygon", "coordinates": [[[[-89.0903126189487, 42.243497754334484], [-89.09036026846195, 42.243497637602616], [-89.09036053850704, 42.24355866287919], [-89.09031288340898, 42.24355877955869], [-89.0903126189487, 42.243497754334484]]]]}, "properties": {"bid": 121887, "oz": "Y", "rerz": "N", "tif": "N"}}, {"type": "Feature", "geometry": {"type": "MultiPolygon", "coordinates": [[[[-89.0891260611823, 42.24420678747823], [-89.0892418223878, 42.2442064055722], [-89.08924281909404, 42.2443737674636], [-89.08912706312145, 42.24437414941916], [-89.0891260611823, 42.24420678747823]]]]}, "properties": {"bid": 121888, "oz": "Y", "rerz": "N", "tif": "N"}}, {"type": "Feature", "geometry": {"type": "MultiPolygon", "coordinates": [[[[-89.08699935223412, 42.244382030121514], [-89.0869963690725, 42.24408102929706], [-89.0871900370165, 42.24407996688295], [-89.08719008812923, 42.24408541721868], [-89.08732035799643, 42.24408470456544], [-89.08732032886341, 42.24408153893005], [-89.08759900779006, 42.24408260538908], [-89.0875993895244, 42.24412066740709], [-89.08745008193443, 42.24411959591142], [-89.0874502573466, 42.24413693089885], [-89.08774428883733, 42.2441382361467], [-89.08774442494085, 42.24415203082819], [-89.08834154622578, 42.24414875573469], [-89.08834379273944, 42.24437465769191], [-89.08699935223412, 42.244382030121514]]]]}, "properties": {"bid": 121890, "oz": "Y", "rerz": "N", "tif": "N"}}, {"type": "Feature", "geometry": {"type": "MultiPolygon", "coordinates": [[[[-89.08887740250182, 42.2440013121153], [-89.08887455004873, 42.24382586501101], [-89.08877643637071, 42.243826745823014], [-89.08877571246616, 42.24378205761611], [-89.08925958747189, 42.24377770920899], [-89.08925697673455, 42.24404443121874], [-89.08852155799522, 42.244047205486964], [-89.08851049332351, 42.24404730316377], [-89.08850974112883, 42.24400103406869], [-89.08887740250182, 42.2440013121153]]]]}, "properties": {"bid": 121891, "oz": "Y", "rerz": "N", "tif": "N"}}, {"type": "Feature", "geometry": {"type": "MultiPolygon", "coordinates": [[[[-89.08873079725798, 42.243408085753074], [-89.08910243775264, 42.24340611597676], [-89.08920770611546, 42.24357398830206], [-89.0887324116799, 42.243576507223054], [-89.08873079725798, 42.243408085753074]]]]}, "properties": {"bid": 121892, "oz": "Y", "rerz": "N", "tif": "N"}}, {"type": "Feature", "geometry": {"type": "MultiPolygon", "coordinates": [[[[-89.08847725785405, 42.24331316606235], [-89.088577709887, 42.24331220458075], [-89.088578897739, 42.243380717632256], [-89.08847844559732, 42.24338167911362], [-89.08847725785405, 42.24331316606235]]]]}, "properties": {"bid": 121893, "oz": "Y", "rerz": "N", "tif": "N"}}, {"type": "Feature", "geometry": {"type": "MultiPolygon", "coordinates": [[[[-89.08752793930447, 42.243784112830454], [-89.0875261837036, 42.243629038879604], [-89.08826998364785, 42.2436243822485], [-89.08832273533095, 42.24369127675962], [-89.0885288039726, 42.24368998703372], [-89.08852782790916, 42.24360415910228], [-89.08923210949189, 42.24359673732188], [-89.08927986601269, 42.24376646900988], [-89.08852972615044, 42.24377117137831], [-89.08852980087691, 42.243777844448765], [-89.08752793930447, 42.243784112830454]]]]}, "properties": {"bid": 121894, "oz": "Y", "rerz": "N", "tif": "N"}}, {"type": "Feature", "geometry": {"type": "MultiPolygon", "coordinates": [[[[-89.0905919729909, 42.24224307662821], [-89.09058609008798, 42.24187243114822], [-89.09069359604291, 42.24187121704478], [-89.09069419084985, 42.24196172565476], [-89.09085742332354, 42.24196325694998], [-89.0908586640202, 42.24189023062192], [-89.09102215530912, 42.24188890746275], [-89.09102171305007, 42.241914942436715], [-89.09101209778817, 42.241914852255505], [-89.09101797801407, 42.242134815730026], [-89.09092652778426, 42.24213459188102], [-89.0909264228055, 42.24215805327195], [-89.09083387572839, 42.24215782729322], [-89.09083398075235, 42.24213306106548], [-89.09082398763323, 42.24213303729942], [-89.09081975519658, 42.24213500218875], [-89.09081510108498, 42.2421363539238], [-89.09081019776946, 42.242137048844114], [-89.09080520089495, 42.24213705548013], [-89.0908002931709, 42.24213637966199], [-89.09079563487201, 42.2421350434743], [-89.0907913859233, 42.24213308957933], [-89.09078769461277, 42.24213059345998], [-89.09078427719551, 42.24213056140125], [-89.0907841234952, 42.24213960738069], [-89.09077429772688, 42.242139515204705], [-89.09077394703776, 42.24216015468909], [-89.09069745667585, 42.24215943710047], [-89.09069666356426, 42.24220611155411], [-89.0905919729909, 42.24224307662821]]]]}, "properties": {"bid": 121911, "oz": "Y", "rerz": "N", "tif": "N"}}, {"type": "Feature", "geometry": {"type": "MultiPolygon", "coordinates": [[[[-89.09550378442624, 42.241422599919474], [-89.09582225174766, 42.241420510969164], [-89.09582425462781, 42.24158935591418], [-89.09550578652662, 42.241591440744784], [-89.09550378442624, 42.241422599919474]]]]}, "properties": {"bid": 121917, "oz": "Y", "rerz": "N", "tif": "N"}}, {"type": "Feature", "geometry": {"type": "MultiPolygon", "coordinates": [[[[-89.09340669849793, 42.243360600367026], [-89.09340665396833, 42.243335120636765], [-89.09300661638791, 42.24333550487487], [-89.0930063202034, 42.243165445177496], [-89.09332107658547, 42.24316514369914], [-89.09332099099325, 42.24311627118574], [-89.09340147910477, 42.243116192964685], [-89.09340136282843, 42.24305115170675], [-89.092850278426, 42.24305167770236], [-89.09285028692254, 42.24305640318626], [-89.09283906326121, 42.24305641335221], [-89.0928391209112, 42.24308861908662], [-89.0928479070649, 42.24308861079547], [-89.09284792852023, 42.24310139181549], [-89.09282055069562, 42.24310141949097], [-89.09282056654727, 42.24311159078401], [-89.09278684014559, 42.24311162075089], [-89.09278677696223, 42.24307451667985], [-89.09279671540409, 42.24307450683353], [-89.09279669719888, 42.24306284133566], [-89.09280719520227, 42.24306282849546], [-89.09280718160451, 42.24305644413285], [-89.09163925766167, 42.24306817452251], [-89.09163931371769, 42.243099133030974], [-89.09164584520975, 42.24309912427873], [-89.09164586788181, 42.24311410336369], [-89.09160142746028, 42.24311414369087], [-89.09160134869137, 42.24306821021331], [-89.0915050112977, 42.24306829912096], [-89.09150509447677, 42.24311788371423], [-89.09143069470407, 42.24311795182547], [-89.09143074209196, 42.24314354272016], [-89.09112983549484, 42.2431438248265], [-89.0911297591767, 42.24309939790378], [-89.09086401956907, 42.24309964687809], [-89.09086404948707, 42.24311614491068], [-89.09076560691958, 42.24311623403071], [-89.09076552876981, 42.243068995722446], [-89.09052664077586, 42.24306922002632], [-89.09052609119404, 42.24274431452374], [-89.09063870399144, 42.242744210374845], [-89.09063833239804, 42.24252452086488], [-89.09062663796736, 42.24252453051377], [-89.09062624726295, 42.24229488371387], [-89.09113490972388, 42.24229066114176], [-89.09112263419355, 42.24178023522318], [-89.09074015637145, 42.24178059513527], [-89.09074001717791, 42.24170043482395], [-89.09073792872854, 42.24170043581243], [-89.09073784541557, 42.24165056718848], [-89.09112745605617, 42.24164768096411], [-89.09112746655121, 42.24165423817967], [-89.09126660150957, 42.24165410634583], [-89.0912664294034, 42.24155268551588], [-89.09127397446004, 42.24155267805603], [-89.09127387479924, 42.2414933090719], [-89.09142140755803, 42.2414931693526], [-89.0914179193242, 42.241290479321435], [-89.09279173759771, 42.24127619252025], [-89.09279216092176, 42.24152071564553], [-89.09279528531486, 42.241520711970985], [-89.0927953053697, 42.24153357530541], [-89.09290362832255, 42.24153347403806], [-89.09290350715811, 42.241462542425296], [-89.09292111224667, 42.24146252613844], [-89.09292105694458, 42.24143148530372], [-89.0929632692858, 42.241431444184464], [-89.0929633246086, 42.241462485019404], [-89.0929984350893, 42.241462451491294], [-89.0929984401995, 42.241464110370565], [-89.09316124580643, 42.24146395497487], [-89.09316120019692, 42.24143625659088], [-89.09318350847875, 42.241436234892205], [-89.09318349721805, 42.24143232439011], [-89.09334895073867, 42.24143216469889], [-89.09334898643019, 42.24145358989063], [-89.0935268045727, 42.24145341805547], [-89.09352681676027, 42.24146283193509], [-89.09360780693476, 42.24146275003031], [-89.09360782760814, 42.24147362524282], [-89.09368315064948, 42.2414735520041], [-89.09368331805759, 42.241570901866965], [-89.0937188440763, 42.24157086788981], [-89.0937189061507, 42.241605782138365], [-89.09401480880135, 42.24160549581588], [-89.09401470251902, 42.24154407689641], [-89.09422877441658, 42.24154114765409], [-89.0942288828208, 42.24160278063643], [-89.0944194870136, 42.24160259525998], [-89.09441942448315, 42.24156768512294], [-89.09446765302214, 42.24156763795388], [-89.09446771186049, 42.241600477604244], [-89.09457103265348, 42.241600377391684], [-89.09457126456601, 42.24172966139106], [-89.09465706348469, 42.241729578419374], [-89.09465703316576, 42.24171140919812], [-89.09472220219163, 42.24171134738658], [-89.09472223252926, 42.24172951660803], [-89.09489052318884, 42.24172935239807], [-89.09488607706793, 42.24152270606359], [-89.09544651894112, 42.24151805501051], [-89.0954516112041, 42.24172230761351], [-89.09584950559669, 42.241719318067794], [-89.09585335588315, 42.241872937937984], [-89.0960110107445, 42.24187277980093], [-89.09601131357935, 42.24203997884219], [-89.09578118204143, 42.24204020529017], [-89.09578124086045, 42.24207308610051], [-89.09533299262208, 42.242077819563214], [-89.09533289947998, 42.242026353758334], [-89.0951783520567, 42.24202650706439], [-89.09517859591564, 42.242164978540934], [-89.09502659094298, 42.24216512658153], [-89.09502666850308, 42.2422080058321], [-89.09498757451917, 42.24220804391936], [-89.09498755419192, 42.2421941885775], [-89.09488399418578, 42.24219429104413], [-89.09488402728978, 42.24221491766543], [-89.09480501389814, 42.242214994247405], [-89.09480501909296, 42.24221959621506], [-89.09473319074661, 42.242219665806545], [-89.09473311704306, 42.2421768977299], [-89.09470840978702, 42.24217692200413], [-89.09470850440353, 42.24223056117812], [-89.09466590927195, 42.242230603477026], [-89.09466581469151, 42.24217696430344], [-89.09462911943665, 42.24217699999252], [-89.09462940119982, 42.242338683107675], [-89.09464859090937, 42.24233866490344], [-89.09464863591099, 42.242364473939446], [-89.09462944619362, 42.242364492143615], [-89.09464199757683, 42.243034040454646], [-89.09343818050698, 42.243051113441034], [-89.09343834481253, 42.24314502621661], [-89.09343578537212, 42.24314503107908], [-89.09343582299294, 42.243165036191684], [-89.09356510601967, 42.24316490817047], [-89.09356539867555, 42.24333199593587], [-89.09348556948325, 42.24333207632107], [-89.09348561907044, 42.24336052799924], [-89.09340669849793, 42.243360600367026]]]]}, "properties": {"bid": 122098, "oz": "Y", "rerz": "N", "tif": "N"}}, {"type": "Feature", "geometry": {"type": "MultiPolygon", "coordinates": [[[[-89.09015101435543, 42.244943371624416], [-89.09014454579652, 42.24429877092024], [-89.09044666178154, 42.244446677894416], [-89.09044709106699, 42.24448986502501], [-89.09047985685746, 42.24448968266659], [-89.09047988015145, 42.244491897403236], [-89.09111325592768, 42.2444883800415], [-89.0911125105437, 42.244413877979], [-89.09133595913296, 42.24441263918279], [-89.09133663309626, 42.24447994544896], [-89.09144109133294, 42.24447936478687], [-89.09144158366084, 42.24452833988967], [-89.09148698709045, 42.24452808637957], [-89.09148766956538, 42.244595553255635], [-89.09162923745174, 42.24459476874592], [-89.09162832854179, 42.2445047388299], [-89.0918542546487, 42.244507037486585], [-89.0918522316836, 42.244374596104024], [-89.09236980156993, 42.244371719357645], [-89.09236925233303, 42.244317240357], [-89.09231840758184, 42.244317900143095], [-89.09231778200977, 42.24425584249338], [-89.0926527463836, 42.2442539786579], [-89.09265387739887, 42.24436594590865], [-89.09274467842647, 42.24436544197141], [-89.0927447649359, 42.244373732818254], [-89.09275489828302, 42.24437367540661], [-89.09276036509755, 42.24491592131968], [-89.09266152968989, 42.24491646939824], [-89.0926616085066, 42.2449242332981], [-89.09239081522279, 42.24492573918979], [-89.09239076366309, 42.24492028885204], [-89.09030753898864, 42.24493584684701], [-89.0903076031032, 42.244942503350956], [-89.09015101435543, 42.244943371624416]]]]}, "properties": {"bid": 122117, "oz": "Y", "rerz": "N", "tif": "N"}}, {"type": "Feature", "geometry": {"type": "MultiPolygon", "coordinates": [[[[-89.07831108779084, 42.24618434757221], [-89.07831109850015, 42.24617534554057], [-89.07829816280373, 42.2461753339187], [-89.07829836252941, 42.246023851354536], [-89.07831248377057, 42.246023861878406], [-89.0783126961348, 42.24585875068544], [-89.07831489542741, 42.24585875509164], [-89.07831501275768, 42.24576588233878], [-89.07885935177866, 42.24576626783889], [-89.07885883867682, 42.24616564158657], [-89.07848418974947, 42.24616538034124], [-89.07848416078379, 42.246184471010324], [-89.07831108779084, 42.24618434757221]]]]}, "properties": {"bid": 122285, "oz": "N", "rerz": "N", "tif": "N"}}, {"type": "Feature", "geometry": {"type": "MultiPolygon", "coordinates": [[[[-89.07759984190524, 42.24610568566284], [-89.07759750130515, 42.245943847311736], [-89.07753031432726, 42.24594438239351], [-89.07752783913179, 42.24577331011778], [-89.0782662512723, 42.24576742006279], [-89.07826883662561, 42.24594638001517], [-89.07826279726547, 42.2459464256049], [-89.07826502579532, 42.2461003803558], [-89.07759984190524, 42.24610568566284]]]]}, "properties": {"bid": 122286, "oz": "N", "rerz": "N", "tif": "N"}}, {"type": "Feature", "geometry": {"type": "MultiPolygon", "coordinates": [[[[-89.07720793500197, 42.24577840112748], [-89.07735221271479, 42.245778697276904], [-89.07735161638375, 42.245939898542645], [-89.07720733823275, 42.24593960650377], [-89.07720793500197, 42.24577840112748]]]]}, "properties": {"bid": 122287, "oz": "N", "rerz": "N", "tif": "N"}}, {"type": "Feature", "geometry": {"type": "MultiPolygon", "coordinates": [[[[-89.07717255279171, 42.246054854882], [-89.07723120059401, 42.24605541201151], [-89.07722921683876, 42.24617069620842], [-89.0771705689297, 42.24617013907667], [-89.07717255279171, 42.246054854882]]]]}, "properties": {"bid": 122288, "oz": "N", "rerz": "N", "tif": "N"}}, {"type": "Feature", "geometry": {"type": "MultiPolygon", "coordinates": [[[[-89.07854333323687, 42.24674503344282], [-89.07854525539318, 42.24645977833446], [-89.07845124719012, 42.2464594296963], [-89.0784521167206, 42.246330197447925], [-89.07873567523679, 42.2463312494464], [-89.07873571517725, 42.24632570118537], [-89.07885253543084, 42.24632613836656], [-89.0788497115504, 42.24674617407051], [-89.07854333323687, 42.24674503344282]]]]}, "properties": {"bid": 122290, "oz": "N", "rerz": "N", "tif": "N"}}, {"type": "Feature", "geometry": {"type": "MultiPolygon", "coordinates": [[[[-89.07657985900984, 42.24746918876263], [-89.07658221005046, 42.2475482215802], [-89.07689742155053, 42.24754462720483], [-89.07690206935486, 42.24776961761372], [-89.07638158760348, 42.24777554980329], [-89.07638077506695, 42.247736195318886], [-89.0762298709128, 42.247737917730625], [-89.07622916508151, 42.247703631302386], [-89.07545776075554, 42.24771242137936], [-89.07545623115526, 42.24763820408172], [-89.0756544514728, 42.247635944934004], [-89.07565369441204, 42.24759918417845], [-89.07545546867041, 42.247601443273496], [-89.07545124296884, 42.24739661797673], [-89.0757664647913, 42.24739302680735], [-89.07576746969437, 42.247441772180906], [-89.0761127305274, 42.247437840128626], [-89.0761128091824, 42.24744163601353], [-89.07628671968855, 42.24743965089645], [-89.07628932510073, 42.247470440151055], [-89.07657985900984, 42.24746918876263]]]]}, "properties": {"bid": 122291, "oz": "N", "rerz": "N", "tif": "N"}}, {"type": "Feature", "geometry": {"type": "MultiPolygon", "coordinates": [[[[-89.07549034463875, 42.24686820640727], [-89.07598001883035, 42.24686437677648], [-89.07597518487457, 42.24720895972152], [-89.07548922708347, 42.24721301403115], [-89.07549034463875, 42.24686820640727]]]]}, "properties": {"bid": 122293, "oz": "N", "rerz": "N", "tif": "N"}}, {"type": "Feature", "geometry": {"type": "MultiPolygon", "coordinates": [[[[-89.07175524559213, 42.24623922871228], [-89.07175524365691, 42.24623421516113], [-89.07157950850456, 42.2462342578392], [-89.071579471477, 42.24614639717824], [-89.07159749316457, 42.246146392262425], [-89.07159745760272, 42.24607221798225], [-89.07138900351545, 42.246072273129], [-89.07138899984335, 42.24606704140254], [-89.07058708877803, 42.24606723795166], [-89.07058698920707, 42.24584802872163], [-89.07117836118626, 42.245847883485226], [-89.07117836249486, 42.245844285938], [-89.07138806225288, 42.2458442348368], [-89.07138806981082, 42.24585628714572], [-89.0719344738278, 42.245856148977566], [-89.07193457128865, 42.246072225766696], [-89.07199564989796, 42.246072211928386], [-89.07199572712248, 42.2462391657757], [-89.07175524559213, 42.24623922871228]]]]}, "properties": {"bid": 122307, "oz": "N", "rerz": "N", "tif": "N"}}, {"type": "Feature", "geometry": {"type": "MultiPolygon", "coordinates": [[[[-89.0712792834301, 42.246247139294546], [-89.07128155828687, 42.246156962713776], [-89.07150369191838, 42.24616005145268], [-89.07150142291684, 42.24625022809434], [-89.0712792834301, 42.246247139294546]]]]}, "properties": {"bid": 122308, "oz": "N", "rerz": "N", "tif": "N"}}, {"type": "Feature", "geometry": {"type": "MultiPolygon", "coordinates": [[[[-89.06909203078122, 42.24713223193024], [-89.06908758305748, 42.24687972635551], [-89.06900875139398, 42.24688049075756], [-89.06900822269844, 42.24685027278903], [-89.0690903069391, 42.24684947365641], [-89.06908387317611, 42.246484000526685], [-89.06915781728597, 42.24648327985572], [-89.0691584165407, 42.24651742123971], [-89.06943545906063, 42.24651472518758], [-89.06943513485066, 42.24649635148354], [-89.07011297139248, 42.24648975739896], [-89.0701187458901, 42.2468171904894], [-89.06957872121365, 42.24682244805505], [-89.06958086811129, 42.246944406904575], [-89.06943340553975, 42.246945840465855], [-89.06943663206309, 42.24712887758653], [-89.06909203078122, 42.24713223193024]]]]}, "properties": {"bid": 122311, "oz": "N", "rerz": "N", "tif": "N"}}, {"type": "Feature", "geometry": {"type": "MultiPolygon", "coordinates": [[[[-89.07680774224724, 42.24516062609043], [-89.07680868743519, 42.24510571670151], [-89.07677069544538, 42.24510535565808], [-89.07677083522336, 42.245097235719264], [-89.0767328432391, 42.24509687466337], [-89.07673319606126, 42.24507637932891], [-89.07666345456737, 42.245075716509795], [-89.0766640071441, 42.245043619499654], [-89.07673374860266, 42.245044282318034], [-89.07673410808354, 42.24502340012365], [-89.07684860457141, 42.24502448819855], [-89.07684847146274, 42.24503222127793], [-89.07686876632977, 42.24503241413077], [-89.07686786773759, 42.24508461961883], [-89.07684913485086, 42.245084441608725], [-89.07684893515209, 42.245096043285436], [-89.07684372849432, 42.24509599380838], [-89.07684261027283, 42.24516095743565], [-89.07680774224724, 42.24516062609043]]]]}, "properties": {"bid": 122542, "oz": "N", "rerz": "N", "tif": "N"}}, {"type": "Feature", "geometry": {"type": "MultiPolygon", "coordinates": [[[[-89.0760174897172, 42.245453666331805], [-89.07647110971038, 42.24545050428861], [-89.07647291942922, 42.24559378178545], [-89.07601929840921, 42.245596943823855], [-89.0760174897172, 42.245453666331805]]]]}, "properties": {"bid": 122566, "oz": "N", "rerz": "N", "tif": "N"}}, {"type": "Feature", "geometry": {"type": "MultiPolygon", "coordinates": [[[[-89.07171174677394, 42.24520928975288], [-89.07171177578428, 42.24520472927853], [-89.07180651929829, 42.245205053412676], [-89.0718064924177, 42.245209811485076], [-89.07198702191079, 42.24521043164574], [-89.07198529069133, 42.24549031270692], [-89.07151960896829, 42.2454887193288], [-89.07151954132517, 42.245499676010816], [-89.07131972762457, 42.24549899030301], [-89.07132153288093, 42.24520795505938], [-89.07171174677394, 42.24520928975288]]]]}, "properties": {"bid": 122636, "oz": "N", "rerz": "N", "tif": "N"}}, {"type": "Feature", "geometry": {"type": "MultiPolygon", "coordinates": [[[[-89.06862993622707, 42.2419248474231], [-89.06916530188956, 42.24192038935653], [-89.06916860552353, 42.24213952647905], [-89.0686332380077, 42.24214398453932], [-89.06862993622707, 42.2419248474231]]]]}, "properties": {"bid": 122695, "oz": "N", "rerz": "N", "tif": "N"}}, {"type": "Feature", "geometry": {"type": "MultiPolygon", "coordinates": [[[[-89.07156080996573, 42.24076678241545], [-89.07156005050501, 42.240725172683376], [-89.07165410590073, 42.240724218451994], [-89.07165486706013, 42.24076573352711], [-89.07196212625453, 42.24076262005859], [-89.07196613004493, 42.240980590728014], [-89.07115965286626, 42.24098876208115], [-89.07115992364211, 42.241003529492836], [-89.07090111504549, 42.24100615289121], [-89.07089711217749, 42.24078770060602], [-89.0711580805797, 42.24078506079967], [-89.07115781659446, 42.240770861488514], [-89.07156080996573, 42.24076678241545]]]]}, "properties": {"bid": 122696, "oz": "N", "rerz": "N", "tif": "N"}}, {"type": "Feature", "geometry": {"type": "MultiPolygon", "coordinates": [[[[-89.07130227555582, 42.24057395547776], [-89.07156620525548, 42.240570758522345], [-89.07156834747656, 42.240668547072126], [-89.07130441736918, 42.240671744027686], [-89.07130498231024, 42.240697368681055], [-89.0710912229971, 42.24069995351383], [-89.07108860302864, 42.24058051327296], [-89.07130236193849, 42.24057792844035], [-89.07130227555582, 42.24057395547776]]]]}, "properties": {"bid": 122697, "oz": "N", "rerz": "N", "tif": "N"}}, {"type": "Feature", "geometry": {"type": "MultiPolygon", "coordinates": [[[[-89.08083697471302, 42.24044545628335], [-89.08119636664743, 42.240444462228375], [-89.0811963859166, 42.24044786239702], [-89.08131637162012, 42.240447528461665], [-89.08131933092675, 42.24103826495023], [-89.08083994879664, 42.241039592901124], [-89.08083697471302, 42.24044545628335]]]]}, "properties": {"bid": 122956, "oz": "N", "rerz": "N", "tif": "Y"}}, {"type": "Feature", "geometry": {"type": "MultiPolygon", "coordinates": [[[[-89.08060707366947, 42.241030110422095], [-89.08060778012957, 42.24079835826443], [-89.08059956528449, 42.24079834221499], [-89.08060063543735, 42.24044816612919], [-89.08068252347348, 42.240448303548476], [-89.08068139110041, 42.240819253537566], [-89.08072110283713, 42.24081932084856], [-89.08072107583784, 42.24082800167097], [-89.08072600031642, 42.24082801125355], [-89.08072540024438, 42.24102386698945], [-89.08071987750594, 42.24102385585824], [-89.08071986113677, 42.241030301681334], [-89.08060707366947, 42.241030110422095]]]]}, "properties": {"bid": 122957, "oz": "N", "rerz": "N", "tif": "Y"}}, {"type": "Feature", "geometry": {"type": "MultiPolygon", "coordinates": [[[[-89.06864280056404, 42.24916320699316], [-89.06883121114004, 42.24916431098893], [-89.06882768893666, 42.2494958370461], [-89.06863928291355, 42.24949473308612], [-89.06864280056404, 42.24916320699316]]]]}, "properties": {"bid": 123584, "oz": "N", "rerz": "N", "tif": "N"}}, {"type": "Feature", "geometry": {"type": "MultiPolygon", "coordinates": [[[[-89.0686880998653, 42.2442197056536], [-89.06868923974956, 42.2440172447108], [-89.06858965048565, 42.244016933351226], [-89.0685901309775, 42.24393204951797], [-89.06868575384108, 42.24393234760065], [-89.06868568845834, 42.24394442391146], [-89.06900037098747, 42.24394540278022], [-89.069000737006, 42.243879872229826], [-89.06911816878419, 42.243880238732764], [-89.06911714769636, 42.244061864609705], [-89.06900708316472, 42.24406151922272], [-89.06900619054706, 42.24422069655702], [-89.0686880998653, 42.2442197056536]]]]}, "properties": {"bid": 124006, "oz": "N", "rerz": "N", "tif": "N"}}, {"type": "Feature", "geometry": {"type": "MultiPolygon", "coordinates": [[[[-89.06799332290912, 42.24274534590104], [-89.06791811017024, 42.24263490385226], [-89.06784335717774, 42.242635249641395], [-89.06784029884062, 42.242270722335306], [-89.06851667308372, 42.24226758530641], [-89.06851781175733, 42.24240316335936], [-89.06918157813783, 42.24240008280031], [-89.06918510735406, 42.24281938889669], [-89.06889478142563, 42.2428207347197], [-89.0688941019005, 42.24273978720215], [-89.06851650798667, 42.24274153980466], [-89.0685155521905, 42.24262735953335], [-89.06836713756466, 42.24262804994479], [-89.06836810960503, 42.24274415263906], [-89.06817441515372, 42.24274505129591], [-89.06817509679837, 42.24282614290315], [-89.0680148923259, 42.242826884579536], [-89.06791981629573, 42.24274568721497], [-89.06799332290912, 42.24274534590104]]]]}, "properties": {"bid": 124008, "oz": "N", "rerz": "N", "tif": "N"}}, {"type": "Feature", "geometry": {"type": "MultiPolygon", "coordinates": [[[[-89.0696385335475, 42.246358103615535], [-89.06963921170416, 42.24630649706436], [-89.06955962284835, 42.246305920954825], [-89.06956168236637, 42.246149026974905], [-89.06955766085434, 42.24614899673659], [-89.06955433653484, 42.24547444721775], [-89.0695894442528, 42.24547470073795], [-89.06959157916863, 42.24531216826093], [-89.06780058768132, 42.245317360394026], [-89.06779523256681, 42.244843563147754], [-89.06820257852158, 42.24484651871739], [-89.06820331680373, 42.24479055368259], [-89.06839061853022, 42.24479191530876], [-89.06839023293782, 42.24430538893894], [-89.06875365013228, 42.24430802476206], [-89.06875210106698, 42.24442579092933], [-89.06910759871506, 42.24442353386002], [-89.0691091801302, 42.24430322418339], [-89.06917640310225, 42.24430371107909], [-89.06917799182321, 42.24418265231998], [-89.06919104758965, 42.244182744326814], [-89.0691929346004, 42.244039041075865], [-89.06973296546194, 42.24403621389415], [-89.06973166684183, 42.24413483390739], [-89.06995872658466, 42.24413647856095], [-89.0699588045855, 42.24413069604292], [-89.07013976774181, 42.24413200654245], [-89.07013983788599, 42.244126676731376], [-89.0701924983514, 42.24412705672588], [-89.07019400163126, 42.24401241840361], [-89.07001670016272, 42.24401113477175], [-89.07001775625105, 42.24393096948394], [-89.06938559421641, 42.24393281777509], [-89.06938742171018, 42.24379348123508], [-89.06937365150904, 42.24379338241521], [-89.06936461564275, 42.24253745899385], [-89.06951545322241, 42.24253855220491], [-89.0695105414811, 42.24291281625151], [-89.06951646820366, 42.242912860601116], [-89.06951612824325, 42.242938554803274], [-89.06965419936186, 42.242939554515864], [-89.06965229998421, 42.243084356711115], [-89.06959094964773, 42.243083913925425], [-89.06959018825852, 42.24314224558336], [-89.06973462413514, 42.243143293735685], [-89.06973401658286, 42.24318987510699], [-89.06992088717124, 42.243191230100194], [-89.06992121292764, 42.2431663466537], [-89.07009554861637, 42.24316761030373], [-89.07009773590399, 42.24300100732732], [-89.07032104169414, 42.24300262359437], [-89.07030777402215, 42.2440142593487], [-89.07021978517811, 42.24401362398296], [-89.07021829408065, 42.24412724160397], [-89.07032039670081, 42.24412798307984], [-89.07031844323299, 42.24427727140333], [-89.07030282285432, 42.24427715912414], [-89.07030238074115, 42.24431068959542], [-89.07030649083126, 42.24431071653797], [-89.07030428841979, 42.24447853773379], [-89.07011758017887, 42.24447718491014], [-89.07012398527267, 42.24505737537981], [-89.07031184740433, 42.24505873511104], [-89.07030945413759, 42.24636145692693], [-89.07015035387721, 42.24636030220715], [-89.07015033332824, 42.24636180854006], [-89.0696385335475, 42.246358103615535]]]]}, "properties": {"bid": 124009, "oz": "N", "rerz": "N", "tif": "N"}}, {"type": "Feature", "geometry": {"type": "MultiPolygon", "coordinates": [[[[-89.06748677396516, 42.25237441971177], [-89.06749162816475, 42.251768162880474], [-89.0678247021865, 42.251769634157014], [-89.06782829283341, 42.25132022928195], [-89.06788324985635, 42.25132047182175], [-89.06788363791433, 42.25127226252638], [-89.06862550182377, 42.25127553575481], [-89.06862554491813, 42.251270176879], [-89.06869846268336, 42.25127049631992], [-89.06869670217863, 42.251490815367404], [-89.06855462238005, 42.25149018770057], [-89.0685528306317, 42.25171483256015], [-89.0685139394841, 42.251714657740834], [-89.06851372428687, 42.25174175260247], [-89.06853743568996, 42.251741860279616], [-89.06853727945995, 42.25176108553795], [-89.06851357351782, 42.25176098202925], [-89.06851302977448, 42.251829050481334], [-89.06843458237746, 42.2518287067817], [-89.06843423282203, 42.251872804363714], [-89.06829009131091, 42.251872164856266], [-89.06829012509003, 42.25186798312418], [-89.06817794418302, 42.2518674890419], [-89.06817397564781, 42.25236434589719], [-89.06808499031342, 42.2523639545293], [-89.06808502489274, 42.25235972752713], [-89.06796382930654, 42.25235919627339], [-89.06796380025207, 42.25236278531802], [-89.06787528032388, 42.252362394129925], [-89.06787524504895, 42.25236634122398], [-89.06776945656003, 42.25236587505703], [-89.06776937521764, 42.25237566670802], [-89.06748677396516, 42.25237441971177]]]]}, "properties": {"bid": 124014, "oz": "N", "rerz": "N", "tif": "Y"}}, {"type": "Feature", "geometry": {"type": "MultiPolygon", "coordinates": [[[[-89.0676867405626, 42.24433954433525], [-89.06768842854399, 42.24404824044956], [-89.06790696747834, 42.24404893899619], [-89.06790735925509, 42.243980712587316], [-89.06823271051246, 42.243981754613465], [-89.068232880675, 42.243952786413864], [-89.06816022463536, 42.24395255564106], [-89.06816055225508, 42.24389599393161], [-89.06830902165146, 42.243896469203584], [-89.06830869416436, 42.243953030915016], [-89.06826781271867, 42.24395289870365], [-89.06826766585391, 42.24397892815827], [-89.06831135027734, 42.243979070749205], [-89.06831124428425, 42.24399795486867], [-89.06838962815773, 42.24399820746829], [-89.06838999239159, 42.24393505195319], [-89.06856631444938, 42.24393561661949], [-89.06856449712184, 42.24424898625146], [-89.06839140373165, 42.24424843191853], [-89.06839243051557, 42.2440717085091], [-89.06831074494292, 42.24407144898788], [-89.0683097171992, 42.24424917262397], [-89.06792532797833, 42.24434031147601], [-89.0676867405626, 42.24433954433525]]]]}, "properties": {"bid": 124015, "oz": "N", "rerz": "N", "tif": "N"}}, {"type": "Feature", "geometry": {"type": "MultiPolygon", "coordinates": [[[[-89.06806277099379, 42.24439875692006], [-89.06827855257879, 42.24439848162118], [-89.06827902992298, 42.24460631732734], [-89.06776758993321, 42.24460696658281], [-89.067767338792, 42.244495995500536], [-89.06781281243983, 42.24447063086041], [-89.06806293095521, 42.2444703145011], [-89.06806277099379, 42.24439875692006]]]]}, "properties": {"bid": 124016, "oz": "N", "rerz": "N", "tif": "N"}}, {"type": "Feature", "geometry": {"type": "MultiPolygon", "coordinates": [[[[-89.08240325463808, 42.24097743891211], [-89.08240313727855, 42.2409645581942], [-89.08233716658631, 42.240964897676484], [-89.0823371143379, 42.24095953788238], [-89.08135671140283, 42.24096459696645], [-89.08135457762617, 42.240736473109166], [-89.08144946142112, 42.2407359838127], [-89.08144671715827, 42.240442612303525], [-89.08248534283504, 42.24043725079153], [-89.08248518045494, 42.240420204046124], [-89.08280319227921, 42.24041855856214], [-89.08280334034761, 42.24043418096464], [-89.08392048973974, 42.240428404212], [-89.08392220961235, 42.24061194562972], [-89.08387681484335, 42.24061217976696], [-89.08387811457044, 42.240750632405486], [-89.08382335709437, 42.24075091396069], [-89.08382522459267, 42.24094977728242], [-89.0825669890893, 42.24095628175845], [-89.08256711051364, 42.24096957413529], [-89.08250244167904, 42.24096990955381], [-89.08250250438597, 42.24097692416153], [-89.08240325463808, 42.24097743891211]]]]}, "properties": {"bid": 124018, "oz": "N", "rerz": "N", "tif": "Y"}}, {"type": "Feature", "geometry": {"type": "MultiPolygon", "coordinates": [[[[-89.08554376814683, 42.240540613291316], [-89.08580866481938, 42.24054173526235], [-89.08580747151655, 42.24069797521994], [-89.08554256858162, 42.24069685730203], [-89.08554376814683, 42.240540613291316]]]]}, "properties": {"bid": 124019, "oz": "N", "rerz": "N", "tif": "Y"}}, {"type": "Feature", "geometry": {"type": "MultiPolygon", "coordinates": [[[[-89.0861664028195, 42.24233494370483], [-89.08615867656631, 42.24200534395782], [-89.08615110972852, 42.242005326178486], [-89.08615180487978, 42.2418477190927], [-89.08615730000281, 42.24184772970223], [-89.08615827728204, 42.2416271637839], [-89.08630836650573, 42.24162753220958], [-89.08630854731717, 42.241587063375334], [-89.0863788141857, 42.24158723544051], [-89.08637877670374, 42.241594627793475], [-89.08646015002729, 42.24159482621663], [-89.08646021227239, 42.24158046124379], [-89.08650139194079, 42.24158056096074], [-89.08650135043433, 42.24158981380103], [-89.0867392884968, 42.241590391587906], [-89.08673699891973, 42.2421111688638], [-89.08667533413283, 42.24211102039477], [-89.08667436734295, 42.24232977527149], [-89.0861664028195, 42.24233494370483]]]]}, "properties": {"bid": 124020, "oz": "N", "rerz": "N", "tif": "N"}}, {"type": "Feature", "geometry": {"type": "MultiPolygon", "coordinates": [[[[-89.08567774762041, 42.24098058148197], [-89.08567586491085, 42.240872155208514], [-89.0856397356778, 42.240872502072676], [-89.08563917554433, 42.24084041507991], [-89.08567530475908, 42.240840068215725], [-89.08567385799795, 42.240757051275395], [-89.08576745810679, 42.240756151150315], [-89.08576703555656, 42.24073157753106], [-89.08580350824502, 42.24073122563105], [-89.08580393634803, 42.24075579930253], [-89.0858649032913, 42.24075521309261], [-89.08586427138998, 42.240718885731006], [-89.08591274461006, 42.24071842049565], [-89.0859133765392, 42.24075474785731], [-89.08593528893317, 42.24075453860849], [-89.08593444200659, 42.24070581532293], [-89.08594978346093, 42.24070566763766], [-89.08594731843168, 42.24056414568994], [-89.08610340862585, 42.24056264454192], [-89.08610415916674, 42.24060566185711], [-89.08617774701969, 42.24060495565115], [-89.08617979264427, 42.240722389717895], [-89.08617044041345, 42.24072247860597], [-89.0861709568515, 42.24075227245857], [-89.08626032964204, 42.24075141031255], [-89.08625989597226, 42.24072650317723], [-89.08644525110509, 42.24072472156096], [-89.08644493008872, 42.24070619560745], [-89.08647730838085, 42.24070588313662], [-89.08647440660002, 42.240539235874394], [-89.08643429949541, 42.24053962373145], [-89.08643321448623, 42.240477232397936], [-89.08647332148112, 42.24047684865633], [-89.08647277541928, 42.24044553564409], [-89.08669972154304, 42.2404433550223], [-89.08670890917715, 42.24097066587183], [-89.08567774762041, 42.24098058148197]]]]}, "properties": {"bid": 124022, "oz": "N", "rerz": "N", "tif": "Y"}}, {"type": "Feature", "geometry": {"type": "MultiPolygon", "coordinates": [[[[-89.06766605720352, 42.247859623620585], [-89.06766580142413, 42.247833508001875], [-89.06735661580645, 42.24783518367567], [-89.06734814912538, 42.24697319093402], [-89.06745492731284, 42.246972613210225], [-89.06745330189784, 42.2468071346308], [-89.06804604905362, 42.24680391925122], [-89.06805142618391, 42.247350614439384], [-89.0679680287567, 42.24735106683411], [-89.06797301561102, 42.247857958705225], [-89.06766605720352, 42.247859623620585]]]]}, "properties": {"bid": 124860, "oz": "N", "rerz": "N", "tif": "N"}}, {"type": "Feature", "geometry": {"type": "MultiPolygon", "coordinates": [[[[-89.06589827765039, 42.24053246463161], [-89.06613670051298, 42.24053039782106], [-89.06613924080612, 42.24069245245173], [-89.06590081740474, 42.24069451514487], [-89.06589827765039, 42.24053246463161]]]]}, "properties": {"bid": 125282, "oz": "N", "rerz": "N", "tif": "Y"}}, {"type": "Feature", "geometry": {"type": "MultiPolygon", "coordinates": [[[[-89.06440861608834, 42.2403784820461], [-89.06446042974336, 42.240378638369535], [-89.06446022243989, 42.240416645404245], [-89.06440840328685, 42.2404164849116], [-89.06440861608834, 42.2403784820461]]]]}, "properties": {"bid": 125283, "oz": "N", "rerz": "N", "tif": "Y"}}, {"type": "Feature", "geometry": {"type": "MultiPolygon", "coordinates": [[[[-89.06761070451046, 42.25082680205718], [-89.06760802268494, 42.25071289764585], [-89.06749030159234, 42.25071442436433], [-89.06748388858792, 42.2504417800838], [-89.0676240859636, 42.25043996247658], [-89.06761841749429, 42.25019907355663], [-89.06814107330597, 42.25019228410675], [-89.06814721768863, 42.25045343337149], [-89.06779107441488, 42.25045805625015], [-89.06779165394032, 42.250482758987346], [-89.06782287550175, 42.25048235015562], [-89.06782402192152, 42.25053120805414], [-89.06779280594691, 42.250531612823465], [-89.06779452764982, 42.25060477826293], [-89.06760911017332, 42.25060718354191], [-89.06761063348439, 42.25067197885255], [-89.06770178238658, 42.25067079423186], [-89.06770542241958, 42.25082557342943], [-89.06761070451046, 42.25082680205718]]]]}, "properties": {"bid": 125306, "oz": "N", "rerz": "N", "tif": "Y"}}, {"type": "Feature", "geometry": {"type": "MultiPolygon", "coordinates": [[[[-89.08717588195249, 42.244054346111085], [-89.0871753455204, 42.24401107563703], [-89.08702562016184, 42.244012103037335], [-89.08702351391234, 42.24384257790833], [-89.08712305348853, 42.24384189724764], [-89.08712303030725, 42.24384000769153], [-89.0882370638832, 42.24383236089504], [-89.0882371206215, 42.243836835743075], [-89.08833006714404, 42.24383619494314], [-89.08833112075476, 42.24392070641598], [-89.0882371103559, 42.24392135367742], [-89.0882371936057, 42.24392817501136], [-89.08800228957817, 42.243929785742615], [-89.0880032408756, 42.244006294352296], [-89.08730920430841, 42.244011055369626], [-89.08730973397073, 42.244053428446975], [-89.08717588195249, 42.244054346111085]]]]}, "properties": {"bid": 131840, "oz": "Y", "rerz": "N", "tif": "N"}}, {"type": "Feature", "geometry": {"type": "MultiPolygon", "coordinates": [[[[-89.07136733061714, 42.25482819868457], [-89.07181596415568, 42.25482219210144], [-89.07182171528473, 42.2550592286908], [-89.07137308006546, 42.25506523527668], [-89.07136733061714, 42.25482819868457]]]]}, "properties": {"bid": 132043, "oz": "N", "rerz": "N", "tif": "Y"}}, {"type": "Feature", "geometry": {"type": "MultiPolygon", "coordinates": [[[[-89.08304707853365, 42.255584767033746], [-89.08334113537218, 42.25558445390515], [-89.08334158110031, 42.25581349560017], [-89.08260728408474, 42.25581427881892], [-89.08260736638815, 42.25585864395348], [-89.08247574119301, 42.255858782701345], [-89.08247535632226, 42.25565968691054], [-89.08304722467956, 42.25565907809822], [-89.08304707853365, 42.255584767033746]]]]}, "properties": {"bid": 132083, "oz": "N", "rerz": "Y", "tif": "Y"}}, {"type": "Feature", "geometry": {"type": "MultiPolygon", "coordinates": [[[[-89.0749377757863, 42.25619212840587], [-89.07493630644002, 42.2560184110133], [-89.0748993958184, 42.256018582387945], [-89.07489878211028, 42.25594527123744], [-89.07496550489677, 42.25594495969238], [-89.07496492773392, 42.25587691350192], [-89.0749493345874, 42.25587698322189], [-89.07494916403506, 42.25585731853671], [-89.07496476278764, 42.25585724475394], [-89.07496467341613, 42.255846364800824], [-89.07516015347296, 42.255845455287044], [-89.07516163269656, 42.25602120617718], [-89.07516322301724, 42.256021200732356], [-89.07516465963079, 42.256191069169894], [-89.0749377757863, 42.25619212840587]]]]}, "properties": {"bid": 132088, "oz": "N", "rerz": "N", "tif": "Y"}}, {"type": "Feature", "geometry": {"type": "MultiPolygon", "coordinates": [[[[-89.07374800930053, 42.25682467172992], [-89.07373898303463, 42.25659494325402], [-89.07409593874073, 42.25668389549985], [-89.07435434437278, 42.256762905896885], [-89.07449572927713, 42.256824398290206], [-89.07450015588951, 42.25681865307845], [-89.07515906358233, 42.25712307454648], [-89.07515645439, 42.25739965381033], [-89.07374800930053, 42.25682467172992]]]]}, "properties": {"bid": 133336, "oz": "N", "rerz": "N", "tif": "Y"}}, {"type": "Feature", "geometry": {"type": "MultiPolygon", "coordinates": [[[[-89.0745734248909, 42.2563780248544], [-89.07465168187412, 42.25637785214383], [-89.07476538029783, 42.256469099973515], [-89.07474525278882, 42.25649400065419], [-89.07516187036435, 42.256688213026145], [-89.07516127635857, 42.25693662379475], [-89.07516092152457, 42.25705711375984], [-89.07457505318314, 42.2567852266244], [-89.0745734248909, 42.2563780248544]]]]}, "properties": {"bid": 133337, "oz": "N", "rerz": "N", "tif": "Y"}}, {"type": "Feature", "geometry": {"type": "MultiPolygon", "coordinates": [[[[-89.07430214693842, 42.256660932188886], [-89.07429997754376, 42.25658919096098], [-89.0741683498728, 42.25658970706695], [-89.07416715347092, 42.256583904184644], [-89.07385991592828, 42.25644911052244], [-89.07386279315196, 42.25637232975818], [-89.07456007572303, 42.256369743551176], [-89.0745628671359, 42.25678499532475], [-89.07430214693842, 42.256660932188886]]]]}, "properties": {"bid": 133338, "oz": "N", "rerz": "N", "tif": "Y"}}, {"type": "Feature", "geometry": {"type": "MultiPolygon", "coordinates": [[[[-89.07380445331286, 42.25637456460134], [-89.07385297728382, 42.2563744260374], [-89.07385338419367, 42.25645129983914], [-89.07380674103933, 42.256432040239126], [-89.07380445331286, 42.25637456460134]]]]}, "properties": {"bid": 133339, "oz": "N", "rerz": "N", "tif": "Y"}}, {"type": "Feature", "geometry": {"type": "MultiPolygon", "coordinates": [[[[-89.07351217080357, 42.25664373996485], [-89.07336794515861, 42.256584149772756], [-89.07333410734542, 42.25662934405203], [-89.07322638528909, 42.25658483354619], [-89.07322502419072, 42.25658664404256], [-89.0720910237657, 42.2561165371753], [-89.07225796776869, 42.25589429592411], [-89.07226262195917, 42.25589622555593], [-89.07228287460403, 42.25586926017487], [-89.0723332840434, 42.255890157533685], [-89.07231302587302, 42.25591712287085], [-89.07273182222187, 42.256090738611164], [-89.07274931843855, 42.25606744319739], [-89.07278491828112, 42.256082201797085], [-89.07279795672258, 42.25606484468578], [-89.07284024635378, 42.256082375533076], [-89.07282953889879, 42.25609662657464], [-89.0728947256062, 42.25612364957785], [-89.07289915494388, 42.25611775215423], [-89.07293329700366, 42.2561319040724], [-89.07292198270304, 42.25614696434138], [-89.07309124620565, 42.25621713373296], [-89.07311838908875, 42.256181005401366], [-89.07349987280634, 42.25633914787068], [-89.07348924479078, 42.25635329682584], [-89.0734770424991, 42.25634823696047], [-89.07345765232482, 42.256374050005874], [-89.07349251534022, 42.25638850087975], [-89.07345390507226, 42.256439902202615], [-89.07346316957246, 42.25644374448586], [-89.07344063748474, 42.25647373844396], [-89.07351216255589, 42.25650339002235], [-89.07351217080357, 42.25664373996485]]]]}, "properties": {"bid": 133345, "oz": "N", "rerz": "N", "tif": "Y"}}, {"type": "Feature", "geometry": {"type": "MultiPolygon", "coordinates": [[[[-89.0757059993227, 42.257264561893116], [-89.07581360509266, 42.257125680182654], [-89.07587574889882, 42.257152248578855], [-89.07576814314668, 42.25729113446356], [-89.0757059993227, 42.257264561893116]]]]}, "properties": {"bid": 133346, "oz": "N", "rerz": "N", "tif": "Y"}}, {"type": "Feature", "geometry": {"type": "MultiPolygon", "coordinates": [[[[-89.07681502823112, 42.25723762462979], [-89.07627670371409, 42.2570329379624], [-89.07627524887543, 42.2570350480859], [-89.07616966527945, 42.25699489914379], [-89.07616886724847, 42.256896506286154], [-89.07622256955003, 42.2568955680244], [-89.07621907124049, 42.25678441398515], [-89.07649742957516, 42.25678641417025], [-89.0764983511753, 42.256715542067084], [-89.0765917040945, 42.25671621540403], [-89.07659161788096, 42.256722829308664], [-89.07681232977929, 42.256724416605884], [-89.07681002316532, 42.25690147747555], [-89.07681502823112, 42.25723762462979]]]]}, "properties": {"bid": 133347, "oz": "N", "rerz": "N", "tif": "Y"}}, {"type": "Feature", "geometry": {"type": "MultiPolygon", "coordinates": [[[[-89.07542264284105, 42.25672611865021], [-89.07542415620632, 42.256663414601256], [-89.07540509859155, 42.25666387538488], [-89.0754031921683, 42.25662051372008], [-89.07564052728436, 42.25661947890369], [-89.07564038376006, 42.25660176967093], [-89.07559671804277, 42.25660196344449], [-89.07559578772364, 42.25648429729813], [-89.07551648041739, 42.256484641772], [-89.0755165580764, 42.256494599584734], [-89.0754086188048, 42.256495066713306], [-89.07540764798198, 42.2563720573584], [-89.07551706664458, 42.25637157960897], [-89.07551700933887, 42.256363976452796], [-89.0755855608361, 42.256363677831025], [-89.07558560619529, 42.2563700460152], [-89.07562469452137, 42.25636987867325], [-89.07562463905944, 42.2563628106399], [-89.07598758352204, 42.25636122888796], [-89.07598764451723, 42.256369264279506], [-89.07646303316743, 42.25636719444503], [-89.07646434586735, 42.25653352175848], [-89.0762772431822, 42.256534336147254], [-89.07627837381034, 42.25667743404212], [-89.07600621433001, 42.25667876053765], [-89.07600697488847, 42.2568860593058], [-89.07573216235741, 42.25682909107502], [-89.07573193006546, 42.25679242180872], [-89.07565838079573, 42.25678914950936], [-89.07542264284105, 42.25672611865021]]]]}, "properties": {"bid": 133349, "oz": "N", "rerz": "N", "tif": "Y"}}, {"type": "Feature", "geometry": {"type": "MultiPolygon", "coordinates": [[[[-89.10662335431961, 42.2680007181744], [-89.1057076933422, 42.26777920058777], [-89.10580692488682, 42.26755291311669], [-89.10672309081322, 42.267774549833916], [-89.10668506716256, 42.26786125169608], [-89.10669450005422, 42.26786353281429], [-89.10666200208485, 42.26793763668815], [-89.10665207241965, 42.26793523572208], [-89.10662335431961, 42.2680007181744]]]]}, "properties": {"bid": 144679, "oz": "N", "rerz": "Y", "tif": "N"}}, {"type": "Feature", "geometry": {"type": "MultiPolygon", "coordinates": [[[[-89.10026273411596, 42.263399019174], [-89.1002999462407, 42.26316288169477], [-89.10081332819888, 42.26320751963036], [-89.10077611234719, 42.26344366135976], [-89.10026273411596, 42.263399019174]]]]}, "properties": {"bid": 144879, "oz": "N", "rerz": "Y", "tif": "N"}}, {"type": "Feature", "geometry": {"type": "MultiPolygon", "coordinates": [[[[-89.10445817984822, 42.267787724883725], [-89.10452166109332, 42.26763859467422], [-89.10470997461539, 42.26768281363912], [-89.10459632257401, 42.2679498156664], [-89.10444674321785, 42.26791468985712], [-89.10447320775546, 42.267852521194136], [-89.10446954239423, 42.26785165988987], [-89.1044932492302, 42.267795961026586], [-89.10445817984822, 42.267787724883725]]]]}, "properties": {"bid": 144897, "oz": "N", "rerz": "Y", "tif": "N"}}, {"type": "Feature", "geometry": {"type": "MultiPolygon", "coordinates": [[[[-89.0981060935527, 42.264059614347254], [-89.09812830325842, 42.26403013531435], [-89.09846983272068, 42.26417209857335], [-89.0984689144902, 42.264173312529365], [-89.09872105501749, 42.26427812110106], [-89.09854270362945, 42.26451485343724], [-89.09819934515436, 42.26437213244409], [-89.0982540814639, 42.26429948944896], [-89.09815797227284, 42.264259539577274], [-89.09820173998335, 42.26420143981748], [-89.09816124377602, 42.264184605973], [-89.09818149214591, 42.264157730670284], [-89.0981284767089, 42.26413569667293], [-89.0981060935527, 42.264059614347254]]]]}, "properties": {"bid": 144909, "oz": "N", "rerz": "Y", "tif": "N"}}, {"type": "Feature", "geometry": {"type": "MultiPolygon", "coordinates": [[[[-89.09711856987445, 42.2636684959005], [-89.09727862598282, 42.26364226598336], [-89.09731769845168, 42.26377380102153], [-89.0971576420245, 42.26380003098904], [-89.09711856987445, 42.2636684959005]]]]}, "properties": {"bid": 144910, "oz": "N", "rerz": "Y", "tif": "N"}}, {"type": "Feature", "geometry": {"type": "MultiPolygon", "coordinates": [[[[-89.0977976979381, 42.26495229605384], [-89.0977419524833, 42.26476774566422], [-89.0974560867256, 42.264812717434694], [-89.09742385489079, 42.26469968678326], [-89.09729230160377, 42.264720382969756], [-89.09729041815854, 42.2647137836167], [-89.09726309727738, 42.26471808547171], [-89.09728766452092, 42.264804244173945], [-89.09724924753851, 42.26481028660789], [-89.09725670244705, 42.26483643219894], [-89.09655827704024, 42.264946310626314], [-89.0964832911924, 42.264683335411604], [-89.09652994834296, 42.26467599532027], [-89.09646934370002, 42.26446345414346], [-89.0964450455945, 42.264467277721046], [-89.09636837106953, 42.26419837580154], [-89.09647559224051, 42.26418150805511], [-89.09648583996116, 42.26421910630882], [-89.09725171656947, 42.264103888835066], [-89.09723038487854, 42.264025659260824], [-89.09735744346543, 42.264006547125895], [-89.09731359031828, 42.26384571786731], [-89.09742026568617, 42.26376173786619], [-89.09749218935204, 42.26375091603573], [-89.09749102063782, 42.26374662018364], [-89.09755819420991, 42.26373651140504], [-89.09757499945316, 42.263871111137234], [-89.09767189040252, 42.26385653335745], [-89.09768093896943, 42.263889707771845], [-89.09773630687755, 42.26388137405809], [-89.09773016491634, 42.26385885474857], [-89.09778615494629, 42.263850432137076], [-89.09779229692676, 42.26387295144385], [-89.09793122198343, 42.2638520517083], [-89.09800884982907, 42.26413673474181], [-89.0980147444326, 42.26413584706353], [-89.09801724383709, 42.26414502476521], [-89.09801510489689, 42.26414534647722], [-89.09802508237362, 42.2641819377263], [-89.09802081564168, 42.264182577138236], [-89.09806170157061, 42.264332515842085], [-89.09806647390802, 42.264331798816116], [-89.09809366711661, 42.26443151174439], [-89.09839790113261, 42.26455458424641], [-89.09839543365325, 42.26455795300305], [-89.09849210082328, 42.26459705582047], [-89.09827125749464, 42.26489825486501], [-89.09781334597328, 42.26496223020355], [-89.0977976979381, 42.26495229605384]]]]}, "properties": {"bid": 144911, "oz": "N", "rerz": "Y", "tif": "N"}}, {"type": "Feature", "geometry": {"type": "MultiPolygon", "coordinates": [[[[-89.09874319450185, 42.263873903172474], [-89.09871200244876, 42.26386036267763], [-89.09870264149093, 42.26387225773858], [-89.09858076161936, 42.263819345074275], [-89.09884202985025, 42.26348732104788], [-89.09896390924264, 42.263540237548284], [-89.09878715061969, 42.2637648629432], [-89.09881834264262, 42.26377840341749], [-89.09874319450185, 42.263873903172474]]]]}, "properties": {"bid": 144912, "oz": "N", "rerz": "Y", "tif": "N"}}, {"type": "Feature", "geometry": {"type": "MultiPolygon", "coordinates": [[[[-89.09624359081803, 42.26086278218245], [-89.0962653335149, 42.260726911984904], [-89.09650879160722, 42.260748410848585], [-89.09652181561016, 42.26066703174031], [-89.09664564987125, 42.26067796731286], [-89.09664870398235, 42.26065890901686], [-89.09686630065057, 42.26067812418829], [-89.09680540160439, 42.2610586703612], [-89.09658779811029, 42.26103945500913], [-89.09660362857394, 42.26094055474771], [-89.09651958732789, 42.260933135238815], [-89.09652684291567, 42.260887797209094], [-89.09624359081803, 42.26086278218245]]]]}, "properties": {"bid": 144955, "oz": "N", "rerz": "Y", "tif": "N"}}, {"type": "Feature", "geometry": {"type": "MultiPolygon", "coordinates": [[[[-89.09375765744026, 42.25620578601446], [-89.09369471245229, 42.25618490426511], [-89.0937218240197, 42.25613979742937], [-89.09378476897237, 42.256160679163585], [-89.09381389301068, 42.25611223231623], [-89.09398435255822, 42.25616877806802], [-89.09408402846483, 42.25600295085702], [-89.09429146495636, 42.256071758369785], [-89.09429846084456, 42.256060117322654], [-89.09439404112932, 42.25609182076727], [-89.09438995313847, 42.256098619547934], [-89.09453482948888, 42.256170624452466], [-89.09448913133218, 42.25624665558246], [-89.0943349473639, 42.25619551091698], [-89.0943109322217, 42.2562354645599], [-89.09421580360379, 42.25620390933707], [-89.09419493566385, 42.25623862777069], [-89.09419651145733, 42.256239152915406], [-89.09408315708627, 42.25642774245829], [-89.0937005322023, 42.256300821422805], [-89.09375765744026, 42.25620578601446]]]]}, "properties": {"bid": 145184, "oz": "Y", "rerz": "Y", "tif": "Y"}}, {"type": "Feature", "geometry": {"type": "MultiPolygon", "coordinates": [[[[-89.0942409579952, 42.25737853659071], [-89.09426852952677, 42.25733114533124], [-89.09432367255802, 42.257348850199634], [-89.09435030810347, 42.25730306371699], [-89.09472295676584, 42.25742271068287], [-89.09470911123975, 42.25744650871438], [-89.0947126713299, 42.25744765336425], [-89.09469965911919, 42.25747001439885], [-89.09475370015826, 42.25748736711553], [-89.0947263514647, 42.25753437776766], [-89.0942409579952, 42.25737853659071]]]]}, "properties": {"bid": 145193, "oz": "Y", "rerz": "Y", "tif": "Y"}}, {"type": "Feature", "geometry": {"type": "MultiPolygon", "coordinates": [[[[-89.09367221737233, 42.257666318669834], [-89.09372801477308, 42.257626477296235], [-89.0938173290976, 42.25769551000097], [-89.09376153169043, 42.25773535141751], [-89.09367221737233, 42.257666318669834]]]]}, "properties": {"bid": 145194, "oz": "Y", "rerz": "Y", "tif": "Y"}}, {"type": "Feature", "geometry": {"type": "MultiPolygon", "coordinates": [[[[-89.09530742329737, 42.256083456094416], [-89.09517410601795, 42.25598845183137], [-89.09512952711044, 42.25602297359749], [-89.09496992576392, 42.255909237666366], [-89.09496435616649, 42.25591355290407], [-89.09492180065443, 42.25588322634654], [-89.09492715687563, 42.2558790778809], [-89.09492020937289, 42.25587412702819], [-89.09490025547146, 42.255889582099776], [-89.09483154923653, 42.25585095571564], [-89.0947913816446, 42.25588182635061], [-89.09471474724063, 42.25582680095768], [-89.09475448261055, 42.25579625972137], [-89.09464767428305, 42.2557195644887], [-89.09464956052602, 42.255718116754515], [-89.09445339087213, 42.25557726240254], [-89.09499657519856, 42.255156728853464], [-89.09520465538792, 42.255080383021], [-89.09523356184704, 42.25510099121925], [-89.09557746150712, 42.25495660910886], [-89.09560695010916, 42.25497752724914], [-89.09563127124373, 42.25483100781477], [-89.09518838810408, 42.254837832258836], [-89.095166685453, 42.25406016196292], [-89.09517102473092, 42.25406010783278], [-89.09666618494971, 42.25404443500747], [-89.09667250388365, 42.25437728038923], [-89.09578942542782, 42.25483042662653], [-89.09571139774862, 42.254831241572546], [-89.09568020937726, 42.255029639195236], [-89.09584617152407, 42.255147907852226], [-89.09584270751209, 42.255150588082216], [-89.09603237072116, 42.25528574425443], [-89.09592878583527, 42.255365965061955], [-89.09573832879647, 42.25523024150433], [-89.09519751026946, 42.25564907187162], [-89.09527754068189, 42.255706104445004], [-89.09529482756257, 42.25569271541979], [-89.09535191875243, 42.25573339814513], [-89.09541205489226, 42.2556868294354], [-89.09546573529713, 42.25572508461698], [-89.09533065757701, 42.25582969142854], [-89.09532390718749, 42.25582487827608], [-89.09525539401533, 42.25587793812747], [-89.09524999043599, 42.255874084278545], [-89.09524554369538, 42.2558775332702], [-89.09525494394131, 42.25588423170453], [-89.09523942557098, 42.25589625008712], [-89.09523066590789, 42.25589000630179], [-89.09521942002806, 42.255898722245774], [-89.09525605741456, 42.2559248319282], [-89.0952781053815, 42.25590775811138], [-89.09541152111788, 42.25600283726602], [-89.09530742329737, 42.256083456094416]]]]}, "properties": {"bid": 145730, "oz": "Y", "rerz": "Y", "tif": "Y"}}, {"type": "Feature", "geometry": {"type": "MultiPolygon", "coordinates": [[[[-89.10022871308608, 42.263784785205495], [-89.1003244764915, 42.26357927745571], [-89.10054914312815, 42.263637037790396], [-89.10056250489973, 42.26360835689144], [-89.10091712881896, 42.26369952965349], [-89.1009037671872, 42.26372821059492], [-89.10113173443506, 42.26378681958474], [-89.1011666846363, 42.26371180975959], [-89.10135888506623, 42.2637290598879], [-89.10130244094164, 42.264056081557875], [-89.10051688775026, 42.26385760046456], [-89.10022871308608, 42.263784785205495]]]]}, "properties": {"bid": 145750, "oz": "N", "rerz": "Y", "tif": "N"}}, {"type": "Feature", "geometry": {"type": "MultiPolygon", "coordinates": [[[[-89.10191579217826, 42.26421187897819], [-89.10175501515828, 42.26417099827336], [-89.10135124978198, 42.264068336101644], [-89.10140658241755, 42.2639972365855], [-89.10143112586961, 42.26384813733644], [-89.10139350638386, 42.263844721326976], [-89.10140667933975, 42.263764697306065], [-89.10144477458412, 42.26376815889225], [-89.1014485277183, 42.26374535711729], [-89.10149356146815, 42.26374944705475], [-89.10148837014329, 42.26378098238213], [-89.1015618162999, 42.26378765360864], [-89.10161924091838, 42.26343882919311], [-89.10224541730229, 42.26349570424797], [-89.10218900257682, 42.26383839287899], [-89.10191579217826, 42.26421187897819]]]]}, "properties": {"bid": 145751, "oz": "N", "rerz": "Y", "tif": "N"}}, {"type": "Feature", "geometry": {"type": "MultiPolygon", "coordinates": [[[[-89.09832037267071, 42.26367641338377], [-89.09821880085696, 42.26363184369776], [-89.0982033272894, 42.26365130083995], [-89.09801313838395, 42.26356784286702], [-89.0980476920609, 42.263524397381], [-89.09721761448664, 42.26316649498202], [-89.09734201558001, 42.2630100748218], [-89.09724912270022, 42.262970796300905], [-89.09738679980214, 42.26279114460963], [-89.09773884408258, 42.26294000393347], [-89.09770186529164, 42.2629882550197], [-89.09795803020351, 42.26309657274127], [-89.09791647871563, 42.26315079092336], [-89.09824555452201, 42.263289934460865], [-89.09831145416733, 42.26320393959298], [-89.0983166922183, 42.26320615762396], [-89.09847243658639, 42.263002930743546], [-89.09822808431258, 42.26289961014494], [-89.09824934988106, 42.26287186755139], [-89.09816188730859, 42.26283488368493], [-89.09816657334456, 42.2628287695215], [-89.09810432726437, 42.262802450989106], [-89.09827606719979, 42.26257835200529], [-89.09848196923737, 42.26266540939749], [-89.09849604418095, 42.262647046442424], [-89.09865540372894, 42.26271442679788], [-89.0986355811104, 42.26284087274757], [-89.09872857379041, 42.262880188122416], [-89.09869925083098, 42.26291845496683], [-89.0988234191051, 42.262970956618226], [-89.09879740327605, 42.26314194387045], [-89.09878575505627, 42.263137019459094], [-89.0987568229942, 42.263174775432304], [-89.09868639452661, 42.26314499751037], [-89.09855911800524, 42.263311081867926], [-89.09855530145913, 42.26334972618232], [-89.09854285008969, 42.263349046292866], [-89.098532729458, 42.26346371970749], [-89.09850485715009, 42.26346264509345], [-89.09851250818555, 42.26334753294354], [-89.09841222472438, 42.26334385333502], [-89.09829864523148, 42.26348666443056], [-89.09842462376487, 42.26354194534003], [-89.09832037267071, 42.26367641338377]]]]}, "properties": {"bid": 145752, "oz": "N", "rerz": "Y", "tif": "N"}}, {"type": "Feature", "geometry": {"type": "MultiPolygon", "coordinates": [[[[-89.09939462686079, 42.264110396172995], [-89.09948019397281, 42.264001335425355], [-89.0993402935764, 42.26394077674947], [-89.09936757920109, 42.263905684952014], [-89.09915832011205, 42.2638129957709], [-89.09913714644665, 42.26383923697414], [-89.09903164126867, 42.26379356529902], [-89.09896641078622, 42.263876706049594], [-89.09883946133351, 42.263821754223414], [-89.09905091367416, 42.26355223948069], [-89.09924668464733, 42.263636986666], [-89.09926193605865, 42.26361753966309], [-89.09932967431291, 42.26364685999237], [-89.0993145649107, 42.26367102959861], [-89.0994956543748, 42.26375955009575], [-89.09944848568193, 42.26381797681579], [-89.09976851810347, 42.263956513180766], [-89.09968266327054, 42.26407609657192], [-89.09968040221348, 42.264075116462124], [-89.09954826020605, 42.26424353989933], [-89.0993877454876, 42.26417405490021], [-89.09939404302948, 42.264166033423955], [-89.09938387087632, 42.264161633218706], [-89.09941660501076, 42.26411990742241], [-89.09939462686079, 42.264110396172995]]]]}, "properties": {"bid": 145753, "oz": "N", "rerz": "Y", "tif": "N"}}, {"type": "Feature", "geometry": {"type": "MultiPolygon", "coordinates": [[[[-89.09329055754716, 42.25650396380057], [-89.09318160454733, 42.25646717836247], [-89.09317378001913, 42.25647996411863], [-89.093120625799, 42.25646201799377], [-89.09312845033558, 42.256449232241316], [-89.09267978654854, 42.256297753911525], [-89.09282361062718, 42.256062670494636], [-89.0930686758937, 42.25614541188613], [-89.09309549485558, 42.25610157436466], [-89.0929017158417, 42.2560361484777], [-89.0929188466907, 42.25600814996907], [-89.09273840901206, 42.25595032373111], [-89.09275267916223, 42.25592699503894], [-89.09293154951568, 42.25598738743563], [-89.09304235845364, 42.25580626667165], [-89.09296428077313, 42.25577990826073], [-89.09299510601414, 42.25572951823666], [-89.0930660931616, 42.25575348459747], [-89.09309654787978, 42.255703700274246], [-89.09316581059481, 42.255727086511556], [-89.09322781383445, 42.25562573749505], [-89.09339816095896, 42.25568325037336], [-89.09342515050567, 42.25563913034934], [-89.0937639833992, 42.25575352454], [-89.0937890350701, 42.25571257635354], [-89.09381451561435, 42.255721178839195], [-89.09383235267148, 42.25569202191432], [-89.09386965617693, 42.2557046165629], [-89.09385181920297, 42.25573376937812], [-89.0940105094355, 42.25578734835323], [-89.09397905827291, 42.25583875361368], [-89.09396684410217, 42.25583463019111], [-89.09389857317555, 42.25594622793369], [-89.09386068549416, 42.255933438484966], [-89.09383634615888, 42.25597322023309], [-89.09377338002268, 42.25595196375473], [-89.09374213353536, 42.25600304568346], [-89.09370069237984, 42.25598905393699], [-89.09366199186536, 42.25605231590548], [-89.09360186857397, 42.256032016192265], [-89.09354603159458, 42.256123289027755], [-89.093603268115, 42.256142610917586], [-89.09356916637418, 42.256198354429046], [-89.09357855433812, 42.256201521188366], [-89.09356912277418, 42.256216938649736], [-89.09355973480847, 42.256213771889605], [-89.0935380963619, 42.25624914158457], [-89.09348092589747, 42.25622984086153], [-89.09342991028225, 42.25626647919696], [-89.09343483014955, 42.25626813878785], [-89.09329055754716, 42.25650396380057]]]]}, "properties": {"bid": 145764, "oz": "Y", "rerz": "Y", "tif": "Y"}}, {"type": "Feature", "geometry": {"type": "MultiPolygon", "coordinates": [[[[-89.09294495112522, 42.25559360520271], [-89.09284851618368, 42.255561089889405], [-89.09288663731901, 42.255498695400355], [-89.09301264063077, 42.25554118114834], [-89.09298676683187, 42.25558353332418], [-89.09295719837203, 42.255573562850145], [-89.09294495112522, 42.25559360520271]]]]}, "properties": {"bid": 145777, "oz": "Y", "rerz": "Y", "tif": "Y"}}, {"type": "Feature", "geometry": {"type": "MultiPolygon", "coordinates": [[[[-89.08717430369133, 42.24042827511057], [-89.08758159921364, 42.240425114593286], [-89.0875821569956, 42.24046487416848], [-89.08717486121749, 42.240468034684795], [-89.08717430369133, 42.24042827511057]]]]}, "properties": {"bid": 157671, "oz": "Y", "rerz": "N", "tif": "Y"}}, {"type": "Feature", "geometry": {"type": "MultiPolygon", "coordinates": [[[[-89.1003882871491, 42.240560644627735], [-89.10057364743169, 42.24056212906816], [-89.10057104735888, 42.24074157570823], [-89.10031303443034, 42.240739506328445], [-89.10031504154142, 42.24060123684915], [-89.1003876880344, 42.240601817608315], [-89.1003882871491, 42.240560644627735]]]]}, "properties": {"bid": 157674, "oz": "Y", "rerz": "N", "tif": "N"}}, {"type": "Feature", "geometry": {"type": "MultiPolygon", "coordinates": [[[[-89.100881391394, 42.241217313676245], [-89.10088191841886, 42.24113399828678], [-89.10085130307371, 42.241133890774165], [-89.10085296694196, 42.24087277809531], [-89.10088358216089, 42.24087288560606], [-89.10088363977503, 42.240863208935394], [-89.10086339946167, 42.240863140212824], [-89.10086405558216, 42.240759977660744], [-89.10105519129733, 42.24076064647508], [-89.1010553380662, 42.24073711135823], [-89.1011050966326, 42.24073728965486], [-89.10110574306917, 42.24063566647045], [-89.1012682961362, 42.24063623813016], [-89.10126901267311, 42.24052285970165], [-89.10103818395058, 42.24052204883501], [-89.10103813447219, 42.24052992679874], [-89.10055908394985, 42.24052824489672], [-89.10056025707587, 42.2403437302817], [-89.10051345672808, 42.240343562784346], [-89.1005131852871, 42.24038633590231], [-89.10019847747665, 42.24038522927989], [-89.10019841420225, 42.24039589378821], [-89.10004613691983, 42.240395358553045], [-89.10004725587035, 42.24022039715892], [-89.09999996808276, 42.24022023315129], [-89.10000031087638, 42.240166009404724], [-89.10004759855418, 42.24016617752731], [-89.10004814988937, 42.24008016623836], [-89.1000063736692, 42.24008002056216], [-89.10000689838667, 42.239997894725946], [-89.10005962539296, 42.239998080502], [-89.10006096774651, 42.239787487151546], [-89.0999916512874, 42.23978724175814], [-89.09999200422122, 42.239731429245225], [-89.10006132615781, 42.23973167468926], [-89.10006437857209, 42.239252473409366], [-89.10006133203461, 42.23925246565764], [-89.1000627660055, 42.239027219426426], [-89.10031725763477, 42.23902811230944], [-89.10031815931191, 42.238886728889774], [-89.10046726467853, 42.23888725073382], [-89.10046616654165, 42.23906006370589], [-89.1004619180866, 42.239060048907454], [-89.10045781048788, 42.23970541177773], [-89.100568958229, 42.23970580288697], [-89.10056880622321, 42.23973029703497], [-89.10059805826056, 42.23973040018171], [-89.10059852018496, 42.2396578809851], [-89.10055108333933, 42.23965771170385], [-89.10055185612262, 42.239536130181286], [-89.1006847445444, 42.23953659566879], [-89.10068439208716, 42.23959241642373], [-89.1008539328157, 42.23959301245065], [-89.10085414279972, 42.2395598007089], [-89.10086477232996, 42.239559837746555], [-89.10086510486765, 42.23950749500223], [-89.10089462819319, 42.2395076005942], [-89.10089429567991, 42.23955994333886], [-89.1009067032257, 42.23955998866285], [-89.10090666954122, 42.23956495249833], [-89.10093469187541, 42.23956504824805], [-89.10093536494223, 42.23945922264266], [-89.10097669767805, 42.239459363858685], [-89.10097709575105, 42.239396537736376], [-89.10094927848648, 42.23939643978652], [-89.10094958274384, 42.23934840644893], [-89.1009773999873, 42.2393485043985], [-89.1009774299237, 42.23934409210005], [-89.10114898623495, 42.23934469406959], [-89.10114928618374, 42.23929723696006], [-89.10125602967568, 42.23929761118126], [-89.10125618688114, 42.23927279189776], [-89.101350124, 42.23927312115645], [-89.10134923360465, 42.23941298168692], [-89.10176102017655, 42.23941442677231], [-89.10174208987097, 42.24122033234571], [-89.100881391394, 42.241217313676245]]]]}, "properties": {"bid": 157746, "oz": "Y", "rerz": "N", "tif": "N"}}, {"type": "Feature", "geometry": {"type": "MultiPolygon", "coordinates": [[[[-89.07844822924555, 42.23907759810107], [-89.0784477676604, 42.239034830449555], [-89.07795031974345, 42.23903779429503], [-89.0779507991411, 42.2390824061775], [-89.07774235873775, 42.23908364617161], [-89.07774196173713, 42.239046814701496], [-89.07754937673187, 42.23904796202924], [-89.07754929650483, 42.23904038744718], [-89.07725064381853, 42.239042165220276], [-89.07724642921347, 42.23865120491752], [-89.07746997560177, 42.23864987054471], [-89.0774691366723, 42.23857207449913], [-89.07792298740914, 42.23856937392918], [-89.07792340643536, 42.23860815257686], [-89.07828242544903, 42.23860601155591], [-89.07828248633277, 42.23861181598558], [-89.07983680055268, 42.2386025418249], [-89.07983882494436, 42.23878960146264], [-89.07999862949704, 42.238788645992166], [-89.08000080727156, 42.23898971452787], [-89.07988831331036, 42.2389903856372], [-89.07989047604288, 42.23919005039839], [-89.07827820503358, 42.23919966847873], [-89.07827690091796, 42.239078619046005], [-89.07844822924555, 42.23907759810107]]]]}, "properties": {"bid": 159389, "oz": "N", "rerz": "N", "tif": "Y"}}, {"type": "Feature", "geometry": {"type": "MultiPolygon", "coordinates": [[[[-89.06934019388918, 42.238903938183], [-89.0693392550335, 42.23883568251058], [-89.06946950239166, 42.238834693534606], [-89.06946916341761, 42.238810137124766], [-89.06982599445439, 42.23880742950163], [-89.06982608256831, 42.23881385574149], [-89.07010683731819, 42.238811720370535], [-89.07010615804053, 42.238762335871], [-89.07019583527907, 42.238761653800545], [-89.0701927456136, 42.23853730750467], [-89.07024857825839, 42.23853688631806], [-89.07024815153687, 42.238505862510124], [-89.07040152792209, 42.238504698429125], [-89.07040114489116, 42.23847690626084], [-89.07052686528813, 42.23847595101825], [-89.07052755436943, 42.23852606829672], [-89.07093503101545, 42.23852297273615], [-89.07093576640412, 42.23857651513829], [-89.07101384806042, 42.23857591922056], [-89.07101311260573, 42.238522376818146], [-89.07183003264291, 42.2385161625264], [-89.07183007209278, 42.238519007201496], [-89.07203968006738, 42.238517414520935], [-89.07205313155234, 42.238530117916156], [-89.07205576597727, 42.2387212543963], [-89.07206142235171, 42.23872121370918], [-89.07206339427573, 42.238864151320236], [-89.07197734562914, 42.23886480774273], [-89.0719774033553, 42.238869159123446], [-89.07019411025472, 42.23888271961798], [-89.07019437987091, 42.2389023400322], [-89.0698275262532, 42.23890512582908], [-89.06982746132603, 42.23890023927201], [-89.06934019388918, 42.238903938183]]]]}, "properties": {"bid": 159393, "oz": "N", "rerz": "N", "tif": "N"}}, {"type": "Feature", "geometry": {"type": "MultiPolygon", "coordinates": [[[[-89.08427273072544, 42.239969116870796], [-89.08426932660986, 42.23948996235986], [-89.084196699999, 42.239490248330725], [-89.08419618295949, 42.23941711902933], [-89.08443468160573, 42.239416179760354], [-89.08443287350323, 42.2391618634071], [-89.08487887384881, 42.23916011086564], [-89.08487959361503, 42.23926065602265], [-89.0848718324161, 42.23926068572077], [-89.08487294324988, 42.23941648641621], [-89.08584423289459, 42.23941266556355], [-89.08584368148951, 42.23933527154987], [-89.08605738935066, 42.23933442868647], [-89.08605753037682, 42.23935473115088], [-89.08615474785296, 42.23935435050092], [-89.08615519573208, 42.23941673172953], [-89.08636490408296, 42.23941590823977], [-89.08636540932166, 42.2394863042636], [-89.08658470734082, 42.23948543898277], [-89.08658672574948, 42.23976755403462], [-89.08662451282936, 42.239767403596126], [-89.0866257391012, 42.23993942321364], [-89.08657404473952, 42.2399784066965], [-89.0865189827804, 42.23993844663156], [-89.08640239162143, 42.23993890442752], [-89.08640250222278, 42.239954826958645], [-89.08585230313122, 42.23995699477699], [-89.08585205363495, 42.23992195527082], [-89.085847217417, 42.23992197143757], [-89.08584654010549, 42.23982728817385], [-89.08585132646921, 42.23982727153731], [-89.08585089188595, 42.239766401085824], [-89.08582184106713, 42.23976651834823], [-89.08582203563063, 42.23979374066016], [-89.08580951008827, 42.239793791380656], [-89.08581043890418, 42.23992404104486], [-89.08500339868117, 42.23992259025141], [-89.0850024278673, 42.23978581599971], [-89.0854486075347, 42.23978647092366], [-89.08544842539776, 42.23976112571902], [-89.08495691122765, 42.23976306039975], [-89.08495724952019, 42.23981070868758], [-89.0849062112571, 42.23981090647026], [-89.08490587293268, 42.239763262298254], [-89.0848705899185, 42.239763398744124], [-89.08487041770726, 42.23973910738159], [-89.08464028293157, 42.23974001532617], [-89.08464190490268, 42.239967665108615], [-89.08427273072544, 42.239969116870796]]]]}, "properties": {"bid": 159404, "oz": "N", "rerz": "N", "tif": "Y"}}, {"type": "Feature", "geometry": {"type": "MultiPolygon", "coordinates": [[[[-89.1049893714118, 42.274378379917934], [-89.10507154559201, 42.27399556977199], [-89.10536471169094, 42.27399432356753], [-89.10536028804526, 42.27403697982462], [-89.10540240067529, 42.27403856325619], [-89.10539749857175, 42.27410180836475], [-89.10559353509247, 42.27411435743211], [-89.1055919916184, 42.274134339581884], [-89.10577256330497, 42.274146979871624], [-89.1057616123207, 42.27426224701913], [-89.10557723210806, 42.274250629331476], [-89.10556663759823, 42.27434264330648], [-89.1054470641178, 42.27433340735877], [-89.105422721143, 42.27455343094779], [-89.1049893714118, 42.274378379917934]]]]}, "properties": {"bid": 170122, "oz": "Y", "rerz": "Y", "tif": "N"}}, {"type": "Feature", "geometry": {"type": "MultiPolygon", "coordinates": [[[[-89.10867714192545, 42.27088211952385], [-89.10870782825047, 42.27055973047781], [-89.10894103626, 42.27057197460357], [-89.10893716375023, 42.2706126562252], [-89.10917144626217, 42.27062495507144], [-89.1091511490788, 42.270838229331574], [-89.10891686024124, 42.270825930384405], [-89.10891035111517, 42.2708943637246], [-89.10867714192545, 42.27088211952385]]]]}, "properties": {"bid": 170152, "oz": "Y", "rerz": "N", "tif": "Y"}}, {"type": "Feature", "geometry": {"type": "MultiPolygon", "coordinates": [[[[-89.11104327354937, 42.270141676335065], [-89.11107299181798, 42.269859945633364], [-89.11144701835501, 42.26988170905351], [-89.11141730180681, 42.270163435754014], [-89.11104327354937, 42.270141676335065]]]]}, "properties": {"bid": 170196, "oz": "Y", "rerz": "N", "tif": "Y"}}, {"type": "Feature", "geometry": {"type": "MultiPolygon", "coordinates": [[[[-89.1159745710186, 42.269792307424154], [-89.11651729993883, 42.269717239369754], [-89.1165554685375, 42.269869455731126], [-89.11598433638467, 42.26994845401514], [-89.11596410173573, 42.26986773536141], [-89.1159924980555, 42.269863809365816], [-89.1159745710186, 42.269792307424154]]]]}, "properties": {"bid": 170198, "oz": "Y", "rerz": "N", "tif": "Y"}}, {"type": "Feature", "geometry": {"type": "MultiPolygon", "coordinates": [[[[-89.11501815749038, 42.269658371424065], [-89.11488890552702, 42.26912404060306], [-89.11479709231396, 42.26913629209655], [-89.11480457006542, 42.26916719506864], [-89.1146850628473, 42.26918313987742], [-89.11467759069383, 42.26915223694906], [-89.11466748734844, 42.26915358493309], [-89.11463837606605, 42.26903322390008], [-89.11485858852922, 42.26900384144626], [-89.11485938733132, 42.269007129376725], [-89.11653862135726, 42.26878304285715], [-89.11651480665336, 42.268684604227616], [-89.11702625543772, 42.26861634771138], [-89.11702267693026, 42.26860155429577], [-89.11739817851722, 42.268551438979785], [-89.11758767646826, 42.26933469328562], [-89.11735662747286, 42.26936552951325], [-89.11735071491736, 42.26934109109882], [-89.11684697006548, 42.269408316430145], [-89.11685288749469, 42.26943278372785], [-89.11655521895237, 42.26947250862121], [-89.11655070690378, 42.269453862122624], [-89.11501815749038, 42.269658371424065]]]]}, "properties": {"bid": 170199, "oz": "Y", "rerz": "N", "tif": "Y"}}, {"type": "Feature", "geometry": {"type": "MultiPolygon", "coordinates": [[[[-89.11413102208677, 42.26894927825444], [-89.11410624686005, 42.26885050102349], [-89.1140934320094, 42.26885227273453], [-89.11403806026888, 42.26863155240181], [-89.11423450991722, 42.26860436510943], [-89.11416834863073, 42.26834061805447], [-89.11459105793944, 42.26828212418914], [-89.11457908834649, 42.26823441062684], [-89.11463980700812, 42.26822600671094], [-89.11465447398567, 42.26828448003833], [-89.11469408471889, 42.26827899841296], [-89.11470369977414, 42.268317338378274], [-89.11478808714801, 42.26830566096861], [-89.11478643976612, 42.268299080533204], [-89.11527630478743, 42.268231288313125], [-89.11537964408218, 42.26864322503595], [-89.11560987717264, 42.268611360375886], [-89.1156085050522, 42.26860588561447], [-89.11575943845835, 42.26858499615302], [-89.11579312553035, 42.268719266292926], [-89.11413102208677, 42.26894927825444]]]]}, "properties": {"bid": 170200, "oz": "Y", "rerz": "N", "tif": "Y"}}, {"type": "Feature", "geometry": {"type": "MultiPolygon", "coordinates": [[[[-89.10472862835428, 42.26823748246226], [-89.10473260604937, 42.26803353326935], [-89.10479039781362, 42.268034154853964], [-89.1047912428969, 42.26799074099], [-89.10489949574585, 42.267991903850145], [-89.1049000679485, 42.26796243311058], [-89.10498504889422, 42.2679633474912], [-89.10498549302862, 42.26794051498005], [-89.10521164519626, 42.26794295009959], [-89.10520987076052, 42.26803384385107], [-89.10583567877532, 42.26804056897621], [-89.10583579070371, 42.26803488555296], [-89.10601557693862, 42.26803681607818], [-89.10601435948954, 42.26809951497568], [-89.10590225544419, 42.26809831342841], [-89.1059011490928, 42.26815504075963], [-89.10583430883787, 42.2681543236832], [-89.10583245491384, 42.26824934936234], [-89.10472862835428, 42.26823748246226]]]]}, "properties": {"bid": 170206, "oz": "N", "rerz": "Y", "tif": "N"}}, {"type": "Feature", "geometry": {"type": "MultiPolygon", "coordinates": [[[[-89.11751138737107, 42.26828090490236], [-89.11747950864407, 42.26815000237512], [-89.11729025116173, 42.268175429343046], [-89.11726898326565, 42.268088107299434], [-89.11745615213289, 42.26806295762251], [-89.11737606655369, 42.26773412734917], [-89.11770690649743, 42.267689673731475], [-89.11784014720261, 42.2682367323614], [-89.11751138737107, 42.26828090490236]]]]}, "properties": {"bid": 170207, "oz": "Y", "rerz": "N", "tif": "Y"}}, {"type": "Feature", "geometry": {"type": "MultiPolygon", "coordinates": [[[[-89.11820319075518, 42.269914551565854], [-89.11819845100354, 42.269894565288766], [-89.11818234955929, 42.26989667374881], [-89.11817368309087, 42.26986014564521], [-89.11818978999911, 42.26985804135253], [-89.11817707815993, 42.269804439350146], [-89.11848684215501, 42.26976391935911], [-89.11851294973437, 42.269874031460205], [-89.11820319075518, 42.269914551565854]]]]}, "properties": {"bid": 170209, "oz": "Y", "rerz": "N", "tif": "Y"}}, {"type": "Feature", "geometry": {"type": "MultiPolygon", "coordinates": [[[[-89.11797824655649, 42.27140501286849], [-89.11798861493587, 42.271300107807164], [-89.11785795809982, 42.271294385119035], [-89.11787888787778, 42.271045876362415], [-89.1178101717517, 42.27104077771273], [-89.11781711320207, 42.2709834615162], [-89.1178837480941, 42.270986392476715], [-89.11790297247974, 42.270792930377205], [-89.11790256146286, 42.2707913130719], [-89.11795299727476, 42.27078416347852], [-89.11795092133751, 42.27076095388067], [-89.11803637157955, 42.270748843377696], [-89.11803378060428, 42.27077375144733], [-89.11943745111789, 42.27057476738386], [-89.11941301476188, 42.27082891654434], [-89.11981762760175, 42.27084958599063], [-89.11980085669072, 42.271021736605825], [-89.11980529063257, 42.27102239451075], [-89.11980052718974, 42.27108116314745], [-89.11979528307823, 42.27108190558336], [-89.11977818418997, 42.271304674095425], [-89.1197780954357, 42.271304343989996], [-89.11977334017192, 42.27130501679611], [-89.1197706796888, 42.27132746690419], [-89.11977072676851, 42.271327636097745], [-89.1188134842456, 42.27146333869736], [-89.11879902055811, 42.27140704113012], [-89.11814798192927, 42.271499331482225], [-89.11814205305093, 42.27151663935974], [-89.11809876637868, 42.271522771845966], [-89.11808725327751, 42.2715118533442], [-89.11809916889887, 42.2714082178598], [-89.11797824655649, 42.27140501286849]]]]}, "properties": {"bid": 170210, "oz": "Y", "rerz": "N", "tif": "Y"}}, {"type": "Feature", "geometry": {"type": "MultiPolygon", "coordinates": [[[[-89.11899293276103, 42.268683050927535], [-89.11911856432216, 42.26866896457508], [-89.11913013008333, 42.268725881898206], [-89.11900449847941, 42.26873996414639], [-89.11899293276103, 42.268683050927535]]]]}, "properties": {"bid": 170287, "oz": "Y", "rerz": "N", "tif": "Y"}}, {"type": "Feature", "geometry": {"type": "MultiPolygon", "coordinates": [[[[-89.11100476766559, 42.27140227520114], [-89.11048099691457, 42.271375620157635], [-89.11047792500422, 42.271408904178195], [-89.11062003964982, 42.27141613617799], [-89.11060781258594, 42.27154864717041], [-89.11022359180447, 42.27152909215276], [-89.11021888193876, 42.27158013477691], [-89.10975674816815, 42.27155661684766], [-89.10981377202212, 42.270938631560455], [-89.10985312674632, 42.27094063660206], [-89.1098675207186, 42.27078466279135], [-89.10999960004185, 42.27079138322664], [-89.11001106203382, 42.270803611016014], [-89.10999773767067, 42.2709479952809], [-89.1101789235607, 42.27095721784385], [-89.11020976103461, 42.270622999850275], [-89.11008515201364, 42.27061666131596], [-89.1101041815825, 42.270410401531954], [-89.1102662120167, 42.2704186489266], [-89.11027768220714, 42.27029431807442], [-89.11057228359276, 42.27030931010675], [-89.11057185048593, 42.270314006806245], [-89.11164981978443, 42.270368861368034], [-89.11164187811255, 42.27045491545014], [-89.1115921021393, 42.27045238294407], [-89.11155782104103, 42.27082404343475], [-89.11163513510331, 42.270827977726746], [-89.11162714411836, 42.27091465700802], [-89.11154982440952, 42.270910722658535], [-89.11154276146736, 42.27098727641415], [-89.11162008126915, 42.27099121076941], [-89.11160793772149, 42.27112283355387], [-89.1115306177599, 42.271118899188714], [-89.11152708537297, 42.271157229566754], [-89.11181007349423, 42.2711716258607], [-89.11178540768705, 42.27143900886102], [-89.1120187974783, 42.27145088617954], [-89.11199787962741, 42.271677676903295], [-89.11098411751705, 42.27162609219482], [-89.11100476766559, 42.27140227520114]]]]}, "properties": {"bid": 170293, "oz": "Y", "rerz": "N", "tif": "Y"}}, {"type": "Feature", "geometry": {"type": "MultiPolygon", "coordinates": [[[[-89.09996434049151, 42.268601825951976], [-89.10008934953596, 42.26843326174286], [-89.10083849558171, 42.268739737221196], [-89.10071348789447, 42.26890830225382], [-89.09996434049151, 42.268601825951976]]]]}, "properties": {"bid": 170343, "oz": "N", "rerz": "Y", "tif": "Y"}}, {"type": "Feature", "geometry": {"type": "MultiPolygon", "coordinates": [[[[-89.1036126127459, 42.27007297346185], [-89.10388743640934, 42.26969711128092], [-89.10416633017212, 42.269809597844215], [-89.10399928311664, 42.269988614859365], [-89.1039545456956, 42.26997057065183], [-89.1038994834984, 42.270045876456024], [-89.1038478100998, 42.270025030662495], [-89.1037671707085, 42.27013531334464], [-89.1036126127459, 42.27007297346185]]]]}, "properties": {"bid": 170347, "oz": "Y", "rerz": "Y", "tif": "N"}}, {"type": "Feature", "geometry": {"type": "MultiPolygon", "coordinates": [[[[-89.09920416642865, 42.27036414544285], [-89.09901894139878, 42.27028839973739], [-89.09901385434816, 42.2702952593397], [-89.09877750208383, 42.270198604478345], [-89.09901255141327, 42.26988154562984], [-89.09912154345663, 42.26992611780385], [-89.09915488987981, 42.26988114192434], [-89.09914560450747, 42.26987734268636], [-89.09923349052265, 42.26975879132119], [-89.09963677610854, 42.269923705566484], [-89.09951835143298, 42.27008345600231], [-89.0994386076987, 42.270050846378595], [-89.09937382602202, 42.27013823111153], [-89.09945535317921, 42.27017156947741], [-89.09928400395874, 42.270402708108875], [-89.09920080337895, 42.27036868310647], [-89.09920416642865, 42.27036414544285]]]]}, "properties": {"bid": 170359, "oz": "N", "rerz": "Y", "tif": "N"}}, {"type": "Feature", "geometry": {"type": "MultiPolygon", "coordinates": [[[[-89.1025761318487, 42.272771478553956], [-89.10266640921179, 42.27264868243052], [-89.10286295728389, 42.27272838825789], [-89.1029852696422, 42.27256202696665], [-89.10265211593779, 42.27242692197462], [-89.10275957316536, 42.27228076527823], [-89.10276931108471, 42.2722847124881], [-89.10277693998398, 42.27227433638182], [-89.10269620201598, 42.27224159220157], [-89.10282010205174, 42.27207306833944], [-89.10289715176775, 42.27210431285736], [-89.10311699796007, 42.271805294071235], [-89.10331328530089, 42.27188489381105], [-89.10335545617006, 42.27182753473122], [-89.10335118448869, 42.27182580337008], [-89.1036171967315, 42.271463978787445], [-89.10350961838216, 42.271420354251966], [-89.10371981722184, 42.27113444543905], [-89.1039733135271, 42.2712372462762], [-89.10394354788097, 42.271277733045515], [-89.10388358809584, 42.27155969191124], [-89.10388988387221, 42.27156300204618], [-89.10383173843647, 42.27164656922192], [-89.10389292529881, 42.271668964433125], [-89.10384317760881, 42.272021939804], [-89.10381648731206, 42.27220360732386], [-89.1038019376848, 42.272245893896844], [-89.10375874606794, 42.2723524609233], [-89.10371044950004, 42.27241815215523], [-89.10371772132784, 42.27242110088966], [-89.10370919058806, 42.272432711787665], [-89.10374111834366, 42.27244566088594], [-89.10359123372463, 42.272710378878095], [-89.10358300408805, 42.272707038451195], [-89.10349667062513, 42.2728244631936], [-89.10356947733592, 42.27285398851688], [-89.10341767143504, 42.273060460877026], [-89.1025246033052, 42.27285260791738], [-89.102582385276, 42.2727740145241], [-89.1025761318487, 42.272771478553956]]]]}, "properties": {"bid": 170365, "oz": "Y", "rerz": "Y", "tif": "N"}}, {"type": "Feature", "geometry": {"type": "MultiPolygon", "coordinates": [[[[-89.09631669953397, 42.27270731919269], [-89.09605292434019, 42.272599548402304], [-89.09621043306454, 42.272386907151834], [-89.09647420772441, 42.272494673461296], [-89.09641617877418, 42.27257301860516], [-89.09644800441403, 42.27258602228873], [-89.09637931223008, 42.27267876098709], [-89.09634748655849, 42.27266575728428], [-89.09631669953397, 42.27270731919269]]]]}, "properties": {"bid": 170390, "oz": "N", "rerz": "Y", "tif": "N"}}, {"type": "Feature", "geometry": {"type": "MultiPolygon", "coordinates": [[[[-89.095766617992, 42.27289130585405], [-89.09526275914068, 42.272683803244256], [-89.09542884447916, 42.272461356127934], [-89.09582627783179, 42.27262502712204], [-89.09582902252653, 42.27262135230088], [-89.09590261033561, 42.272651655390845], [-89.0958215843902, 42.272760179412764], [-89.09580921150909, 42.27275508328964], [-89.09579326481271, 42.2727764455626], [-89.0958384743001, 42.272795065387314], [-89.095766617992, 42.27289130585405]]]]}, "properties": {"bid": 170391, "oz": "N", "rerz": "Y", "tif": "Y"}}, {"type": "Feature", "geometry": {"type": "MultiPolygon", "coordinates": [[[[-89.06494810933216, 42.24041049937019], [-89.06494613933897, 42.24030658334037], [-89.0647547818606, 42.240308585363415], [-89.06475458071705, 42.240297860719345], [-89.06454598680327, 42.24030004254681], [-89.06452755036949, 42.23859697918837], [-89.06630540165074, 42.23857835050812], [-89.06630521956214, 42.238568745653815], [-89.06641399308228, 42.238567603512], [-89.06643110701106, 42.23946878030101], [-89.06684083753176, 42.239464486064996], [-89.06684225676854, 42.23953937344161], [-89.06705880432003, 42.23953709904112], [-89.06706616083663, 42.23992437272113], [-89.06662828729434, 42.23992896585871], [-89.06662816252346, 42.23992243636156], [-89.06643967061912, 42.239924411057885], [-89.06644567800352, 42.240240860739924], [-89.06633149412067, 42.240242058018794], [-89.06633441459704, 42.24039597033354], [-89.06494810933216, 42.24041049937019]]]]}, "properties": {"bid": 180933, "oz": "N", "rerz": "N", "tif": "Y"}}, {"type": "Feature", "geometry": {"type": "MultiPolygon", "coordinates": [[[[-89.09080043836677, 42.241912973926254], [-89.0908021238234, 42.2419128909483], [-89.09080381258116, 42.24191293971991], [-89.09080548255498, 42.24191311591767], [-89.0908071225975, 42.24191342355324], [-89.09080870508488, 42.24191385825128], [-89.09081022461828, 42.24191441172871], [-89.09081165357388, 42.241915079610216], [-89.09081298094412, 42.24191585767632], [-89.09081419032256, 42.24191673342455], [-89.09081527084147, 42.24191769440428], [-89.09081621149329, 42.241918736396066], [-89.09081699587155, 42.24191984689742], [-89.09081762418602, 42.24192101356165], [-89.09081808563889, 42.241922219822676], [-89.09081837483126, 42.24192345739741], [-89.09081848650406, 42.241924709771716], [-89.0908184208671, 42.241925964598956], [-89.09081817820001, 42.2419272054169], [-89.09081776418142, 42.24192842404639], [-89.09081718469967, 42.24192959996168], [-89.09081643435587, 42.24193072487968], [-89.09081553551474, 42.24193178666156], [-89.09081449392481, 42.241932773012635], [-89.09081331533464, 42.24193367163821], [-89.09081201643033, 42.24193447857858], [-89.0908106141778, 42.24193517341189], [-89.09080911958458, 42.24193576035758], [-89.09080755501549, 42.24193622727683], [-89.09080592607916, 42.24193657010607], [-89.09080426614793, 42.24193678092591], [-89.09080258069066, 42.24193686390389], [-89.09080089186236, 42.241936819247826], [-89.09079922195782, 42.24193663893442], [-89.09079758191477, 42.24193633129873], [-89.09079599942689, 42.24193589660053], [-89.0907944798931, 42.24193534312291], [-89.09079305093724, 42.24193467524119], [-89.09079172356685, 42.241933897174846], [-89.09079051411848, 42.24193302554195], [-89.09078943366961, 42.24193206044644], [-89.09078849301807, 42.24193101845444], [-89.09078770864018, 42.241929907952894], [-89.09078708032618, 42.241928741288504], [-89.09078661887385, 42.24192753502739], [-89.0907863296821, 42.241926297452565], [-89.09078621800992, 42.241925045078226], [-89.09078628357759, 42.24192379436657], [-89.09078652631523, 42.241922549433156], [-89.09078694026444, 42.241921334919304], [-89.09078751981659, 42.241920154888625], [-89.09078826462203, 42.24191902991887], [-89.09078916900218, 42.24191796818915], [-89.09079021059223, 42.24191698183831], [-89.09079138918241, 42.24191608321298], [-89.09079268801666, 42.24191528038838], [-89.09079409033889, 42.24191458143974], [-89.09079558493174, 42.24191399449423], [-89.09079714950037, 42.24191352757514], [-89.09079877836622, 42.241913188861574], [-89.09080043836677, 42.241912973926254]]]]}, "properties": {"bid": 181199, "oz": "Y", "rerz": "N", "tif": "N"}}, {"type": "Feature", "geometry": {"type": "MultiPolygon", "coordinates": [[[[-89.09449200560742, 42.24306338638356], [-89.09449401129909, 42.243063368088286], [-89.09449600880374, 42.24306350613227], [-89.09449797042713, 42.24306380025659], [-89.09449988516127, 42.24306424624218], [-89.09450172545125, 42.243064835598965], [-89.09450347468058, 42.24306556817168], [-89.09450511097255, 42.243066427290955], [-89.09450661771068, 42.24306741280142], [-89.09450797301824, 42.243068508033815], [-89.0945091714958, 42.243069704705185], [-89.09451019680553, 42.24307098619802], [-89.09451103247022, 42.24307234412585], [-89.09451167336918, 42.24307375374357], [-89.09451210856403, 42.24307520671654], [-89.09451234387235, 42.24307668663431], [-89.09451236295637, 42.243078176879315], [-89.09451217717248, 42.243079661092914], [-89.09451178126056, 42.24308112276107], [-89.09451118657708, 42.24308254552517], [-89.09451038786194, 42.24308391287118], [-89.09450940747956, 42.24308521265957], [-89.09450824570871, 42.24308642842811], [-89.094506919375, 42.243087547985475], [-89.09450544537374, 42.24308855502478], [-89.09450383485235, 42.24308944553402], [-89.09450211024499, 42.243090203258085], [-89.09450028823791, 42.243090824236795], [-89.09449838558707, 42.24309130039434], [-89.09449643005644, 42.243091627874094], [-89.09449443840197, 42.24309179860026], [-89.09449243270942, 42.24309181689553], [-89.09449043520388, 42.243091678851485], [-89.09448846804082, 42.24309138467524], [-89.09448655330596, 42.243090938689456], [-89.09448471301535, 42.243090349332405], [-89.09448296378558, 42.243089616759406], [-89.09448133303215, 42.243088757691595], [-89.09447982629395, 42.2430877721808], [-89.09447846544761, 42.24308667689632], [-89.09447727250918, 42.24308548027638], [-89.0944762471999, 42.24308419878327], [-89.0944754115358, 42.24308284085521], [-89.09447477063756, 42.24308143123728], [-89.09447432990468, 42.243079978212414], [-89.09447410013607, 42.24307849834635], [-89.09447407551413, 42.24307700804957], [-89.09447426683775, 42.243075523887825], [-89.09447465721162, 42.243074062168034], [-89.09447525743468, 42.2430726394559], [-89.09447605061162, 42.24307127205837], [-89.0944770365333, 42.24306997232203], [-89.09447819830443, 42.24306875655382], [-89.09447952463825, 42.24306763699678], [-89.0944809986394, 42.2430666299578], [-89.09448260916052, 42.24306573944888], [-89.09448433376744, 42.2430649817251], [-89.09448615577392, 42.24306436074663], [-89.09448805288517, 42.24306388453749], [-89.09449001395384, 42.24306355710966], [-89.09449200560742, 42.24306338638356]]]]}, "properties": {"bid": 181206, "oz": "Y", "rerz": "N", "tif": "N"}}, {"type": "Feature", "geometry": {"type": "MultiPolygon", "coordinates": [[[[-89.09103224149165, 42.24195519477521], [-89.09103333269509, 42.241955200893216], [-89.09103441689167, 42.241955293385814], [-89.09103548307378, 42.24195546803361], [-89.0910365145553, 42.24195572879625], [-89.09103750600717, 42.24195606327518], [-89.09103844628203, 42.24195647548205], [-89.09103932444219, 42.24195695708185], [-89.09104012948006, 42.241957503855154], [-89.09104085592679, 42.241958111634446], [-89.09104148730597, 42.2419587720328], [-89.09104202375742, 42.24195947681915], [-89.0910424598123, 42.241960221825934], [-89.09104279014156, 42.2419609946546], [-89.09104300380756, 42.24196178697016], [-89.09104311195766, 42.24196259476093], [-89.09104309818535, 42.24196340552441], [-89.09104297924674, 42.24196421118538], [-89.09104273866534, 42.24196500335687], [-89.09104239319726, 42.2419657739636], [-89.09104194305219, 42.24196651065895], [-89.09104138830004, 42.241967209327356], [-89.09104074015816, 42.24196786184163], [-89.091040004375, 42.24196845590702], [-89.09103918641941, 42.24196899569106], [-89.09103829764854, 42.24196946483541], [-89.09103734913985, 42.241969863443984], [-89.09103634650208, 42.24197018745317], [-89.09103530642133, 42.24197043290325], [-89.09103424004505, 42.24197059578259], [-89.09103315298185, 42.24197067202754], [-89.09103206177814, 42.241970665909534], [-89.09103097758133, 42.2419705734169], [-89.09102991139896, 42.241970398769084], [-89.09102887430859, 42.24197014206999], [-89.09102788292644, 42.24196980347542], [-89.09102694265145, 42.24196939126846], [-89.09102606449123, 42.24196890966858], [-89.09102525945335, 42.241968362895186], [-89.0910245385454, 42.24196775516772], [-89.0910239071663, 42.24196709476926], [-89.09102336517624, 42.24196638993089], [-89.0910229345904, 42.241965649091526], [-89.09102260433127, 42.24196487214726], [-89.09102238512678, 42.24196407977972], [-89.09102228251567, 42.2419632720409], [-89.09102229074948, 42.24196246122547], [-89.09102241522713, 42.24196165561648], [-89.09102265027, 42.24196086339308], [-89.0910229956684, 42.241960096901956], [-89.0910234514223, 42.24195935614309], [-89.09102400063581, 42.2419586574228], [-89.09102465424661, 42.241958009076136], [-89.0910253900997, 42.24195741089528], [-89.09102620805525, 42.24195687111135], [-89.09102709682604, 42.241956401967094], [-89.09102804533457, 42.24195600335859], [-89.0910290424334, 42.24195567929753], [-89.09103008805269, 42.24195543389946], [-89.09103115435883, 42.241955275135716], [-89.09103224149165, 42.24195519477521]]]]}, "properties": {"bid": 181207, "oz": "Y", "rerz": "N", "tif": "N"}}, {"type": "Feature", "geometry": {"type": "MultiPolygon", "coordinates": [[[[-89.07878827353514, 42.246275389358594], [-89.0787905189232, 42.246275291287915], [-89.07879276688027, 42.24627536612204], [-89.07879499524992, 42.24627561365078], [-89.07879717072684, 42.24627603767443], [-89.07879928244496, 42.24627662574134], [-89.07880129170132, 42.24627737336815], [-89.07880318748842, 42.24627827633426], [-89.07880494793271, 42.24627931796741], [-89.07880655094849, 42.24628049394186], [-89.07880798020132, 42.24628178763791], [-89.07880921935673, 42.24628318243581], [-89.07881025193885, 42.24628466994686], [-89.07881107283282, 42.246286225425365], [-89.07881167117262, 42.24628783641964], [-89.07881204170194, 42.246289486415], [-89.07881217362545, 42.24629115884429], [-89.07881207290652, 42.246292829066824], [-89.07881173428886, 42.24629448056796], [-89.07881116906286, 42.24629610110618], [-89.07881037211367, 42.24629766593574], [-89.0788093658098, 42.246299162920224], [-89.07880815604402, 42.24630057153451], [-89.07880674856752, 42.246301879484534], [-89.07880516589029, 42.24630306640281], [-89.07880343023952, 42.24630412838396], [-89.07880154743715, 42.24630504901839], [-89.07879955085926, 42.24630582039031], [-89.07879745179623, 42.24630643025815], [-89.07879528355348, 42.2463068748217], [-89.07879306288972, 42.24630714600746], [-89.07879081750052, 42.246307244078174], [-89.07878856954231, 42.24630716924403], [-89.0787863411716, 42.246306921715124], [-89.07878416569369, 42.24630649769126], [-89.07878205397472, 42.24630590962408], [-89.0787800447177, 42.24630516199692], [-89.07877814893014, 42.24630425903043], [-89.07877638848562, 42.246303217396886], [-89.07877478546985, 42.246302041422005], [-89.07877335621725, 42.24630074772555], [-89.0787721170623, 42.24629935292728], [-89.07877108448086, 42.24629786541588], [-89.07877026358773, 42.246296309937115], [-89.07876966524891, 42.24629469894265], [-89.07876929472067, 42.246293048947145], [-89.07876916279828, 42.24629137651783], [-89.07876926351837, 42.24628970629532], [-89.07876960213707, 42.24628805479433], [-89.07877016736408, 42.24628643425634], [-89.07877096431412, 42.246284869427036], [-89.07877197061862, 42.24628337244292], [-89.07877318592399, 42.24628196388155], [-89.0787745878616, 42.24628065587938], [-89.07877617053883, 42.24627946896155], [-89.07877790618937, 42.24627840698079], [-89.07877978899128, 42.246277486346735], [-89.0787817855685, 42.246276714975174], [-89.07878388463067, 42.24627610510757], [-89.07878605287245, 42.24627566054424], [-89.07878827353514, 42.246275389358594]]]]}, "properties": {"bid": 181208, "oz": "N", "rerz": "N", "tif": "N"}}, {"type": "Feature", "geometry": {"type": "MultiPolygon", "coordinates": [[[[-89.0786097597828, 42.24628494957813], [-89.07861292949464, 42.246284901442294], [-89.07861607841619, 42.246285095965014], [-89.07861918985944, 42.2462855371042], [-89.07862221965304, 42.24628621620837], [-89.07862514024295, 42.24628712478374], [-89.0786279129262, 42.24628825834689], [-89.07863051029017, 42.246289600172986], [-89.0786329104614, 42.24629113358976], [-89.07863507480756, 42.246292849998234], [-89.07863699274556, 42.24629472048464], [-89.07863863125294, 42.246296732387094], [-89.07863997967581, 42.24629886090735], [-89.07864102182123, 42.24630108119455], [-89.07864174703528, 42.24630336845045], [-89.07864214459335, 42.24630570199226], [-89.0786422094514, 42.24630805295875], [-89.07864194757286, 42.2463103967093], [-89.07864135391368, 42.246312704382596], [-89.07864043990563, 42.2463149555061], [-89.07863921705132, 42.24631712549175], [-89.07863769138488, 42.24631918558334], [-89.07863589088477, 42.24632111958147], [-89.07863382158513, 42.246322898729986], [-89.07863151693284, 42.246324510997574], [-89.07862899396955, 42.246325931848695], [-89.0786262861421, 42.24632714925204], [-89.07862342689738, 42.2463281511763], [-89.078620438604, 42.24632892548508], [-89.07861735463813, 42.24632946426264], [-89.07861421391499, 42.2463297596457], [-89.07861104966926, 42.246329811949636], [-89.07860789527713, 42.246329613258666], [-89.0786047893002, 42.24632917628723], [-89.07860175950472, 42.246328497182596], [-89.07859883898399, 42.246327584491105], [-89.07859606622885, 42.24632645504276], [-89.07859346886413, 42.24632511321586], [-89.07859106876336, 42.24632357568279], [-89.07858890434662, 42.246321863389], [-89.07858698640925, 42.2463199929018], [-89.07858534790293, 42.246317980998626], [-89.07858399948151, 42.246315852477764], [-89.0785829573379, 42.246313632190066], [-89.07858223212587, 42.24631134493382], [-89.07858183456999, 42.24630901139182], [-89.07858176971416, 42.246306660425326], [-89.07858203159492, 42.246304316674944], [-89.07858261978781, 42.246302004833886], [-89.07858353379768, 42.24629975371085], [-89.07858476212192, 42.246297587893906], [-89.07858628232115, 42.246295523634956], [-89.07858808829042, 42.24629359380569], [-89.07859015759033, 42.24629181465798], [-89.07859246224247, 42.246290202391215], [-89.07859498520513, 42.246288781540876], [-89.0785976875631, 42.246287559970185], [-89.07860055234548, 42.246286558099094], [-89.07860354063708, 42.24628578379078], [-89.07860662460094, 42.24628524501361], [-89.0786097597828, 42.24628494957813]]]]}, "properties": {"bid": 181209, "oz": "N", "rerz": "N", "tif": "N"}}, {"type": "Feature", "geometry": {"type": "MultiPolygon", "coordinates": [[[[-89.06863939920159, 42.24406062567033], [-89.06864127156115, 42.24406063124805], [-89.06864313034497, 42.24406078076284], [-89.06864495893633, 42.244061074055594], [-89.06864673517971, 42.24406151091417], [-89.06864844267255, 42.24406207883301], [-89.0686500592593, 42.244062777599915], [-89.06865156846601, 42.24406359882478], [-89.06865295381876, 42.24406453411749], [-89.06865420445388, 42.244065571025466], [-89.0686552984299, 42.244066696989975], [-89.06865622481176, 42.24406790367398], [-89.06865697834608, 42.244069174562334], [-89.06865755370806, 42.24407049725551], [-89.06865793449508, 42.24407185924782], [-89.06865812660291, 42.24407324001471], [-89.06865811909651, 42.244074631219114], [-89.06865791787156, 42.24407601233641], [-89.0686575176033, 42.24407737096706], [-89.06865693512249, 42.24407869492361], [-89.06865617085735, 42.2440799595129], [-89.06865523041814, 42.244081160672444], [-89.06865412516812, 42.24408228204622], [-89.0686528663278, 42.2440833155093], [-89.06865147087073, 42.24408424064312], [-89.06864995548496, 42.24408505349125], [-89.06864833139102, 42.24408574592872], [-89.0686466209586, 42.24408630582108], [-89.06864483533688, 42.2440867291589], [-89.06864300775922, 42.24408701626033], [-89.06864114397867, 42.24408715483183], [-89.06863927161831, 42.2440871492541], [-89.06863741283374, 42.24408699973925], [-89.06863558424165, 42.24408670644636], [-89.06863380792628, 42.244086273703104], [-89.0686321005043, 42.24408570166856], [-89.06863048391718, 42.24408500290139], [-89.06862897471025, 42.244084181676236], [-89.06862758935745, 42.24408324638325], [-89.06862634418995, 42.24408221364355], [-89.06862525028556, 42.24408108356324], [-89.0686243183652, 42.24407987682598], [-89.0686235648314, 42.244078605937396], [-89.0686229894701, 42.24407728324407], [-89.06862260868378, 42.24407592125166], [-89.0686224221156, 42.244074540537746], [-89.06862242962282, 42.24407314933337], [-89.06862263084851, 42.24407176821612], [-89.0686230255786, 42.24407040953256], [-89.06862360798866, 42.24406908969173], [-89.06862437786457, 42.244067821040176], [-89.06862531830416, 42.24406661988088], [-89.0686264235544, 42.24406549850737], [-89.0686276768559, 42.24406446499154], [-89.06862907231287, 42.24406353985802], [-89.0686305876984, 42.24406272701016], [-89.06863221179192, 42.24406203457294], [-89.06863392776269, 42.244061474733805], [-89.06863570784488, 42.24406105134312], [-89.06863754088931, 42.24406076841035], [-89.06863939920159, 42.24406062567033]]]]}, "properties": {"bid": 181213, "oz": "N", "rerz": "N", "tif": "N"}}, {"type": "Feature", "geometry": {"type": "MultiPolygon", "coordinates": [[[[-89.10113359326652, 42.23921722434878], [-89.10113501119888, 42.23921723340608], [-89.10113642179225, 42.23921734941662], [-89.1011378082926, 42.2392175804572], [-89.1011391542921, 42.2392179140267], [-89.10114044871365, 42.23921835002224], [-89.10114166947245, 42.239218884122415], [-89.10114281109918, 42.23921951216024], [-89.10114385718602, 42.239220221634625], [-89.10114480219445, 42.239221012494106], [-89.10114562417809, 42.239221872186185], [-89.10114632888319, 42.23922278841559], [-89.10114689422488, 42.23922375686098], [-89.10114732048018, 42.23922476106006], [-89.10114760778755, 42.23922579278172], [-89.1011477452084, 42.23922684369189], [-89.10114773301976, 42.23922789732829], [-89.10114757136007, 42.239228945459836], [-89.10114726597563, 42.239229975791275], [-89.1011468170049, 42.23923098009145], [-89.10114623033263, 42.239231937834], [-89.10114551149738, 42.23923284907037], [-89.10114466631464, 42.23923369738978], [-89.10114370599995, 42.239234474663945], [-89.10114264730741, 42.239235172816144], [-89.10114149030626, 42.23923578773079], [-89.10114025735838, 42.23923630726702], [-89.10113895400228, 42.239236731476275], [-89.10113760259982, 42.23923704821768], [-89.10113620868955, 42.23923725754271], [-89.1011347944256, 42.23923735965718], [-89.10113337649281, 42.23923735059986], [-89.10113196589899, 42.23923723458926], [-89.10113057932898, 42.239237007664215], [-89.10112923332913, 42.239236674094585], [-89.10112793890727, 42.23923623809892], [-89.10112671821751, 42.23923569988302], [-89.1011255765214, 42.23923507596059], [-89.10112453050377, 42.239234362370496], [-89.10112358549542, 42.23923357151086], [-89.1011227634427, 42.23923271593419], [-89.10112205880708, 42.239231795589056], [-89.10112149339643, 42.23923083125912], [-89.10112106721077, 42.23922982294439], [-89.10112077990381, 42.239228791222686], [-89.10112064248338, 42.23922774031249], [-89.1011206546725, 42.23922668667607], [-89.10112081633262, 42.23922563854456], [-89.10112112171747, 42.23922460821322], [-89.10112157061931, 42.239223608028695], [-89.10112215736112, 42.23922264617071], [-89.10112287612733, 42.239221739050066], [-89.10112372137947, 42.23922088661527], [-89.10112468169417, 42.239220109341254], [-89.10112574038665, 42.23921941118922], [-89.10112689738764, 42.23921879627472], [-89.1011281303353, 42.23921827673864], [-89.10112943362184, 42.23921785664506], [-89.10113078509316, 42.23921753578817], [-89.10113217900302, 42.239217326463205], [-89.10113359326652, 42.23921722434878]]]]}, "properties": {"bid": 181456, "oz": "Y", "rerz": "N", "tif": "N"}}, {"type": "Feature", "geometry": {"type": "MultiPolygon", "coordinates": [[[[-89.08875046307632, 42.247111470962395], [-89.08892912890158, 42.24711092733443], [-89.08892925717485, 42.2471336582102], [-89.08875059128543, 42.247134201837625], [-89.08875046307632, 42.247111470962395]]]]}, "properties": {"bid": 182534, "oz": "Y", "rerz": "N", "tif": "N"}}, {"type": "Feature", "geometry": {"type": "MultiPolygon", "coordinates": [[[[-89.08857103776889, 42.24711399529827], [-89.08869971221081, 42.24711266512754], [-89.08870013538069, 42.247135316451185], [-89.0885714664319, 42.24713664667393], [-89.08857103776889, 42.24711399529827]]]]}, "properties": {"bid": 182535, "oz": "Y", "rerz": "N", "tif": "N"}}, {"type": "Feature", "geometry": {"type": "MultiPolygon", "coordinates": [[[[-89.08861673689638, 42.24730665976742], [-89.088620495989, 42.24725866313755], [-89.08864999186251, 42.247259940632986], [-89.08864623840144, 42.2473079332006], [-89.08861673689638, 42.24730665976742]]]]}, "properties": {"bid": 182562, "oz": "Y", "rerz": "N", "tif": "N"}}, {"type": "Feature", "geometry": {"type": "MultiPolygon", "coordinates": [[[[-89.09215681788298, 42.2454475769335], [-89.09215787994007, 42.24539968661655], [-89.09224374213899, 42.245400738009955], [-89.09224268007694, 42.24544863244399], [-89.09215681788298, 42.2454475769335]]]]}, "properties": {"bid": 182563, "oz": "Y", "rerz": "N", "tif": "N"}}, {"type": "Feature", "geometry": {"type": "MultiPolygon", "coordinates": [[[[-89.09170447813332, 42.24392856649054], [-89.09170698824931, 42.24384010395591], [-89.09175141667471, 42.243840800277155], [-89.09174890662074, 42.24392926281343], [-89.09170447813332, 42.24392856649054]]]]}, "properties": {"bid": 182564, "oz": "Y", "rerz": "N", "tif": "N"}}, {"type": "Feature", "geometry": {"type": "MultiPolygon", "coordinates": [[[[-89.0947069107002, 42.2429137048344], [-89.09474685701947, 42.24291341137285], [-89.09474759315218, 42.24296875241303], [-89.09470765233682, 42.24296904592621], [-89.0947069107002, 42.2429137048344]]]]}, "properties": {"bid": 182565, "oz": "Y", "rerz": "N", "tif": "N"}}, {"type": "Feature", "geometry": {"type": "MultiPolygon", "coordinates": [[[[-89.09589780163486, 42.24251166134176], [-89.09593060670541, 42.24250123255187], [-89.09595080944591, 42.242536314249264], [-89.09591800429068, 42.242546747160276], [-89.09589780163486, 42.24251166134176]]]]}, "properties": {"bid": 182566, "oz": "Y", "rerz": "N", "tif": "N"}}, {"type": "Feature", "geometry": {"type": "MultiPolygon", "coordinates": [[[[-89.09437292123447, 42.241457343494666], [-89.09441026322006, 42.24144526167858], [-89.09444286329706, 42.24150090063681], [-89.09440552682318, 42.24151298251486], [-89.09437292123447, 42.241457343494666]]]]}, "properties": {"bid": 182567, "oz": "Y", "rerz": "N", "tif": "N"}}, {"type": "Feature", "geometry": {"type": "MultiPolygon", "coordinates": [[[[-89.07823745854675, 42.246420388036846], [-89.0783197170687, 42.246420370143646], [-89.07831975393366, 42.246509428630766], [-89.07823749529598, 42.24650944652264], [-89.07823745854675, 42.246420388036846]]]]}, "properties": {"bid": 182577, "oz": "N", "rerz": "N", "tif": "N"}}, {"type": "Feature", "geometry": {"type": "MultiPolygon", "coordinates": [[[[-89.07811331389136, 42.246283996660175], [-89.07823965531601, 42.24628519577768], [-89.07823885736423, 42.246331610727154], [-89.07811251584701, 42.246330411607715], [-89.07811331389136, 42.246283996660175]]]]}, "properties": {"bid": 182578, "oz": "N", "rerz": "N", "tif": "N"}}, {"type": "Feature", "geometry": {"type": "MultiPolygon", "coordinates": [[[[-89.09046319715043, 42.24174770949538], [-89.09051537738709, 42.24171365592706], [-89.09054913778735, 42.24174222223231], [-89.0904969630834, 42.241776275867736], [-89.09046319715043, 42.24174770949538]]]]}, "properties": {"bid": 183617, "oz": "Y", "rerz": "N", "tif": "N"}}, {"type": "Feature", "geometry": {"type": "MultiPolygon", "coordinates": [[[[-89.09951108330982, 42.24033186930853], [-89.0995622082713, 42.240331809899416], [-89.09956227655093, 42.240364575555446], [-89.099511151563, 42.240364634964294], [-89.09951108330982, 42.24033186930853]]]]}, "properties": {"bid": 188374, "oz": "Y", "rerz": "N", "tif": "N"}}, {"type": "Feature", "geometry": {"type": "MultiPolygon", "coordinates": [[[[-89.08401612758065, 42.24031250147716], [-89.0840615883478, 42.240312930616575], [-89.08406115246888, 42.240338426401955], [-89.08401569168345, 42.240337997262166], [-89.08401612758065, 42.24031250147716]]]]}, "properties": {"bid": 188657, "oz": "N", "rerz": "N", "tif": "Y"}}, {"type": "Feature", "geometry": {"type": "MultiPolygon", "coordinates": [[[[-89.08495766158688, 42.240445542809375], [-89.08495847463378, 42.240423240637824], [-89.08498294529535, 42.240423730757584], [-89.08498213779569, 42.24044603298166], [-89.08495766158688, 42.240445542809375]]]]}, "properties": {"bid": 188660, "oz": "N", "rerz": "N", "tif": "Y"}}, {"type": "Feature", "geometry": {"type": "MultiPolygon", "coordinates": [[[[-89.11872992662373, 42.268352204592986], [-89.11880357143076, 42.26834196139927], [-89.11883232387346, 42.268456008003206], [-89.11875867339647, 42.26846625116313], [-89.11872992662373, 42.268352204592986]]]]}, "properties": {"bid": 189848, "oz": "Y", "rerz": "N", "tif": "Y"}}, {"type": "Feature", "geometry": {"type": "MultiPolygon", "coordinates": [[[[-89.09580115551964, 42.26698344619843], [-89.0958330219512, 42.26697847915616], [-89.09586028008749, 42.26699169967909], [-89.09586696747442, 42.267015368469714], [-89.09584916250014, 42.26703561439996], [-89.09581730158185, 42.26704058149811], [-89.09579004350356, 42.26702735684938], [-89.09578335607466, 42.26700369217015], [-89.09580115551964, 42.26698344619843]]]]}, "properties": {"bid": 190243, "oz": "N", "rerz": "Y", "tif": "Y"}}, {"type": "Feature", "geometry": {"type": "MultiPolygon", "coordinates": [[[[-89.1181568576936, 42.26822169425116], [-89.118217260538, 42.26821459450104], [-89.11827807653408, 42.268219349011915], [-89.1183351656805, 42.26823563592023], [-89.11838463385573, 42.26826234119291], [-89.11842311404169, 42.268297643519446], [-89.1184479803775, 42.268339139750296], [-89.11845753389979, 42.26838400712228], [-89.11845113267275, 42.26842917732496], [-89.11842920993999, 42.268471579520664], [-89.11839325451166, 42.26850832127853], [-89.11834572410983, 42.268536901827154], [-89.11828984884127, 42.268555366677326], [-89.11822944567808, 42.268562466461766], [-89.11816862935683, 42.268557711921744], [-89.11811153996594, 42.268541424928706], [-89.1180620716243, 42.268514723653894], [-89.11802359158087, 42.26847941709272], [-89.11799872547202, 42.268437920773316], [-89.11798917220032, 42.26839305748261], [-89.11799557382075, 42.26834788319352], [-89.11801749679798, 42.26830548108257], [-89.11805345232453, 42.26826873944238], [-89.11810098258381, 42.26824016312837], [-89.1181568576936, 42.26822169425116]]]]}, "properties": {"bid": 190267, "oz": "Y", "rerz": "N", "tif": "Y"}}, {"type": "Feature", "geometry": {"type": "MultiPolygon", "coordinates": [[[[-89.06436269830036, 42.23860088587757], [-89.06442455196688, 42.23860080118281], [-89.06442467469515, 42.23864912661073], [-89.06436282098142, 42.238649211305024], [-89.06436269830036, 42.23860088587757]]]]}, "properties": {"bid": 190712, "oz": "N", "rerz": "N", "tif": "Y"}}, {"type": "Feature", "geometry": {"type": "MultiPolygon", "coordinates": [[[[-89.10418961912653, 42.26761450979985], [-89.10427837359912, 42.267404546070466], [-89.10445204061057, 42.267445044569946], [-89.10436328665209, 42.26765500843811], [-89.10418961912653, 42.26761450979985]]]]}, "properties": {"bid": 190891, "oz": "N", "rerz": "Y", "tif": "N"}}, {"type": "Feature", "geometry": {"type": "MultiPolygon", "coordinates": [[[[-89.10411794535733, 42.267782498391924], [-89.10414939624945, 42.267704257002855], [-89.10432753085581, 42.26774375980352], [-89.10428498158122, 42.26784961273433], [-89.10411794535733, 42.267782498391924]]]]}, "properties": {"bid": 190892, "oz": "N", "rerz": "Y", "tif": "N"}}, {"type": "Feature", "geometry": {"type": "MultiPolygon", "coordinates": [[[[-89.07658214266546, 42.24749840256375], [-89.07657980976312, 42.24738549770244], [-89.07690466212803, 42.247381793248024], [-89.07690703545713, 42.24749656724324], [-89.07658214266546, 42.24749840256375]]]]}, "properties": {"bid": 191277, "oz": "N", "rerz": "N", "tif": "N"}}, {"type": "Feature", "geometry": {"type": "MultiPolygon", "coordinates": [[[[-89.08748135540273, 42.24133205014374], [-89.08748429582556, 42.24087152781371], [-89.0870661432154, 42.24087547076217], [-89.08706009889767, 42.24052135010913], [-89.0879842810777, 42.240512638671255], [-89.08798389405484, 42.24048983124438], [-89.08804005147523, 42.24048930154698], [-89.08804062439705, 42.24052298574096], [-89.0881114140343, 42.24052231783611], [-89.08811152026743, 42.24052843963496], [-89.0881458929337, 42.24052811251865], [-89.08814804137343, 42.24065403514483], [-89.08811066579017, 42.24065438753209], [-89.08811096541713, 42.240671921275066], [-89.0880596889811, 42.24067240223851], [-89.08806034871854, 42.24071107197437], [-89.08799419064107, 42.240711696968155], [-89.08799469167141, 42.24074081972774], [-89.08807232948088, 42.24074008865394], [-89.08807405671055, 42.24084129772613], [-89.08807172970809, 42.24084132111986], [-89.08807256537939, 42.240890151307426], [-89.08811804674096, 42.240889722861986], [-89.08811892241762, 42.240941084892235], [-89.08805741811197, 42.24094166313042], [-89.08805407698887, 42.2412991201333], [-89.0880545498588, 42.24132664553685], [-89.08748135540273, 42.24133205014374]], [[-89.08763008160939, 42.24073683419765], [-89.08781598720361, 42.24073753350092], [-89.08781625972033, 42.24069780231991], [-89.08774693706712, 42.24069754123134], [-89.08774722589739, 42.24065587970276], [-89.08763063768119, 42.24065543732335], [-89.08763008160939, 42.24073683419765]]]]}, "properties": {"bid": 192285, "oz": "Y", "rerz": "N", "tif": "Y"}}, {"type": "Feature", "geometry": {"type": "MultiPolygon", "coordinates": [[[[-89.08079527708095, 42.24779075188156], [-89.08079450441114, 42.2477527890763], [-89.07902345382274, 42.24777256665685], [-89.07902324911076, 42.24776255411517], [-89.07885967845431, 42.24776437802025], [-89.07885836454234, 42.24769930077205], [-89.07826918593591, 42.247705874163984], [-89.07826978121601, 42.24773537650757], [-89.07821551627983, 42.24773598110977], [-89.07821523346053, 42.247721818695275], [-89.07720625358934, 42.24773306621084], [-89.07720659127011, 42.24774982235487], [-89.07715320734287, 42.24775041835866], [-89.07714843662217, 42.247514168980814], [-89.07726486231971, 42.247512871115276], [-89.07726363774059, 42.24745203438476], [-89.0771964620978, 42.24745278341761], [-89.0771942942465, 42.247345354680675], [-89.07754126524577, 42.247341488081894], [-89.07754013460557, 42.247285480547795], [-89.07763559208152, 42.247284419492004], [-89.077636722877, 42.24734042291062], [-89.07785601440649, 42.24733797723448], [-89.07785617251015, 42.24734585714402], [-89.07826957657464, 42.24734124422053], [-89.07826976137541, 42.2473504744969], [-89.07885703602125, 42.24734392419743], [-89.07885865995445, 42.24742416847457], [-89.0791195382872, 42.247421254546744], [-89.07911903658255, 42.24739660197739], [-89.07956563254156, 42.247391615842524], [-89.07956503852165, 42.24736232755715], [-89.07985754552354, 42.24735906139379], [-89.07985636162262, 42.247300550723445], [-89.0794312660179, 42.247305297271616], [-89.07942677542205, 42.24708321034152], [-89.07946971376487, 42.247082728298395], [-89.07946815557997, 42.24700570763267], [-89.07936538967286, 42.24700685734172], [-89.07936485443663, 42.246980603251295], [-89.07911839599316, 42.24698335400176], [-89.07911820979604, 42.24697419780433], [-89.07908991677468, 42.246974514001664], [-89.07908918579129, 42.24675197287335], [-89.07908867155679, 42.246726760378905], [-89.07911582297946, 42.24672645805315], [-89.07911073883083, 42.246475132198555], [-89.07912776663402, 42.246474939677675], [-89.07911578848261, 42.24588252522128], [-89.0791118321723, 42.24588257002803], [-89.07910871688554, 42.24572851631821], [-89.08082474340569, 42.245709348299016], [-89.08083516684202, 42.246224083406744], [-89.08082393512619, 42.246224207572766], [-89.08083119660824, 42.246582842792414], [-89.08082279631495, 42.24658293613908], [-89.08082330347953, 42.24660795509937], [-89.08085838971938, 42.246607562839465], [-89.08086225100423, 42.24679815484061], [-89.08084296790192, 42.24679837154433], [-89.08084702087757, 42.246998457315456], [-89.08085835250647, 42.24699832997722], [-89.0808743776944, 42.24778987078653], [-89.08079527708095, 42.24779075188156]], [[-89.07936409316638, 42.24669686626768], [-89.07936588703451, 42.246826930545275], [-89.07977959490944, 42.24682378041765], [-89.0797778002618, 42.24669371202111], [-89.07936409316638, 42.24669686626768]], [[-89.08015406391851, 42.24669142406607], [-89.0801566248217, 42.24682240528209], [-89.08045740027617, 42.246819158289725], [-89.08045483882114, 42.246688172957654], [-89.08015406391851, 42.24669142406607]], [[-89.08004441088207, 42.24710258571183], [-89.08007622716126, 42.24710228619557], [-89.08007528743093, 42.24704696789403], [-89.08044962416733, 42.247043450553534], [-89.08045065413256, 42.24710386144849], [-89.08053570801164, 42.24710306578352], [-89.08053390591716, 42.24699723764191], [-89.08004269387419, 42.247001854227726], [-89.08004441088207, 42.24710258571183]], [[-89.08023707068018, 42.24748203538642], [-89.08044191541413, 42.247402981238295], [-89.08052385481858, 42.247402909349475], [-89.08052381334392, 42.247374972298964], [-89.08005171198172, 42.24737537791938], [-89.08005176881831, 42.2474104773052], [-89.0801469492607, 42.2474103953061], [-89.08014697747065, 42.24743037972996], [-89.08015450098638, 42.247430376915396], [-89.08015451871292, 42.247442256439854], [-89.08023700661658, 42.24744218583633], [-89.08023707068018, 42.24748203538642]], [[-89.0805014619094, 42.24668763898631], [-89.08049926108666, 42.2468159201486], [-89.08068964184643, 42.2468177230573], [-89.0806918422836, 42.24668944188695], [-89.0805014619094, 42.24668763898631]], [[-89.08031172190515, 42.247490534513304], [-89.08044876746277, 42.24748183022691], [-89.0804502592871, 42.24743330611223], [-89.08031172190515, 42.247490534513304]]]]}, "properties": {"bid": 192286, "oz": "N", "rerz": "N", "tif": "N"}}, {"type": "Feature", "geometry": {"type": "MultiPolygon", "coordinates": [[[[-89.1196008274456, 42.27015023762753], [-89.1195056227731, 42.269757663389626], [-89.11946707538898, 42.26976282297371], [-89.119485445931, 42.26983857221982], [-89.11923740398157, 42.26987175147231], [-89.1192549857039, 42.26994424999045], [-89.11905965443341, 42.26997037765004], [-89.11904207286074, 42.26989788322024], [-89.11878409358525, 42.26993239491101], [-89.11873314539535, 42.26972228353432], [-89.11888143051269, 42.26970244832783], [-89.11888683082981, 42.26972472509896], [-89.11906937530702, 42.269700304395556], [-89.11905443974747, 42.26963870911211], [-89.11788553196148, 42.26979506812214], [-89.117871940874, 42.269739025376175], [-89.11784740747179, 42.2697422874148], [-89.11777374824315, 42.269427066778334], [-89.11950104774157, 42.26920440966705], [-89.11944052147321, 42.269152964377035], [-89.1194167953189, 42.269156024198395], [-89.11940428643163, 42.2691024941526], [-89.1193338633858, 42.269111573457636], [-89.1192292284422, 42.268663825812155], [-89.11914577103235, 42.268674584726114], [-89.11912845994239, 42.26860049568256], [-89.11921191725692, 42.268589736780015], [-89.11903051869574, 42.26784170718044], [-89.11883029504102, 42.26786848952965], [-89.1187512469359, 42.267542518077114], [-89.11921677043637, 42.26748024099721], [-89.11923086534384, 42.2675383668854], [-89.11929016730349, 42.26753043327412], [-89.1193128273917, 42.26762386786781], [-89.1192535253468, 42.26763180148974], [-89.1193093139713, 42.26786186693823], [-89.11936683331957, 42.26785417221164], [-89.11938135912276, 42.26791406785958], [-89.11932383972147, 42.267921762592785], [-89.1193679978753, 42.26810386281946], [-89.11942873335774, 42.26809573642031], [-89.11944186361741, 42.268149885459046], [-89.11945461614556, 42.268148178439375], [-89.1195237233184, 42.26843314778165], [-89.11953179924532, 42.26843206487387], [-89.11953923845306, 42.2684627531513], [-89.11946291184844, 42.26847296409571], [-89.11952355241912, 42.268723041361284], [-89.11958254440542, 42.26871515005016], [-89.1196014805099, 42.2687932177543], [-89.11963611699097, 42.26878858633414], [-89.11969960178452, 42.26905037121422], [-89.11960924985856, 42.26906245879216], [-89.11961221210245, 42.26907467799706], [-89.11954511045833, 42.26908365603953], [-89.11957208748392, 42.26919490780661], [-89.12129516624067, 42.268971687033826], [-89.12138159137568, 42.26932803144077], [-89.11964639570587, 42.2695601778917], [-89.11966551859524, 42.26963903347258], [-89.11970724289272, 42.26963345416058], [-89.11970453988992, 42.269622311651766], [-89.11977600222929, 42.26961275178179], [-89.1197740203383, 42.2696045836312], [-89.1198545251382, 42.26959381377637], [-89.11986845525536, 42.26965124242692], [-89.11992754254337, 42.26964333534629], [-89.11993636240523, 42.269679695956874], [-89.11987726961105, 42.26968759887548], [-89.11997725470411, 42.27009987948818], [-89.1196008274456, 42.27015023762753]], [[-89.11908179245653, 42.26966431883432], [-89.11909684170507, 42.26972306674853], [-89.11928350850945, 42.26969669112462], [-89.11927850597044, 42.269677159387896], [-89.11941982659592, 42.26965719401624], [-89.11942524563143, 42.269678351329574], [-89.11946780851615, 42.26967233521424], [-89.1194523480199, 42.269611961812934], [-89.11908179245653, 42.26966431883432]], [[-89.11951192440173, 42.269606315085376], [-89.11952815965364, 42.269663077421484], [-89.11960730753019, 42.2696505871311], [-89.1195910666688, 42.26959382475475], [-89.11951192440173, 42.269606315085376]]]]}, "properties": {"bid": 192309, "oz": "Y", "rerz": "N", "tif": "Y"}}, {"type": "Feature", "geometry": {"type": "MultiPolygon", "coordinates": [[[[-89.07276352720609, 42.23834225697498], [-89.07275908769105, 42.23814357885174], [-89.0729437644052, 42.23814152855754], [-89.07294150801216, 42.238015588161076], [-89.07496017468102, 42.238002607946925], [-89.07495973290952, 42.23796461115103], [-89.07567868934183, 42.237959976575205], [-89.07567882946269, 42.237972100138094], [-89.07624169394828, 42.2379684673887], [-89.07624179671424, 42.237977297630195], [-89.07667671177008, 42.237974491923595], [-89.07667926102677, 42.2381926298534], [-89.0767359343765, 42.23819226289142], [-89.07673753524661, 42.238329372497404], [-89.07664851416972, 42.238329946552135], [-89.07658106898532, 42.23831216151981], [-89.07658183776671, 42.23837820101924], [-89.07606693435065, 42.23838152589966], [-89.07606607220474, 42.23830775115726], [-89.07568163462582, 42.23831023206547], [-89.07568176983806, 42.23832199747094], [-89.07544242287767, 42.23832354024946], [-89.07544247943804, 42.23832861607065], [-89.0749680567898, 42.23833167081091], [-89.0749677958058, 42.23830921441866], [-89.0739531752382, 42.238315745090674], [-89.07395326888064, 42.23832412246338], [-89.07347306260066, 42.23832721058566], [-89.07347302953886, 42.238324312461074], [-89.07330094285955, 42.238325417535194], [-89.07330100811855, 42.23833094210652], [-89.07318285813098, 42.23833170090155], [-89.0731829494774, 42.23833956372695], [-89.07276352720609, 42.23834225697498]]]]}, "properties": {"bid": 159788, "oz": "N", "rerz": "N", "tif": "N"}}, {"type": "Feature", "geometry": {"type": "MultiPolygon", "coordinates": [[[[-89.10583842669124, 42.27073839011058], [-89.10533347999974, 42.270736467570465], [-89.10533815676303, 42.27034772451195], [-89.10583546684762, 42.27036331622012], [-89.10583842669124, 42.27073839011058]]]]}, "properties": {"bid": null, "oz": "Y", "rerz": "Y", "tif": "N"}}, {"type": "Feature", "geometry": {"type": "MultiPolygon", "coordinates": [[[[-89.07588197087753, 42.25770683724944], [-89.07552641562108, 42.2575589970425], [-89.07551548811712, 42.25757349732623], [-89.0754555486805, 42.25754857560749], [-89.07546445751532, 42.2575367481122], [-89.07538769997984, 42.257504829333605], [-89.07538825053439, 42.25745362089256], [-89.0754772925533, 42.25733545253764], [-89.07558001166424, 42.25737816806443], [-89.0755761215619, 42.257383329806196], [-89.07592800086015, 42.25752964483737], [-89.0759240711446, 42.25753485560842], [-89.07599187243159, 42.25756305013531], [-89.07599051721382, 42.25756484425549], [-89.07658106360883, 42.257810396164494], [-89.07646427053258, 42.25796540492821], [-89.07587253480713, 42.257719359515015], [-89.07588197087753, 42.25770683724944]]]]}, "properties": {"bid": 133878, "oz": "N", "rerz": "N", "tif": "Y"}}]}