{"type": "FeatureCollection", "features": [{"type": "Feature", "geometry": {"type": "MultiPolygon", "coordinates": [[[[-89.08497874332814, 42.28554274093955], [-89.08435655538389, 42.28554869740822], [-89.08411264050136, 42.28555103242691], [-89.08411627816389, 42.28608968231568], [-89.08361692754269, 42.28609572388251], [-89.08361361295282, 42.28573692706001], [-89.08361756619757, 42.28555577022979], [-89.0831636308827, 42.28556009785093], [-89.08316216129825, 42.28544966139675], [-89.08358242895068, 42.28456939483374], [-89.08335609281819, 42.28450150709684], [-89.08284720625247, 42.28441349733387], [-89.08296371978312, 42.28423068809667], [-89.08257369389261, 42.284068829738935], [-89.08315245795386, 42.28325773293618], [-89.08355194516523, 42.28340420166051], [-89.08420523627635, 42.28270697005915], [-89.08372357831966, 42.28251014183236], [-89.08392753387575, 42.282250910701585], [-89.08424951311287, 42.28182375486258], [-89.08471855081378, 42.28212306445841], [-89.08537995830007, 42.281550458092816], [-89.0858892464024, 42.2818754426665], [-89.08607421769912, 42.281993454144065], [-89.08651156994812, 42.28227256300995], [-89.08656201767921, 42.28230476024524], [-89.0869993747215, 42.28258383938], [-89.08762134841204, 42.282980675794285], [-89.0868252977009, 42.283669201097574], [-89.0866737922684, 42.28381131892848], [-89.08565625191054, 42.28468750489865], [-89.08497337578622, 42.285374778237575], [-89.08497874332814, 42.28554274093955]]]]}, "properties": {"name": "Garrison School", "status": "Existing", "ending_date": "2029-12-30", "final_levy_year": "2028"}}, {"type": "Feature", "geometry": {"type": "MultiPolygon", "coordinates": [[[[-89.13830367459252, 42.27174908572661], [-89.13794629702005, 42.27174760899217], [-89.13771416698678, 42.27174662479293], [-89.13712465906188, 42.271744186934086], [-89.13692622260069, 42.271743420797975], [-89.13633874706711, 42.271740943129785], [-89.13575127239635, 42.271738490368534], [-89.1356251580774, 42.271740756112656], [-89.13564462248519, 42.26865245417266], [-89.13552643115679, 42.26643210188366], [-89.13694277392165, 42.26643964873551], [-89.13690122689829, 42.26669914553359], [-89.13589319877597, 42.26669436323735], [-89.13588787577442, 42.26701162638445], [-89.13631135299646, 42.267010847625436], [-89.13633526852166, 42.26713839598763], [-89.1371219922527, 42.267138745318164], [-89.13712385009853, 42.267024580133025], [-89.13771167719922, 42.267021979139756], [-89.1377158650498, 42.266764484948126], [-89.13857455821912, 42.26677208634879], [-89.13855007832018, 42.2663274564191], [-89.13957661537965, 42.266318678497086], [-89.13957655149221, 42.26640310208124], [-89.13967990504285, 42.26640202451184], [-89.13986466172608, 42.266400111907124], [-89.13997200630399, 42.26639898698071], [-89.14036746063854, 42.26639489842125], [-89.14039643036982, 42.26639458148146], [-89.1407629141894, 42.26639078058124], [-89.14094090966402, 42.26638894260337], [-89.14115840483326, 42.26638668961826], [-89.14116254372038, 42.26638664380173], [-89.14155385910937, 42.26638259606553], [-89.14160773437601, 42.2663820350885], [-89.14194931379852, 42.26637847414329], [-89.14205288788273, 42.26637739640514], [-89.14222279098945, 42.266375648890445], [-89.14234476679923, 42.266374378751266], [-89.1425424943554, 42.266372302193595], [-89.1426680183811, 42.266371008478586], [-89.14274022143911, 42.26637025410039], [-89.14293791096128, 42.26636820443056], [-89.1431131713619, 42.266366393582906], [-89.14313563804733, 42.26636615475509], [-89.14335697752723, 42.266363849081905], [-89.14346306481784, 42.26636273757708], [-89.14352222300583, 42.266362140908306], [-89.14428271976197, 42.26635421419526], [-89.14482339312208, 42.26634860577543], [-89.14505008985844, 42.26634623473157], [-89.1454222276493, 42.266342359467565], [-89.14549810531595, 42.26634155774905], [-89.14546887796459, 42.268810542615526], [-89.14378523535615, 42.26879954581695], [-89.14379934997946, 42.26933413128246], [-89.14421523034962, 42.2693477522806], [-89.14423618990016, 42.2705697962217], [-89.1444220452743, 42.27057145309311], [-89.1444123789548, 42.27116961100401], [-89.14401579908039, 42.271199796895516], [-89.14401009592393, 42.27177960676126], [-89.14539605049671, 42.27178709802165], [-89.14541477251979, 42.27460576640044], [-89.14531816758308, 42.2745956635415], [-89.14466184842202, 42.27459190136718], [-89.1445814290514, 42.2745906984738], [-89.14457039864504, 42.274636457961776], [-89.14344869690343, 42.27463409757634], [-89.14344461724367, 42.27488627545802], [-89.1433536078835, 42.27488584870378], [-89.14306542606295, 42.274883989797786], [-89.14306490305894, 42.275076156443255], [-89.14306453632247, 42.27523125093305], [-89.14230240338918, 42.275226339832635], [-89.1423064418778, 42.27376551209431], [-89.14232583398517, 42.27185626604446], [-89.13854663607738, 42.271840667859], [-89.13829700494595, 42.271844232016015], [-89.13830367459252, 42.27174908572661]]]]}, "properties": {"name": "HOPE 6", "status": "Existing", "ending_date": "2029-12-30", "final_levy_year": "2028"}}, {"type": "Feature", "geometry": {"type": "MultiPolygon", "coordinates": [[[[-89.08675846560948, 42.23945956926266], [-89.08700205782212, 42.239474403038734], [-89.08704598481799, 42.239484809051994], [-89.08706011854481, 42.239488262428075], [-89.08707698639093, 42.2394924527812], [-89.08710108491758, 42.239498568526194], [-89.08713475891338, 42.23950737088072], [-89.08715158373822, 42.239511882227205], [-89.08717552704692, 42.239518433144], [-89.08720199622645, 42.23952585501775], [-89.08721613807664, 42.23952989905183], [-89.08723887594824, 42.239536516036125], [-89.08726506127292, 42.239544314252555], [-89.087288497775, 42.239551456378535], [-89.08731463715237, 42.23955960527061], [-89.08733792228433, 42.2395670277577], [-89.08735722753626, 42.239573300908255], [-89.08738039216496, 42.23958096983685], [-89.08738711082005, 42.23958322350796], [-89.08740344689828, 42.23958876016826], [-89.08743358461795, 42.23959918121884], [-89.08745273373783, 42.23960594355089], [-89.08747534893237, 42.23961407454902], [-89.08749424228597, 42.23962098661915], [-89.08752642683542, 42.23963301864631], [-89.08755194256555, 42.23964278756895], [-89.08759000317436, 42.239657746842965], [-89.08761527061569, 42.23966793835988], [-89.08763096381492, 42.23967437374678], [-89.08764996030708, 42.23968227439737], [-89.08767505323242, 42.23969289640611], [-89.08770005593915, 42.23970369402058], [-89.0877309218079, 42.23971732243134], [-89.08775216154945, 42.23972689713039], [-89.08778257899073, 42.2397408904342], [-89.08781631375784, 42.23975680647845], [-89.08784985871922, 42.2397730547409], [-89.08787953540721, 42.23978778920537], [-89.08790892525145, 42.23980271993176], [-89.08792720943485, 42.239812183069844], [-89.08794545410748, 42.239821761072555], [-89.08796898396696, 42.239834315677186], [-89.0879975922528, 42.23984989355236], [-89.08802967485491, 42.2398677809702], [-89.0880525940472, 42.239880836686616], [-89.08807033150305, 42.23989110223454], [-89.08810175479054, 42.23990964425621], [-89.08812802126371, 42.23992549807685], [-89.08815023342088, 42.23993916473462], [-89.0881761550369, 42.23995542043894], [-89.08819797951962, 42.23996937063949], [-89.08822745978749, 42.239988605597205], [-89.08824439409713, 42.23999986200531], [-89.08826123832435, 42.24001121479696], [-89.0883011522293, 42.240038746028674], [-89.08834423780058, 42.240069499552355], [-89.08837257256008, 42.24009033705065], [-89.08840444393174, 42.24011438137082], [-89.08844365552329, 42.24014488416206], [-89.0884779366937, 42.2401724235973], [-89.08849700205802, 42.24018810700001], [-89.0885233915729, 42.24021026762972], [-89.0885421222454, 42.24022632510675], [-89.08856071091756, 42.24024253969973], [-89.08857915038219, 42.24025890773967], [-89.08859743705109, 42.240275426492076], [-89.08861168114021, 42.240288496882705], [-89.0886428772369, 42.240317771868604], [-89.08868168142969, 42.240355494803715], [-89.08870556472698, 42.240379478362065], [-89.08872905792278, 42.240403674322266], [-89.08874574569205, 42.24042124038396], [-89.08876634782034, 42.24044338347559], [-89.08878247122935, 42.24046107837329], [-89.08879839410542, 42.24047888122137], [-89.08881771698078, 42.2405009429573], [-89.08883677217959, 42.24052321374621], [-89.08885200873863, 42.24054140627135], [-89.08887053844032, 42.240564014232284], [-89.0888977847938, 42.24059828023839], [-89.08891215792735, 42.24061687518095], [-89.08892435185162, 42.24063295039395], [-89.08894725966435, 42.24066393001498], [-89.08895569374107, 42.240675604309764], [-89.08896226642271, 42.24068480777898], [-89.088980506318, 42.2407108512669], [-89.08899980379434, 42.24073925448789], [-89.08901398393131, 42.240760721380404], [-89.08902794390866, 42.2407823815688], [-89.0890399535029, 42.240801460258346], [-89.08906330414773, 42.24083981662168], [-89.08909972609752, 42.24087772680093], [-89.0891158285158, 42.240895385441405], [-89.08912796942714, 42.24090909953202], [-89.08915047797734, 42.240935500005534], [-89.08916540571957, 42.240953766112774], [-89.08917650926247, 42.240967779256906], [-89.08918874404499, 42.24098366846165], [-89.08921105540033, 42.24101397079681], [-89.0892274738487, 42.24103748437868], [-89.08924018409208, 42.24105647869802], [-89.08925706436139, 42.2410829019012], [-89.08926882192347, 42.24110220237458], [-89.08927726244536, 42.24111656681961], [-89.08928700999567, 42.24113372728808], [-89.08929646688725, 42.24115102277205], [-89.08930562720063, 42.241168445113196], [-89.08931704617312, 42.24119119777471], [-89.08932883968626, 42.24121607867517], [-89.08933838314648, 42.24123740293715], [-89.08934675317401, 42.241257123534524], [-89.08935614067921, 42.241280564749644], [-89.08937168364514, 42.24132321238945], [-89.0893872726515, 42.24137262715812], [-89.08939235460842, 42.241390765639395], [-89.0893987837333, 42.24141567987193], [-89.08940304794459, 42.24143374134794], [-89.08940556371645, 42.241445111533125], [-89.08940910926742, 42.241462256949546], [-89.08941253208823, 42.24148034923504], [-89.08941650699434, 42.241503950275614], [-89.08925846016194, 42.2415051827699], [-89.08925984328312, 42.24132405512848], [-89.08906670833636, 42.24132556093167], [-89.0886789968284, 42.24132855801178], [-89.08829128698223, 42.24133152678725], [-89.08804755045675, 42.24133340585902], [-89.0869877646051, 42.24134157230083], [-89.0869904088336, 42.240999810497144], [-89.08674664511442, 42.24100158121429], [-89.08487918620703, 42.24101479824401], [-89.08402994468656, 42.24102080781841], [-89.08131073173841, 42.24104000028961], [-89.08057960725621, 42.24104515289511], [-89.08030263305609, 42.241047112179764], [-89.0790619567647, 42.24105579744663], [-89.0783876381863, 42.24106056905431], [-89.07722304673322, 42.241068749061924], [-89.0772250728374, 42.24089569987039], [-89.07723005096055, 42.24047056613426], [-89.07723098731708, 42.240388251081136], [-89.07723127829917, 42.24036492872649], [-89.07724225801307, 42.239426126694546], [-89.07725223573637, 42.238569199619334], [-89.07919816838175, 42.23855621965843], [-89.08008434254548, 42.23855026710468], [-89.0813648502069, 42.23854170091887], [-89.0823802518756, 42.2385348944318], [-89.08305158345047, 42.23860383314083], [-89.08406171430994, 42.23907825749233], [-89.08406225083175, 42.23886976337718], [-89.08407531366713, 42.238872623613894], [-89.08675846560948, 42.23945956926266]]]]}, "properties": {"name": "Kishwaukee St./Harrison Ave. #1", "status": "Existing", "ending_date": "2029-12-30", "final_levy_year": "2028"}}, {"type": "Feature", "geometry": {"type": "MultiPolygon", "coordinates": [[[[-89.13543188263368, 42.27557281306582], [-89.13492846343661, 42.275575364893285], [-89.13468460691129, 42.275576572902764], [-89.13420332510366, 42.27557890932265], [-89.13420563033458, 42.27533357799588], [-89.13420746184958, 42.2751399143256], [-89.13420889547149, 42.27498867019714], [-89.13420929304057, 42.27494619482726], [-89.13421112450963, 42.27475253114376], [-89.13421300163944, 42.274556068825824], [-89.13421494773344, 42.274348547811286], [-89.13421678724002, 42.274152085141075], [-89.13421866385664, 42.27395564980745], [-89.13422112694391, 42.27369380018896], [-89.13472209992379, 42.27369084499596], [-89.1349437787798, 42.273689684049444], [-89.13544475653416, 42.273686506968076], [-89.13544296165769, 42.27394827980397], [-89.13544166199092, 42.27414354095758], [-89.13544032595632, 42.27433880087734], [-89.13543903317118, 42.274526871366994], [-89.13543888446198, 42.27454506333455], [-89.13543758596064, 42.2747403235785], [-89.13543625746463, 42.27493281241656], [-89.13543492972073, 42.275125328264146], [-89.13543363832024, 42.27531784443224], [-89.13543188263368, 42.27557281306582]]]]}, "properties": {"name": "Lincolnwood Estates #2", "status": "Existing", "ending_date": "2029-12-30", "final_levy_year": "2028"}}, {"type": "Feature", "geometry": {"type": "MultiPolygon", "coordinates": [[[[-89.07839191816433, 42.30005134014893], [-89.07841132270242, 42.30008419877794], [-89.07849902808672, 42.30023271578335], [-89.07849963644699, 42.30028760363678], [-89.07869182114472, 42.30028520130028], [-89.07869225844236, 42.300326367009504], [-89.07915863439686, 42.30032052866591], [-89.07915913681641, 42.30036441118614], [-89.07916942554431, 42.30131089776808], [-89.07917080841372, 42.30144808184943], [-89.07915586495511, 42.301448268731434], [-89.07915749174803, 42.30145641653793], [-89.07914554439905, 42.30144839772317], [-89.07870452344223, 42.301453928290364], [-89.07818643778077, 42.30146042719588], [-89.07726159571752, 42.301472023340274], [-89.07724247573377, 42.301472263023136], [-89.07724621815731, 42.30181695812854], [-89.07726840248633, 42.301816675535015], [-89.07727061429811, 42.302020692887425], [-89.07727129994075, 42.30208383808011], [-89.07727139747968, 42.30209281225977], [-89.07697939283541, 42.30209382789089], [-89.07693503106135, 42.302093982491634], [-89.0763017585742, 42.30209591647899], [-89.07594968691686, 42.30209699029341], [-89.07595498116443, 42.30237013470728], [-89.07584136320196, 42.30237171607262], [-89.07558599025664, 42.302372495938236], [-89.07528474204832, 42.30237341389152], [-89.07527364678546, 42.302373447831926], [-89.0752717567602, 42.3021832629789], [-89.07526907659489, 42.301908223080225], [-89.07526634868503, 42.30163384083088], [-89.07526581784356, 42.301578981625426], [-89.07526553701123, 42.301550302714695], [-89.07526457049498, 42.30145213690958], [-89.07526364162312, 42.30135825146991], [-89.07533609842568, 42.30135800839669], [-89.07533338524615, 42.30108486146979], [-89.07533076001802, 42.300821649237996], [-89.07532806937792, 42.300547267294114], [-89.07532434855487, 42.300174115706994], [-89.07531901240718, 42.29968256692471], [-89.07531896318987, 42.29963619127863], [-89.07532827549812, 42.29963607194096], [-89.07616619369341, 42.29962534465585], [-89.07616623791247, 42.29962474998034], [-89.07617850335127, 42.299458208215945], [-89.07617628539202, 42.29927400263168], [-89.07617469811652, 42.29913680933077], [-89.07617307323758, 42.298999616569375], [-89.07617144837499, 42.29886242290463], [-89.07616982351325, 42.298725229236716], [-89.07616819865231, 42.298588035565636], [-89.07616653693499, 42.29845086945004], [-89.07616494966395, 42.298313676130086], [-89.07616332480549, 42.29817648244948], [-89.07616169946637, 42.2980393166703], [-89.076160112679, 42.29790209543617], [-89.07638030403413, 42.29789996330655], [-89.07665746652859, 42.29789724786001], [-89.07693403684102, 42.29789455312443], [-89.07710097008292, 42.297892737231166], [-89.077177746733, 42.297891902024624], [-89.07772293888486, 42.29788659774615], [-89.07772419778341, 42.29802376093392], [-89.07772545575055, 42.29816097812744], [-89.07772667828745, 42.298298140063196], [-89.07772793671835, 42.29843533024588], [-89.07772919514846, 42.29857252042537], [-89.07773041768279, 42.298709682351586], [-89.07773167611131, 42.2988468725247], [-89.0777329345391, 42.29898406269462], [-89.07773310603679, 42.29900247269113], [-89.07773383119556, 42.299080032940545], [-89.07770314530738, 42.29908031771597], [-89.07720617901697, 42.29908515098421], [-89.07719069829385, 42.2990853009962], [-89.0771921616974, 42.299217004902985], [-89.07719354992375, 42.299348708092545], [-89.07719501332787, 42.299480411993464], [-89.07719556690783, 42.29953032249804], [-89.07731107861285, 42.299534173955195], [-89.07768714457623, 42.299530501376225], [-89.07769286590326, 42.300058686824656], [-89.07770058552124, 42.300058590881434], [-89.07818807926152, 42.300052495181355], [-89.07839109682462, 42.3000499494981], [-89.07839191816433, 42.30005134014893]]]]}, "properties": {"name": "North Main / Eddy Ave.", "status": "Existing", "ending_date": "2028-12-30", "final_levy_year": "2027"}}, {"type": "Feature", "geometry": {"type": "MultiPolygon", "coordinates": [[[[-89.10447882698861, 42.249938759350236], [-89.1044992762069, 42.24992632556882], [-89.10454055275052, 42.249927311053476], [-89.10455322704685, 42.24989617344479], [-89.10455214687109, 42.249863700243694], [-89.10454061957803, 42.24982871477112], [-89.1045341340953, 42.24978595684213], [-89.10454522995278, 42.249765258956906], [-89.10454965153704, 42.24975703960758], [-89.10456516970777, 42.249728150287], [-89.10457769520967, 42.24969923324925], [-89.10459022236456, 42.249670289216134], [-89.10459373670652, 42.24964131663469], [-89.1045947112138, 42.24958323167643], [-89.10459819012137, 42.24955420384766], [-89.10461771046819, 42.249467258498036], [-89.10462421668313, 42.24943828571158], [-89.10463399722182, 42.24939471689019], [-89.10463723077412, 42.24938031224303], [-89.10464070796941, 42.24935131230551], [-89.10465024314537, 42.24932236756622], [-89.10466276973612, 42.24929345052708], [-89.1046755435082, 42.24926511197053], [-89.10467947955136, 42.24922645600651], [-89.10468417614877, 42.24917106771204], [-89.1046960375822, 42.24912010954148], [-89.1047055355897, 42.24909113744301], [-89.10470748082838, 42.24908750561858], [-89.10472105352028, 42.249062248095385], [-89.10473058740182, 42.24903330333586], [-89.10475212494242, 42.24900444181309], [-89.10476465020938, 42.248975524748765], [-89.10478618723121, 42.2489466920242], [-89.10480776106398, 42.24891783082649], [-89.10481426713055, 42.248888858024905], [-89.10481774543995, 42.248859857189395], [-89.10482126130499, 42.248830856701346], [-89.10482174865973, 42.24880180116364], [-89.1048192066024, 42.24877274458628], [-89.10482018085808, 42.248714660515084], [-89.10482369718066, 42.248685632121024], [-89.10482717500462, 42.24865665918918], [-89.1048306896406, 42.248627658688434], [-89.10483416837862, 42.24859863084591], [-89.10484116128579, 42.24854062950648], [-89.10484766774778, 42.24851162969552], [-89.10484815463201, 42.24848260116091], [-89.10485163289977, 42.24845360032194], [-89.10485212024922, 42.248424543881846], [-89.10485262489532, 42.24839669581139], [-89.10486212271613, 42.24836772369432], [-89.1048686286962, 42.248338750885985], [-89.10488164230223, 42.24828077827383], [-89.10491020818989, 42.24819394360869], [-89.10491671459654, 42.24816494289117], [-89.10492318371384, 42.248135997646855], [-89.10493271901963, 42.248107025869565], [-89.10493922540624, 42.248078025150114], [-89.10495825751123, 42.248020135253114], [-89.10497126975237, 42.24796216261473], [-89.10498076699696, 42.247933217489305], [-89.10498727287415, 42.24790424467095], [-89.10501232439117, 42.24784638347727], [-89.10502174781675, 42.247821910381276], [-89.10503042032538, 42.24781128873305], [-89.10504750727375, 42.2477857071752], [-89.1050577619088, 42.247757839516424], [-89.10507133940042, 42.24773002962403], [-89.10508163157395, 42.24770216231029], [-89.10508863631647, 42.24767429157489], [-89.10509908427925, 42.247645876515094], [-89.10510933961143, 42.24761803676687], [-89.10512291751718, 42.24759019896197], [-89.10513483387861, 42.24756237458584], [-89.10514512599553, 42.24753450726498], [-89.10515213069012, 42.247506636524356], [-89.10515747357249, 42.247478723392625], [-89.10516455216002, 42.24745085333489], [-89.1051748442448, 42.24742298601046], [-89.1051885042541, 42.24739465558933], [-89.10520204526078, 42.247366845341794], [-89.1052139620114, 42.24733899305037], [-89.10522425239101, 42.24731115271429], [-89.10523291973037, 42.24728327034655], [-89.10524483599823, 42.24725544505615], [-89.10525837740201, 42.24722760779571], [-89.10527195467242, 42.24719979877492], [-89.1052822462143, 42.24717195844366], [-89.10529416289137, 42.24714410614215], [-89.10530445365515, 42.247116238792216], [-89.10531312047814, 42.247088383421755], [-89.10532666181483, 42.247060546151715], [-89.1053387547893, 42.24703316183469], [-89.10534904627335, 42.24700532149602], [-89.10536096288831, 42.24697746918608], [-89.1053761647599, 42.24694967428535], [-89.10539299296828, 42.246921867422984], [-89.10540982070897, 42.246894087562836], [-89.10542173606383, 42.24686623523432], [-89.10544351218564, 42.2468384741494], [-89.10546196456468, 42.24681070931435], [-89.10548045372636, 42.246782917807366], [-89.10550219299424, 42.246755183378944], [-89.10552393148402, 42.24672742192991], [-89.10554238332699, 42.246699684985764], [-89.10554513420152, 42.24669641712047], [-89.10556402897964, 42.2466995836562], [-89.10569477804202, 42.24672137428708], [-89.10597944260236, 42.24676884620934], [-89.10615961972682, 42.24679888648555], [-89.1063398333591, 42.246828927716656], [-89.10652000962497, 42.246858967418945], [-89.10690559412639, 42.24692320446667], [-89.10708577094624, 42.246953243285624], [-89.10726594915413, 42.24698328183445], [-89.10746454168556, 42.24701639995787], [-89.10709144267116, 42.24738456451766], [-89.10617202533045, 42.24829181197852], [-89.10561582578794, 42.24884059825598], [-89.10560411806598, 42.24884057276536], [-89.10544277685548, 42.248999803308706], [-89.10535153979079, 42.24909160132198], [-89.10526795786804, 42.24918733871957], [-89.10524709670445, 42.249213379640565], [-89.10519003275257, 42.2492899860353], [-89.10513782651789, 42.24936848208881], [-89.10512165348418, 42.24939467621658], [-89.10501265191098, 42.249578523264724], [-89.10491020228265, 42.24976443944107], [-89.10480359125461, 42.25003838752292], [-89.10448023932162, 42.25003723158355], [-89.1044788834105, 42.250021193596936], [-89.10447914583031, 42.250005554128855], [-89.10447505142567, 42.24997000727876], [-89.10447882698861, 42.249938759350236]]]]}, "properties": {"name": "River Oaks", "status": "Existing", "ending_date": "2029-12-30", "final_levy_year": "2028"}}, {"type": "Feature", "geometry": {"type": "MultiPolygon", "coordinates": [[[[-89.14503809928219, 42.28499005289923], [-89.14496494673959, 42.28499107571411], [-89.14434211686228, 42.284998504425005], [-89.14407588758503, 42.28500296302633], [-89.1438096030858, 42.285006186204505], [-89.14354335957901, 42.285009272284135], [-89.14327709636679, 42.285011177275315], [-89.14301088833157, 42.28501431645288], [-89.14297304472834, 42.28501476999042], [-89.1429713105674, 42.28501479052143], [-89.14273650951235, 42.285017601727766], [-89.14273544978766, 42.2851629215035], [-89.14273413333363, 42.28536976192852], [-89.14273274259877, 42.28557654586436], [-89.14272984792429, 42.285983473887114], [-89.1425472948056, 42.28598497132653], [-89.14200965041567, 42.285989471263115], [-89.14173336261435, 42.28599177735039], [-89.14145711118988, 42.28599408219668], [-89.14108871855261, 42.28599688038489], [-89.14086768632836, 42.285998799860096], [-89.14037035229534, 42.28600156670048], [-89.1403704258442, 42.28580357867431], [-89.1403704632596, 42.28560998198418], [-89.14037050145164, 42.28541641140337], [-89.14037044792109, 42.28522281388661], [-89.14037057701148, 42.285029244106624], [-89.14037061560617, 42.284835646501364], [-89.14037069010452, 42.284642077120395], [-89.14037069109459, 42.284448479165874], [-89.14037196063067, 42.28425642937159], [-89.14037325119453, 42.28406435275016], [-89.14037767670276, 42.283405665646306], [-89.14087840735986, 42.28316895441485], [-89.14110082884625, 42.2830630553622], [-89.1412910527694, 42.28297313011492], [-89.14160230692146, 42.28282597400445], [-89.14205006133633, 42.28261432829125], [-89.14207533016831, 42.282602384697846], [-89.14229891896473, 42.28249670260258], [-89.14252287864582, 42.2823908316162], [-89.14274769403816, 42.28228455549164], [-89.14281844904261, 42.282251105439975], [-89.14297388717446, 42.28217760609287], [-89.14299419721128, 42.28216189798383], [-89.14316504331313, 42.282029757956664], [-89.14334392415208, 42.28189134854964], [-89.14350891345526, 42.2817637427711], [-89.14352793160363, 42.28174903407753], [-89.14372795501876, 42.2815942939696], [-89.14378016714268, 42.28155389413663], [-89.14399350365073, 42.281388822512135], [-89.14410476071404, 42.28130274381815], [-89.14409880552854, 42.280962583881596], [-89.14409998137005, 42.28096192004103], [-89.14409742001585, 42.28086022976926], [-89.1440970222644, 42.28086023522546], [-89.14409507612659, 42.280748615612076], [-89.14016334672613, 42.2807918081859], [-89.1390382402829, 42.28080417851962], [-89.13824880857189, 42.28081279733156], [-89.13559909256763, 42.28084180087032], [-89.13560485880214, 42.27999866571699], [-89.13560907286636, 42.279379794165656], [-89.13561355568278, 42.27872412604354], [-89.13561632807732, 42.27831382235745], [-89.13561728250566, 42.27817824372637], [-89.13561963610869, 42.27783437039268], [-89.13562135741604, 42.27758601515927], [-89.13562336490531, 42.27728835116474], [-89.13569562398185, 42.27706963510843], [-89.13569714538852, 42.27672932932432], [-89.1356971603806, 42.2767260298531], [-89.13586412520559, 42.27672709144948], [-89.13619809290286, 42.276729187245614], [-89.13628100424988, 42.27672968556926], [-89.13636505941108, 42.27673022111858], [-89.13653202427757, 42.27673128174268], [-89.1366989908064, 42.27673231512951], [-89.13686602961897, 42.27673337683166], [-89.13707145623817, 42.2767346587133], [-89.13707122908035, 42.276775941813725], [-89.13723668147996, 42.27677690590496], [-89.13740209631321, 42.276777869420265], [-89.13756754918639, 42.27677880512893], [-89.13765230716047, 42.27677929112325], [-89.13773296403907, 42.27677976816704], [-89.13775642975807, 42.27677990128608], [-89.13789837935545, 42.2767807030613], [-89.13822924668555, 42.276782628281694], [-89.1382279547714, 42.27691433535382], [-89.13822482030218, 42.27722979909886], [-89.1383559380829, 42.277238104414025], [-89.13846856040625, 42.277245239010966], [-89.1390239242722, 42.27728040246006], [-89.13947796198944, 42.277309139502], [-89.13977363964189, 42.27732786879908], [-89.14014462271456, 42.27735133181877], [-89.14032959693037, 42.277363086158026], [-89.14042974389254, 42.27736938783377], [-89.14094237530631, 42.277398891004104], [-89.14217906409736, 42.277470151878816], [-89.14227143077811, 42.277475477635335], [-89.14718188728025, 42.27775829020516], [-89.14718046702278, 42.277874670411556], [-89.14717912047813, 42.27798497333287], [-89.1471745150522, 42.278362331728836], [-89.14717398221575, 42.27840455925046], [-89.1471722679877, 42.27854526298536], [-89.14717055407283, 42.27868602163806], [-89.14716883938192, 42.2788267523711], [-89.1466145755193, 42.278825308521476], [-89.14641201042434, 42.27882476871967], [-89.146209482467, 42.278824256799794], [-89.14550604847808, 42.278822384880286], [-89.14509073923259, 42.27882124453408], [-89.14508992599193, 42.278925397694735], [-89.14508703096209, 42.27929673463738], [-89.14500204026399, 42.27970380959259], [-89.14498742117365, 42.27977384614996], [-89.14498661593275, 42.27991516111073], [-89.14502324442073, 42.28011827855977], [-89.14501587427233, 42.280665940105905], [-89.14499346564729, 42.280952748446815], [-89.14506483718696, 42.28149400445062], [-89.1450616410348, 42.28188169342024], [-89.14505800341907, 42.28231726275011], [-89.14500847911233, 42.28236105693394], [-89.14498062337431, 42.28238569758235], [-89.1449796234224, 42.28250933873456], [-89.14505566949788, 42.2825920660873], [-89.14505521149864, 42.28264562722331], [-89.14504948585974, 42.28333160653179], [-89.14504649401204, 42.28368831604332], [-89.14504475465658, 42.28385772278192], [-89.14504246471722, 42.28413211500119], [-89.14504138158225, 42.28435012581411], [-89.14504186604684, 42.28457624608981], [-89.14503809928219, 42.28499005289923]]]]}, "properties": {"name": "Springfield Corners", "status": "Existing", "ending_date": "2026-12-30", "final_levy_year": "2025"}}, {"type": "Feature", "geometry": {"type": "MultiPolygon", "coordinates": [[[[-89.07280908461179, 42.27201012200632], [-89.07280886255016, 42.27198237622122], [-89.07262414822289, 42.27198297472739], [-89.07243939512945, 42.27198357166576], [-89.07225467961125, 42.27198416866496], [-89.07207853688159, 42.27198476526733], [-89.07185679715809, 42.2719854745768], [-89.07163513088841, 42.27198621206812], [-89.07145784328107, 42.271986769775424], [-89.07145553097814, 42.27154412024777], [-89.0714546019443, 42.27136302668056], [-89.07145227175043, 42.2709193073781], [-89.07145196619508, 42.27086442212032], [-89.07144967279163, 42.2704206761229], [-89.07144870736401, 42.27023958217387], [-89.0714472867446, 42.26996526580825], [-89.07144716324312, 42.26994040281694], [-89.07144647158299, 42.26980321734775], [-89.07144585877246, 42.269693473803834], [-89.07144574307738, 42.26966605943281], [-89.07144428532804, 42.26939171567705], [-89.07124206054223, 42.269392583183475], [-89.07122358546088, 42.26939268039434], [-89.07103887420267, 42.26939346815547], [-89.0708541253752, 42.26939425526001], [-89.07066941486443, 42.269395069442034], [-89.07048466604022, 42.26939585595118], [-89.07029995432055, 42.269396669526365], [-89.07011524429808, 42.26939745491085], [-89.07007552355495, 42.2693976242735], [-89.06989077473604, 42.26939840982564], [-89.06970606302143, 42.269399222443994], [-89.06952135300428, 42.269400006871635], [-89.06933660323784, 42.26940084644], [-89.06915189369242, 42.26940160326785], [-89.06909187860369, 42.269401858054216], [-89.06909107631749, 42.269220760227704], [-89.06909034636008, 42.26905624303218], [-89.06908961639746, 42.26889172583207], [-89.06908906572653, 42.268768015590574], [-89.0690890018379, 42.268754650909564], [-89.06908838897081, 42.268617548090745], [-89.06908773730221, 42.2684804457977], [-89.06908741923924, 42.2683944693955], [-89.06908742137585, 42.26831763411357], [-89.06908716589247, 42.26820674157245], [-89.06908670854425, 42.26806486593217], [-89.06908631413565, 42.267925789927396], [-89.0690859462381, 42.267791543389], [-89.06887958288264, 42.26779272454797], [-89.06887867541752, 42.267655509049845], [-89.06905599599912, 42.26765451717466], [-89.06905553958376, 42.2674933777834], [-89.06905545956877, 42.26746040258235], [-89.06899514582089, 42.26746072108568], [-89.0689940250111, 42.267048378652056], [-89.06899354033295, 42.266868546016255], [-89.06902127236734, 42.266868405422876], [-89.06916611110964, 42.26686767865869], [-89.06939630055494, 42.26686656110044], [-89.06962722901064, 42.266865395231186], [-89.06981193522824, 42.266864472834975], [-89.07003617685504, 42.26686335202116], [-89.07025417327293, 42.266862252987025], [-89.0705612157367, 42.26686071545598], [-89.07078279674427, 42.26685959476021], [-89.0711123036796, 42.26685796792488], [-89.0713577910458, 42.26685671888163], [-89.0716391912151, 42.26685531707447], [-89.07199017855328, 42.26685499119249], [-89.07382951183219, 42.266843857716765], [-89.07404123122271, 42.26684258182659], [-89.0744384345742, 42.26684019133964], [-89.07462872398901, 42.26683904066714], [-89.07481088367626, 42.26683789330246], [-89.07538322759821, 42.26683447773383], [-89.07542756652155, 42.266834213628314], [-89.075608987668, 42.266833085877096], [-89.075825509604, 42.266831798365466], [-89.07601099525597, 42.26683065372207], [-89.07619278557057, 42.26682955556704], [-89.07642630453533, 42.266828153952545], [-89.07668199320928, 42.2668266051624], [-89.07687228142389, 42.26682544985416], [-89.07709657183939, 42.26682408791735], [-89.07713172518409, 42.266921243046], [-89.07713275895166, 42.266921252867654], [-89.07762082611313, 42.26692023587553], [-89.07767879792458, 42.26691996351842], [-89.07857257438432, 42.2669182388711], [-89.07880090500107, 42.26691779873217], [-89.07955142206639, 42.266913060714366], [-89.07966193672337, 42.26691236712657], [-89.07966290880667, 42.26699773124232], [-89.07966636893495, 42.26743712564641], [-89.07966656743385, 42.267466489964534], [-89.0796676336812, 42.26759794320376], [-89.07966873326573, 42.26773817919783], [-89.07966982007699, 42.26787704210766], [-89.0796708723573, 42.26801368184244], [-89.07967194651583, 42.268148977631306], [-89.07967303857716, 42.26828965108754], [-89.07967421413636, 42.26844056175946], [-89.07967522241054, 42.268568968707804], [-89.07967623020392, 42.268697403558136], [-89.07967723847541, 42.26882581050089], [-89.07967824505413, 42.268954245334164], [-89.07967924053594, 42.26908128009083], [-89.0796802655024, 42.269208644634574], [-89.07968122476066, 42.269333484107825], [-89.07968366899571, 42.26964491069128], [-89.079684419858, 42.2697409619476], [-89.07968471674911, 42.269781742106574], [-89.07968588006328, 42.26992694471461], [-89.07968700626844, 42.270072119958314], [-89.07968811102158, 42.270212053441625], [-89.07980139517679, 42.27021164436899], [-89.07980145741934, 42.2703709253433], [-89.07980146257005, 42.27038360703434], [-89.0798014662987, 42.27039270281236], [-89.07980147412047, 42.27041369520869], [-89.0797210761726, 42.2704911414574], [-89.07969026740687, 42.27049084943675], [-89.07968916273444, 42.270491153171044], [-89.07969059259175, 42.270532240262895], [-89.07969338630508, 42.27088773353211], [-89.07970008009934, 42.2709604611803], [-89.0797193495302, 42.271172216374644], [-89.07973117490593, 42.27117205386779], [-89.07973140490171, 42.271190908351585], [-89.07997250849208, 42.27118945979922], [-89.07997362326819, 42.27129920895707], [-89.07997694421388, 42.27162417256483], [-89.07999467714733, 42.27162434060358], [-89.07999704046692, 42.27185242633866], [-89.07999831231287, 42.2719911378528], [-89.07945711386495, 42.2719921986558], [-89.07890818965369, 42.271993277252804], [-89.07889503521719, 42.271993317230766], [-89.0787379993048, 42.27199363894737], [-89.07861347874193, 42.27199388453273], [-89.07847125942675, 42.27199415379944], [-89.07846512567352, 42.27199415051258], [-89.07834426346359, 42.27199440261157], [-89.0783325130087, 42.27199442884032], [-89.07819395203161, 42.27199470547344], [-89.07819229035576, 42.27199468970126], [-89.0779848549358, 42.27199510728846], [-89.0779815662525, 42.27199510397648], [-89.07797569140668, 42.27199513013039], [-89.07795965479423, 42.27199514263871], [-89.07790740766384, 42.27199525070655], [-89.0777644497775, 42.27199553909329], [-89.07774087616379, 42.27199558984009], [-89.07766047353121, 42.27199573203722], [-89.0775467422932, 42.27199594207718], [-89.07752265068376, 42.271996014868535], [-89.07741364968399, 42.27199621478384], [-89.07733627711296, 42.271996384634406], [-89.07730996870929, 42.271996437223535], [-89.07716675267349, 42.27199672241268], [-89.07713039354562, 42.27199678930814], [-89.07710578488663, 42.271996829190066], [-89.07699637786673, 42.271997024850954], [-89.07691966994999, 42.271997173726945], [-89.07691962307328, 42.27198680721766], [-89.07691954811507, 42.27196997898233], [-89.07686633895409, 42.27197013145181], [-89.07680999353148, 42.27197029910527], [-89.07668158793784, 42.27197068122845], [-89.07649687330064, 42.27197123015292], [-89.07631215866645, 42.2719717787798], [-89.07612740765926, 42.27197232766346], [-89.07588009976472, 42.271973048287535], [-89.0756398485193, 42.27199890889262], [-89.07563825728143, 42.271998885650866], [-89.07563645691015, 42.27200121830718], [-89.07539014592729, 42.272001975268054], [-89.0751438344681, 42.27200275960453], [-89.0749353234223, 42.27200340901837], [-89.07489752349552, 42.27200351550708], [-89.07479365521353, 42.272003843724484], [-89.07465121083439, 42.27200429877368], [-89.07452831497274, 42.272004664329664], [-89.07440489987212, 42.27200505361792], [-89.0742828160483, 42.27200542754552], [-89.07415862600561, 42.27200583619568], [-89.07403543320527, 42.27200619839441], [-89.07391231505366, 42.27200658998169], [-89.07366844147079, 42.272007366469545], [-89.073424605932, 42.27200811579229], [-89.07296475733156, 42.27200963065487], [-89.07280908461179, 42.27201012200632]]]]}, "properties": {"name": "Jackson School", "status": "Existing", "ending_date": "2031-12-30", "final_levy_year": "2030"}}, {"type": "Feature", "geometry": {"type": "MultiPolygon", "coordinates": [[[[-89.08004409644657, 42.28883353484987], [-89.0799865997795, 42.28878559918537], [-89.07955558685107, 42.28879029534904], [-89.07896536238275, 42.28874737822298], [-89.07762172978371, 42.28876153253113], [-89.07761399573427, 42.288452923238424], [-89.0776114164376, 42.28824656836084], [-89.07761078024177, 42.28819678392024], [-89.07760561323775, 42.287785337178825], [-89.07759907722006, 42.28758336336447], [-89.07781506506643, 42.28749922170333], [-89.07814099879621, 42.2873722176051], [-89.07816045841992, 42.28736460934278], [-89.07835728959344, 42.28736266302568], [-89.07854207144894, 42.28736082170623], [-89.0786972447859, 42.287359275364075], [-89.07888202661752, 42.28735743439668], [-89.07902984492027, 42.28735595467819], [-89.07902605569643, 42.28689954477328], [-89.07909251621614, 42.286898857989804], [-89.079262547962, 42.2868971502012], [-89.07946207768153, 42.28689514564677], [-89.07959510808756, 42.28689382749069], [-89.07964682059371, 42.28689330217443], [-89.07975767452884, 42.28689218504206], [-89.07983160154696, 42.28689143175593], [-89.0798949571538, 42.28689079700631], [-89.08001634444992, 42.286889587687966], [-89.0802010885606, 42.28688774333371], [-89.08030210983445, 42.286886724276826], [-89.0803478587002, 42.28686096889457], [-89.080512280496, 42.28650226647757], [-89.08059023289667, 42.28632828653374], [-89.08060973121485, 42.28632791842225], [-89.08079509855574, 42.286326188846324], [-89.08109421044857, 42.286325327862045], [-89.08111751004114, 42.286302355836746], [-89.08146065736389, 42.28630359431479], [-89.08130871793212, 42.28664945106005], [-89.08130141631325, 42.28666576378582], [-89.0812435348649, 42.28679531448692], [-89.08118623027245, 42.286923526470126], [-89.08115018075361, 42.287004136473534], [-89.08114841323884, 42.28705326704624], [-89.0811458509412, 42.287125029004926], [-89.08117959651098, 42.28716137840258], [-89.08123845546129, 42.28717944276238], [-89.08160975367049, 42.28717579485671], [-89.08167451341969, 42.28717517241072], [-89.08185182772363, 42.28717341985277], [-89.08199154892077, 42.28717205237706], [-89.08211304783238, 42.28717086890439], [-89.08217381690834, 42.28717026425096], [-89.08223454672667, 42.287169686203065], [-89.08235604563455, 42.28716850247277], [-89.0824133393021, 42.28716791884721], [-89.08241914118459, 42.287348976054275], [-89.08241979944827, 42.287480836418], [-89.0824204201117, 42.28761269732357], [-89.08242111593589, 42.28774455893688], [-89.08242177419066, 42.28787641929171], [-89.08242246925995, 42.288008253883056], [-89.08242312750885, 42.28814011423197], [-89.08242377491702, 42.288272606485016], [-89.08242506925409, 42.28853111423042], [-89.08243331186158, 42.28871211164578], [-89.08224896927564, 42.288713991292596], [-89.08206462670034, 42.28871586974276], [-89.0818802460589, 42.28871777544561], [-89.0818830488968, 42.28899169164612], [-89.08188443114202, 42.289128636505914], [-89.08188581461481, 42.28926558047386], [-89.0818871959174, 42.28940258023659], [-89.08188861576053, 42.28953952454226], [-89.08188999377266, 42.28967671603105], [-89.08182360474561, 42.2896773780976], [-89.0816391495007, 42.289679227782734], [-89.08127023780015, 42.28968292535077], [-89.08102634193305, 42.28968533677627], [-89.08065499167164, 42.28968903718628], [-89.08046927918292, 42.2896908730818], [-89.08047062669523, 42.28982754301638], [-89.0804719723357, 42.28996432186616], [-89.08047331749633, 42.29010112861747], [-89.08047462553724, 42.29023790800506], [-89.08047600828057, 42.29037471510603], [-89.08047735390419, 42.29051149484332], [-89.08047978162953, 42.29064803454461], [-89.080370604847, 42.29064974714116], [-89.08020429752443, 42.29065132708535], [-89.08003802635865, 42.29065298995834], [-89.07987171902927, 42.290654569419964], [-89.07987312729075, 42.29079623386592], [-89.07987412854405, 42.290894922324824], [-89.07987453507215, 42.29093792621316], [-89.07987594427706, 42.291079535743116], [-89.07987338721021, 42.2912038606699], [-89.07973886934127, 42.29121020039697], [-89.07957514068937, 42.29121221620453], [-89.079411448419, 42.29121423122289], [-89.07924102866714, 42.29121631995539], [-89.07898840732166, 42.29122330062797], [-89.07898617380201, 42.29121928031854], [-89.07905892884249, 42.291055214973234], [-89.08004409644657, 42.28883353484987]]]]}, "properties": {"name": "North Main & Auburn", "status": "Existing", "ending_date": "2030-12-30", "final_levy_year": "2029"}}, {"type": "Feature", "geometry": {"type": "MultiPolygon", "coordinates": [[[[-89.12846977969086, 42.28105317940595], [-89.12588912650938, 42.28106373143393], [-89.12564524360364, 42.28106524944473], [-89.12547512220902, 42.28106664171926], [-89.12530500082677, 42.28106803284115], [-89.12513491700575, 42.28106942495205], [-89.12496475880747, 42.28107084224366], [-89.12479463740299, 42.281072233508276], [-89.1246245160109, 42.28107362362024], [-89.12438066296838, 42.28107560646825], [-89.1242109852391, 42.28107699999906], [-89.1240412711411, 42.28107839294805], [-89.12387159339208, 42.28107978687664], [-89.12370191610087, 42.28108115264894], [-89.12353223836188, 42.28108254517503], [-89.12336256062042, 42.28108393744995], [-89.12311870634004, 42.28108591760231], [-89.12295789892866, 42.281087280162566], [-89.12279712802116, 42.281088560902155], [-89.12263632149687, 42.28108986900133], [-89.12247555013938, 42.281091176294886], [-89.12231474361083, 42.28109248394294], [-89.12215397178815, 42.28109381869058], [-89.12191008113193, 42.28109579504035], [-89.12174705657303, 42.28109713570233], [-89.12158403124596, 42.28109844911645], [-89.12145175568986, 42.28109954921262], [-89.12142100666772, 42.28109979021489], [-89.12128034203553, 42.28110092258329], [-89.12125798133631, 42.281101103165305], [-89.1210949567685, 42.281102442899865], [-89.1209319685498, 42.28110378363438], [-89.12068804029064, 42.281105757041345], [-89.12052649384424, 42.28110708244093], [-89.12036494618343, 42.2811084076018], [-89.12020339973265, 42.281109732546035], [-89.12004185327962, 42.28111105726263], [-89.11988030561221, 42.28111238174046], [-89.11971876006395, 42.281113651091644], [-89.11947490647552, 42.28111565050835], [-89.11931350715216, 42.28111694763279], [-89.11924328572645, 42.28111751445875], [-89.11915207099824, 42.2811182721029], [-89.11899067286801, 42.28111956968404], [-89.11882927307603, 42.28112089403176], [-89.1186678381278, 42.28112221783096], [-89.11850643879399, 42.28112351381905], [-89.11826258518103, 42.28112551065669], [-89.11807797612853, 42.281127006181904], [-89.11806692488368, 42.281127096891545], [-89.11789340343954, 42.28112850174239], [-89.11788231582827, 42.281128592101645], [-89.11770628179042, 42.281130027707526], [-89.11752533087234, 42.281131500886644], [-89.11731122862442, 42.281133246616], [-89.11712647334366, 42.281134711361524], [-89.11691455110193, 42.28113644839303], [-89.11673027417427, 42.28113794478828], [-89.11654603482232, 42.281139441231424], [-89.11636172153788, 42.28114093580103], [-89.11623687540819, 42.28114196018044], [-89.11584118697135, 42.281145607550464], [-89.11573681991261, 42.28114616002603], [-89.11570126811026, 42.28114635547876], [-89.11568774153524, 42.281146423273], [-89.11568762551576, 42.28115114248544], [-89.11554005031189, 42.28115225939324], [-89.11551669316597, 42.2811524297217], [-89.11549862019774, 42.28115256565589], [-89.11534329398826, 42.28115092206196], [-89.11526201274827, 42.2811499031579], [-89.11514651667858, 42.2811508473222], [-89.1149549598193, 42.281152383045125], [-89.11471106809262, 42.28115439988784], [-89.11451522348354, 42.281155978369945], [-89.11450413586918, 42.28115606840244], [-89.11431937842202, 42.281157583522344], [-89.11412353425632, 42.281159134330366], [-89.11392765235779, 42.28116076638473], [-89.11373528117468, 42.281162347512186], [-89.11354309590591, 42.28116390301518], [-89.11335094698542, 42.28116545943014], [-89.11315879762705, 42.28116704162773], [-89.11296661234934, 42.28116859616421], [-89.11277446343493, 42.28117015071266], [-89.1125746644084, 42.28117177236453], [-89.11250813868182, 42.28117231321745], [-89.11250886796861, 42.28130812664238], [-89.11250959559025, 42.28144396705787], [-89.11251032487154, 42.28157978047652], [-89.11251101778352, 42.28171559355769], [-89.1125115949211, 42.28181617051652], [-89.11251202636699, 42.28189668744272], [-89.11251300362132, 42.282077478533296], [-89.11251049161258, 42.28225862917324], [-89.11267519147178, 42.28225814712727], [-89.1126766297832, 42.28273497826993], [-89.11274469758092, 42.28273439837756], [-89.11274633824252, 42.2827334375309], [-89.11293080494598, 42.28273189527492], [-89.11293208839464, 42.28316051118244], [-89.11274762044042, 42.28316205342645], [-89.11194336648845, 42.283168818894765], [-89.11169946777741, 42.28317085625927], [-89.11169871808522, 42.28304741911375], [-89.11169800551998, 42.28292400931621], [-89.1116972934182, 42.28280057161108], [-89.11169658129934, 42.28267713480349], [-89.1116957846703, 42.28254546487064], [-89.11169417150815, 42.28226565922147], [-89.11169309012489, 42.28208456467538], [-89.11169232898406, 42.281955199824615], [-89.11169160541975, 42.281825835316724], [-89.11169084380877, 42.28169649836528], [-89.11169008312669, 42.281567105600935], [-89.11168932151124, 42.281437768643805], [-89.1116885603591, 42.2813084037788], [-89.11168780012083, 42.28117898400101], [-89.11144043492031, 42.281180988038635], [-89.111255825301, 42.28118250048171], [-89.11113397297368, 42.28118349193925], [-89.11106012852733, 42.28118407442177], [-89.11087160303947, 42.281185576307905], [-89.11068311177092, 42.28118713401769], [-89.11049458459924, 42.281188663177595], [-89.11030605863694, 42.28119019203856], [-89.1101175314596, 42.28119172057833], [-89.10992900427942, 42.281193248808016], [-89.10974047708137, 42.28119477762778], [-89.10955195110775, 42.28119630524849], [-89.10936342391912, 42.28119783254798], [-89.10917304840724, 42.28119939741089], [-89.10901364469568, 42.281200671428095], [-89.10885671798589, 42.28120194016359], [-89.1086997912591, 42.28120320958439], [-89.10854290044469, 42.28120450613078], [-89.10834354427293, 42.28120609658531], [-89.10814415249214, 42.28120771337349], [-89.10794472190257, 42.28120933035684], [-89.10774536648165, 42.28121094678706], [-89.10754600983033, 42.281212563759546], [-89.1073979167652, 42.28121374823046], [-89.10720979563338, 42.28121527573902], [-89.10702167525842, 42.28121682995485], [-89.10687550324113, 42.2812179765841], [-89.10644537565705, 42.2812214920098], [-89.10620157997877, 42.281230983034995], [-89.10620766052068, 42.28104249027786], [-89.10620752029337, 42.28096713564628], [-89.10620733010698, 42.28086164930053], [-89.10620716404851, 42.2807746049282], [-89.10620703632674, 42.28068086447508], [-89.10620700117434, 42.28067414070696], [-89.10620673970418, 42.28051788845962], [-89.10620670589564, 42.280500023486546], [-89.10620656625632, 42.28042022317016], [-89.10620637620015, 42.28031921040861], [-89.10620620108207, 42.2802304643767], [-89.10620604575179, 42.280138369408874], [-89.10620575240445, 42.279957556656], [-89.10620547024003, 42.279806874357476], [-89.10620542147078, 42.279776743550066], [-89.10620518928181, 42.27965619206628], [-89.1062049543925, 42.2795181612203], [-89.10620465981799, 42.27933734753685], [-89.10620433512359, 42.279156232868935], [-89.10620401536458, 42.278981402339404], [-89.1062038545114, 42.278893972658885], [-89.10620369440043, 42.27880657089325], [-89.10620341098996, 42.278631740689534], [-89.1062030657117, 42.27844961027052], [-89.10620275754852, 42.27826750719813], [-89.10620244861714, 42.278085377104], [-89.1062021603138, 42.27791965697727], [-89.10620184217301, 42.277738075070474], [-89.10620138401801, 42.277481193402465], [-89.10620136476989, 42.2774668694381], [-89.10620108582853, 42.27730724081628], [-89.10620099873827, 42.27725510178691], [-89.10620080736805, 42.27715192103465], [-89.10620064425464, 42.27705587542655], [-89.10620022428321, 42.276831923489276], [-89.10619991955872, 42.276645128030275], [-89.10619946287912, 42.276388081573415], [-89.10619930866916, 42.2762981553813], [-89.10619914724988, 42.27620641771547], [-89.10619881184248, 42.27602810188871], [-89.1061983116764, 42.27573612241981], [-89.10619800786334, 42.27556033131541], [-89.10619735612747, 42.275195905886626], [-89.10619673263469, 42.274838614683645], [-89.10619641508913, 42.27465706059717], [-89.10619612159745, 42.27449380985291], [-89.1061957960985, 42.27431930864286], [-89.10619550853022, 42.27415136557345], [-89.10619522927901, 42.273987264162145], [-89.10619490434233, 42.273806148427994], [-89.10619256459456, 42.27247388403937], [-89.10643642468501, 42.27248681195842], [-89.10664799189384, 42.2724979607666], [-89.10686550178188, 42.27250938287815], [-89.1070829749282, 42.272520832147], [-89.10730044861388, 42.27253225399943], [-89.10751792193427, 42.27254370244512], [-89.10762852302938, 42.27254949909995], [-89.10773539579382, 42.272555123474355], [-89.10795290732857, 42.272566543538716], [-89.10819611066931, 42.2725793536166], [-89.108438614478, 42.27259210180511], [-89.10868115520778, 42.27260482281238], [-89.1089235841011, 42.27261756838393], [-89.1090852414886, 42.27262608440487], [-89.10924689816366, 42.27263457318232], [-89.10940859247506, 42.272643061178584], [-89.10965179646719, 42.27265586817547], [-89.1100196692053, 42.27267517393412], [-89.11020362338206, 42.27268485444432], [-89.1103875417258, 42.27269450642006], [-89.110571496027, 42.272704186341336], [-89.11075541449496, 42.27271383772826], [-89.1109393689206, 42.27272351706061], [-89.11112328630078, 42.27273316784756], [-89.11136652984534, 42.272745971572185], [-89.11155122261326, 42.27275565671763], [-89.11173587984402, 42.27276536824778], [-89.11192057273712, 42.27277505279958], [-89.11210519251978, 42.27278476339064], [-89.11228992266132, 42.27279447469921], [-89.11247458059286, 42.272804158037324], [-89.11265927328628, 42.272813868406686], [-89.11284393089305, 42.272823578156185], [-89.11308717445988, 42.272836350322144], [-89.1132710925652, 42.27284599767133], [-89.1134550478414, 42.27285567297633], [-89.11363900485644, 42.27286532009283], [-89.11382296025698, 42.27287499480883], [-89.11400687814624, 42.27288466888539], [-89.11455870947458, 42.27291363423924], [-89.11480195501916, 42.272926402786325], [-89.1149859112767, 42.27293604773541], [-89.11516982955884, 42.27294571995056], [-89.11535374957901, 42.27295536397736], [-89.11553770555899, 42.27296503594813], [-89.11572162570326, 42.272974679386095], [-89.11593419236746, 42.27298584813197], [-89.11617802207586, 42.27300347624107], [-89.11644034442942, 42.27301556527844], [-89.11660958849683, 42.27302337221544], [-89.11677887064783, 42.273031151341996], [-89.11683041161541, 42.273033543542454], [-89.11738237844403, 42.27305895746345], [-89.11767685980466, 42.273072490307385], [-89.117920833516, 42.273083749994186], [-89.1180535629142, 42.27308987580765], [-89.11818633157459, 42.27309597481744], [-89.1183449067334, 42.27310329631865], [-89.11852925171729, 42.27311178675124], [-89.11865995287496, 42.27311778348806], [-89.11868782739744, 42.27311908167431], [-89.11890329836858, 42.27312900833451], [-89.11908358343871, 42.2731372960266], [-89.119263831738, 42.27314561100876], [-89.11944411691404, 42.27315389813503], [-89.11960789787676, 42.273161430184174], [-89.11990237982842, 42.27317498612833], [-89.12007018585213, 42.273182719013064], [-89.12023751239403, 42.273190420267895], [-89.12040483851996, 42.27319814918414], [-89.12057216440265, 42.27320582203533], [-89.12073949108142, 42.27321352255899], [-89.12090681659376, 42.27322122282787], [-89.12107462287747, 42.27322895514553], [-89.12136552497962, 42.27324233604581], [-89.12191882416475, 42.27326782220458], [-89.12197771382785, 42.27327052662392], [-89.12253097645205, 42.27329598158678], [-89.12282545982141, 42.27330952913748], [-89.12338075446976, 42.27333508132491], [-89.12343986608016, 42.27333778701259], [-89.12371725568038, 42.27335054565629], [-89.12399516129898, 42.27336333532986], [-89.12428964537055, 42.27337687912711], [-89.12462954343319, 42.27339250940415], [-89.12479945473866, 42.27340033732669], [-89.12496940366516, 42.273408165339205], [-89.1250104592686, 42.27341004717808], [-89.12513935188619, 42.2734159651841], [-89.12530926333282, 42.273423792352574], [-89.12547921285986, 42.273431591705666], [-89.12566754860174, 42.27344027165228], [-89.12591135366866, 42.27345127422887], [-89.12591126337523, 42.27348534713921], [-89.12591090864701, 42.273605701691494], [-89.12639576860732, 42.27360285631879], [-89.12652647118593, 42.27360209363901], [-89.12688051826679, 42.27360000789535], [-89.1271244074041, 42.27359857008329], [-89.12761421880174, 42.273595681614204], [-89.12834788250976, 42.2735913782134], [-89.12932177810477, 42.27358562064892], [-89.12956559452515, 42.27358417608543], [-89.1300526887921, 42.273581305742894], [-89.13005273818166, 42.27364989300333], [-89.13005278699445, 42.273718515369566], [-89.13005318698329, 42.274122454803226], [-89.1300534716938, 42.274391409093205], [-89.13005359625225, 42.274525899127106], [-89.1295658906077, 42.27452834979093], [-89.12932203822963, 42.27452954733978], [-89.12932220877445, 42.27471066081897], [-89.12932236303583, 42.274861205295274], [-89.12883953243035, 42.27486361503533], [-89.12884016719556, 42.275014135945376], [-89.12884083710749, 42.27516465716969], [-89.12884147140664, 42.27531520597722], [-89.12884214131059, 42.2754657271938], [-89.1288427760595, 42.27561624808837], [-89.12883455678026, 42.275797395440335], [-89.1290381709939, 42.27579641194909], [-89.12932326763274, 42.275795011918476], [-89.12956710883302, 42.27579930341537], [-89.13005482339456, 42.27579690686454], [-89.13010530251874, 42.275796650120185], [-89.13082966776923, 42.27579309672364], [-89.13153622185386, 42.275789625560776], [-89.13217548245785, 42.275786475721496], [-89.1322638183491, 42.27578054911132], [-89.13245849070407, 42.27577956081486], [-89.13265319852512, 42.27577862742605], [-89.13284790755908, 42.27577769371749], [-89.13284957468372, 42.2755965689142], [-89.1328496801377, 42.27558559338451], [-89.1328536056689, 42.2751623203241], [-89.13285406953537, 42.275118143988934], [-89.13285571729804, 42.2749381992866], [-89.1328580628192, 42.27468389502347], [-89.13285909036274, 42.27457356237153], [-89.13311197378968, 42.274573728827825], [-89.13311117208204, 42.27446447805251], [-89.13363447151923, 42.27445906755311], [-89.13363448335059, 42.274459976064485], [-89.13363610459274, 42.274585311814405], [-89.1337683170245, 42.274585005534945], [-89.1342126821755, 42.27458900710174], [-89.13421112450963, 42.27475253114376], [-89.13420929304057, 42.27494619482726], [-89.13420889547149, 42.27498867019714], [-89.13420746184958, 42.2751399143256], [-89.13420563033458, 42.27533357799588], [-89.13420332510366, 42.27557890932265], [-89.13468460691129, 42.275576572902764], [-89.13470677841121, 42.275576498732526], [-89.13483624949755, 42.27557582174074], [-89.13483716235261, 42.27567762349097], [-89.13483771002981, 42.275738647280754], [-89.13483797149186, 42.27576787433324], [-89.13504934670355, 42.275766812250986], [-89.1354564289679, 42.27576479360737], [-89.13557660367361, 42.27576521427969], [-89.13570150845612, 42.27576565214224], [-89.13570082372009, 42.27590285199725], [-89.13570021289969, 42.27604005341389], [-89.13569963966114, 42.2761772542649], [-89.13569902883842, 42.27631445477484], [-89.13569834450772, 42.27645162761164], [-89.13569777122903, 42.27658882935301], [-89.1356971603806, 42.2767260298531], [-89.13569562398185, 42.27706963510843], [-89.13562336490531, 42.27728835116474], [-89.13562135741604, 42.27758601515927], [-89.13561963610869, 42.27783437039268], [-89.13561728250566, 42.27817824372637], [-89.13561632807732, 42.27831382235745], [-89.13561355568278, 42.27872412604354], [-89.13560907286636, 42.279379794165656], [-89.13560485880214, 42.27999866571699], [-89.13559909256763, 42.28084180087032], [-89.1356000945846, 42.281022894648245], [-89.13532616138336, 42.281024876998124], [-89.13424818476815, 42.28102933690203], [-89.13304082313589, 42.28103437610482], [-89.1328568187955, 42.28103510501369], [-89.13267946555, 42.28103583868035], [-89.13250207595419, 42.281036570844506], [-89.13231733127088, 42.28103734712923], [-89.13213306708143, 42.28103809954166], [-89.1319562314558, 42.28103883675919], [-89.13177935946511, 42.28103957337575], [-89.13160248626349, 42.2810403097085], [-89.13142565109861, 42.281041018202444], [-89.13124146040428, 42.281041797754625], [-89.13105667982126, 42.28104254377433], [-89.13087311872458, 42.28104330051122], [-89.13069683708898, 42.28104404079002], [-89.13052066622312, 42.28104475388932], [-89.13034442216866, 42.281045493965806], [-89.13016821492447, 42.28104620709502], [-89.1299846538348, 42.281046962409405], [-89.12979990918568, 42.28104773373732], [-89.12961390867248, 42.281048494310404], [-89.12943533552428, 42.28104923893516], [-89.12925676282045, 42.28104995627675], [-89.12907819087243, 42.28105070125639], [-89.1288996545526, 42.28105141747065], [-89.12871365358876, 42.281052204488375], [-89.12846977969086, 42.28105317940595]]]]}, "properties": {"name": "West State St. & Central Ave.", "status": "Existing", "ending_date": "2031-12-30", "final_levy_year": "2030"}}, {"type": "Feature", "geometry": {"type": "MultiPolygon", "coordinates": [[[[-89.11382263061213, 42.226968642316606], [-89.1138218723088, 42.22687876473564], [-89.11378472377369, 42.226879054836445], [-89.11378007345458, 42.226325737278486], [-89.11377764297731, 42.2260365366607], [-89.11377518679771, 42.22574662274813], [-89.11268669805716, 42.22575374823235], [-89.11105827532498, 42.22577823553186], [-89.11022265188383, 42.22578365826496], [-89.1091384472212, 42.22579068058717], [-89.10914809764482, 42.226423742431855], [-89.10835249926807, 42.22641625810996], [-89.10761453071356, 42.22642145908997], [-89.10762011827602, 42.22664815707992], [-89.10762689694212, 42.22692288131628], [-89.10762652623487, 42.226922883295146], [-89.10762674698127, 42.22693185240683], [-89.10714880781669, 42.226935231357054], [-89.1060953697044, 42.22694261891305], [-89.10524641737531, 42.226955949759834], [-89.10517886877454, 42.22695702620039], [-89.10502519507428, 42.226959418454086], [-89.10502143821854, 42.22670766282112], [-89.10502096233633, 42.226674399218325], [-89.10501747301097, 42.226439714999756], [-89.10426872096392, 42.226444966587344], [-89.10408154264516, 42.226446278359916], [-89.10389432723207, 42.226447562473886], [-89.10372583196398, 42.22644877219079], [-89.103370196369, 42.22645126561424], [-89.10323464086797, 42.226452204684094], [-89.10322801801833, 42.22644328154045], [-89.10323479144814, 42.22644323360556], [-89.10093481878134, 42.22334385865843], [-89.10093196615921, 42.223340044552465], [-89.10075276812324, 42.22334159071896], [-89.09923361858965, 42.223354739110896], [-89.0991088471195, 42.2233558556088], [-89.09901940377675, 42.223195093981694], [-89.0988878586625, 42.22298254259652], [-89.09884050261985, 42.22283943335903], [-89.09875679726346, 42.22274356969003], [-89.0987301164012, 42.22263764389907], [-89.09876691191431, 42.22256400451042], [-89.09876089284155, 42.222500558612545], [-89.09870507717243, 42.22243662114284], [-89.09865602981209, 42.222393904832416], [-89.09855771969858, 42.222319034368184], [-89.0984736597638, 42.22224426952748], [-89.09842461149668, 42.22220155310885], [-89.09833715800161, 42.22209818975463], [-89.09825067914545, 42.22201577299881], [-89.09822255373217, 42.22194745573776], [-89.09820525290091, 42.221887499643536], [-89.09819160802273, 42.221827522685444], [-89.09818923731892, 42.221751323648355], [-89.09819056741445, 42.221672441953274], [-89.09820627729628, 42.22161002132081], [-89.09820411889298, 42.22149493900753], [-89.09818324748322, 42.221432178491796], [-89.09817736992548, 42.221345079148364], [-89.09818576980419, 42.22128259041569], [-89.09819057116965, 42.2212146356933], [-89.09818806308122, 42.22114658496724], [-89.09819052115469, 42.22110374414586], [-89.09819323131727, 42.22105687138704], [-89.09815794409114, 42.22097764855974], [-89.09811840563674, 42.22093375836338], [-89.09809000552744, 42.22088176650742], [-89.09807973985475, 42.22083812110779], [-89.09806256738217, 42.22077273281137], [-89.09804860175484, 42.220731797078706], [-89.09806865323115, 42.22062861218921], [-89.09810989768327, 42.22056909167115], [-89.0980529030195, 42.22048549543455], [-89.0980241820505, 42.2204525448117], [-89.09800305405506, 42.22040064769536], [-89.09799693782855, 42.22032987411388], [-89.09801241802965, 42.22028106312991], [-89.09802018561915, 42.22025391375032], [-89.09803548136499, 42.22021596687707], [-89.0980360772985, 42.22018062808614], [-89.09803690319094, 42.22013165265151], [-89.09803763700043, 42.22008813763497], [-89.09806056310087, 42.22003124551553], [-89.09808353468472, 42.21997158176212], [-89.09809101349842, 42.21996155356973], [-89.09810974869997, 42.219936481641525], [-89.09813244492634, 42.21989314332258], [-89.09813593492919, 42.2198810468684], [-89.09871412294595, 42.21905210075707], [-89.09871173412444, 42.21899447851202], [-89.09877507216095, 42.21893384629673], [-89.09878297609907, 42.2188985755351], [-89.09878767561624, 42.21883876941246], [-89.09877000931837, 42.21880051643331], [-89.0987633058338, 42.21876239253254], [-89.09876044043149, 42.218713355701915], [-89.09876841868927, 42.21867805772231], [-89.09877650615121, 42.21863189402207], [-89.0987808481748, 42.218591073898324], [-89.0987598016008, 42.21853657126688], [-89.09874574368398, 42.218501041103636], [-89.09872446969105, 42.21846003739041], [-89.09870702297285, 42.21841091880662], [-89.09869301042384, 42.218372699833836], [-89.09869004438744, 42.21833186658293], [-89.09870151077975, 42.21830203535371], [-89.09872799885213, 42.21825060961606], [-89.0987213763436, 42.21820976932893], [-89.09870434946846, 42.21817519915434], [-89.09869306920014, 42.21815237300637], [-89.09865714157802, 42.218111204923765], [-89.09861776402758, 42.218022778960744], [-89.09859311063606, 42.21796541573524], [-89.09857567358968, 42.21791358098361], [-89.09853987405148, 42.21786698158711], [-89.09849335977442, 42.21780123724172], [-89.09843952689633, 42.217738196769005], [-89.0983783499485, 42.21767506085863], [-89.09832086300834, 42.21761195838562], [-89.0982705565419, 42.217554357038956], [-89.09821645054319, 42.21750761402341], [-89.09816235213118, 42.217458126908724], [-89.0981227337005, 42.21741695218169], [-89.09808336290921, 42.21736763014405], [-89.09805145725849, 42.21730476586132], [-89.09799014249978, 42.21724977806091], [-89.09794686130901, 42.21721128627959], [-89.09789302993954, 42.21714821765062], [-89.09784240310114, 42.2171096573807], [-89.09780285896325, 42.21706848323391], [-89.09772294491542, 42.21697377855365], [-89.0976618615147, 42.216905181848375], [-89.09760437596279, 42.21684207992408], [-89.09755407029529, 42.2167845052749], [-89.09751493987896, 42.21671882935037], [-89.09745413189366, 42.21663393499], [-89.09737848687976, 42.21655976901609], [-89.09734657235919, 42.21649964859268], [-89.09731480459078, 42.21642860876937], [-89.09730475930749, 42.21637412559386], [-89.0972764725058, 42.216311267817964], [-89.0972373789748, 42.21624559303887], [-89.09722725115833, 42.21619385323016], [-89.09720233298867, 42.21615007109911], [-89.09719205878403, 42.21613543169324], [-89.09717735028009, 42.21611449378517], [-89.09716324867527, 42.216081707153535], [-89.09716226886626, 42.216058811238696], [-89.09716035328036, 42.216014860052795], [-89.09716117972897, 42.21596588459646], [-89.09714716862642, 42.215927665435515], [-89.09712662963365, 42.215843145481806], [-89.09712023968152, 42.215788670261766], [-89.09712129534945, 42.21572611306451], [-89.09713747181391, 42.215633785867105], [-89.09712363585334, 42.21558741782808], [-89.09710643073565, 42.215521947102765], [-89.09710365747537, 42.215467531713706], [-89.09710127939901, 42.21539407665164], [-89.0971057229566, 42.21534513492048], [-89.09709558799698, 42.215296057242966], [-89.09711513492184, 42.21522275081139], [-89.0971049519901, 42.215176444741026], [-89.0971054108333, 42.21514925425413], [-89.0970768392776, 42.21510546593065], [-89.09706300346892, 42.2150590978819], [-89.09705643860336, 42.215012769726776], [-89.09705731047889, 42.21496110546045], [-89.09701781400153, 42.21491721524066], [-89.0970037590378, 42.21488168487326], [-89.0969942944023, 42.21479060046341], [-89.09698398453735, 42.21474967164812], [-89.09699974743535, 42.214681845239], [-89.09702636377011, 42.214624960677874], [-89.0970452215642, 42.21459248138972], [-89.0970568267633, 42.21455450019269], [-89.09706126030937, 42.21450830250827], [-89.09706208632004, 42.21445935494585], [-89.09704095223461, 42.21441020259431], [-89.09703090792718, 42.21435569237718], [-89.09703922569264, 42.21429592002552], [-89.09704119955198, 42.21417895482679], [-89.09704188806134, 42.214138155587584], [-89.09699897673143, 42.21407790548464], [-89.09698861116081, 42.21404243652707], [-89.09696844642345, 42.213951143374956], [-89.0969663903618, 42.21385861822221], [-89.09697860014876, 42.21378258205039], [-89.09700920028006, 42.213703973237465], [-89.09701062314687, 42.213619658944104], [-89.09701550766611, 42.213548959913744], [-89.09702373364847, 42.21349462007168], [-89.09705058692403, 42.21342143758373], [-89.09704992516852, 42.21341909870851], [-89.0970367602395, 42.21337232545863], [-89.09701927199036, 42.21332589542106], [-89.0970092369022, 42.21326869605141], [-89.09701102692281, 42.21316262377416], [-89.09701302778696, 42.21303092342541], [-89.09702549547782, 42.21294396797732], [-89.09704864895403, 42.212873494225164], [-89.09705312866225, 42.21282455281205], [-89.0970575174319, 42.21278107183333], [-89.09706546778406, 42.21274305744047], [-89.09707369407573, 42.21268868968036], [-89.09707507050848, 42.212607119084765], [-89.09707603443485, 42.212549994372395], [-89.0970890070347, 42.21243310469392], [-89.09709038343543, 42.21235153409428], [-89.09705824157506, 42.21230502322715], [-89.09705259505019, 42.21220428704728], [-89.09702831237827, 42.2121251663884], [-89.09704462227323, 42.2120423908848], [-89.09707518391647, 42.21196378077004], [-89.09710932627951, 42.21189609959425], [-89.0971362354736, 42.21181740138351], [-89.09714870134066, 42.211730527814616], [-89.09714943555917, 42.21168701184656], [-89.09714706623744, 42.21161081267364], [-89.09712954035885, 42.211564410198655], [-89.09711584318718, 42.21150986590151], [-89.0971205530971, 42.21144734273408], [-89.09713996029163, 42.21138224037634], [-89.09713764631852, 42.211300608340714], [-89.09715025094395, 42.211205503617045], [-89.09714738610069, 42.21115652071061], [-89.09716023998976, 42.2110575496727], [-89.09716513312499, 42.210984161456906], [-89.09716655564893, 42.21089984711915], [-89.0972194795377, 42.21079971286072], [-89.09724582732501, 42.21075640869175], [-89.09727595861145, 42.210707706416265], [-89.09729513583245, 42.21065621277712], [-89.0973032236772, 42.21061002211259], [-89.09731158645063, 42.21054753298357], [-89.09732724671872, 42.210487856035044], [-89.09733528823318, 42.21044440908218], [-89.09735419086418, 42.21040918598816], [-89.09737323169092, 42.2103658406748], [-89.09740502808782, 42.210253297539936], [-89.09743603869717, 42.21015021473747], [-89.09746645270762, 42.21008249777571], [-89.09750850698141, 42.20997680165809], [-89.09752791376816, 42.20991167130334], [-89.09754750328206, 42.20983570380502], [-89.09757074630602, 42.2097597424464], [-89.09760504377068, 42.20967845073941], [-89.09764669310084, 42.2095945113036], [-89.09768193405468, 42.209465946734866], [-89.09770508636453, 42.209395418775166], [-89.09773937230136, 42.209316871062605], [-89.09776704988056, 42.20919471281234], [-89.09780143762912, 42.20910796059255], [-89.09783170385258, 42.20905110979719], [-89.097859418275, 42.20896388392967], [-89.09789520533133, 42.20888828696637], [-89.0979037770703, 42.20884179824873], [-89.09794271959669, 42.20878266855033], [-89.09795533069929, 42.208768104681845], [-89.097965468555, 42.20875349075855], [-89.09797553330183, 42.20873890316244], [-89.09799071685063, 42.20872065847805], [-89.09801593779211, 42.20869153071696], [-89.09803102179727, 42.20867696287033], [-89.09804116037627, 42.20866237595611], [-89.09805380287153, 42.20864594692434], [-89.09807902420906, 42.20861679214326], [-89.09809410865213, 42.2086021963825], [-89.09810922269017, 42.208585844388494], [-89.09812684063616, 42.208567650274155], [-89.09814449076438, 42.20854761802156], [-89.0981595747206, 42.20853304925678], [-89.09817468749911, 42.208516698142475], [-89.0981898343269, 42.208498398169745], [-89.09820491732026, 42.20848388520914], [-89.09822247446242, 42.20846936738385], [-89.09823762032437, 42.20845112321489], [-89.09824528513484, 42.2084365132388], [-89.09825053942576, 42.208418203937924], [-89.09826123931624, 42.208400987921614], [-89.09828151553297, 42.20837178613133], [-89.09829412645966, 42.208357223122945], [-89.0983042653962, 42.20834260827813], [-89.09832182126532, 42.208328090425276], [-89.0983369051128, 42.20831352253572], [-89.09836218906135, 42.208280636483664], [-89.0983824650076, 42.20825151750087], [-89.09839016118903, 42.208235042361935], [-89.09840036691126, 42.20821861760453], [-89.09841046872077, 42.20820397539477], [-89.09841813421635, 42.208189392422085], [-89.0984283040547, 42.20817294031848], [-89.09843599975929, 42.20815649218113], [-89.09844366569808, 42.20814188220136], [-89.09845627534544, 42.20812731826221], [-89.0984689176245, 42.20811088918074], [-89.0984790564805, 42.20809627431891], [-89.09849166823133, 42.208081656376635], [-89.09850179958798, 42.20806525792644], [-89.098514472358, 42.2080470176976], [-89.09852216802436, 42.208030569553664], [-89.09853477929698, 42.20801597861129], [-89.09854748348691, 42.2079958723261], [-89.09855762183585, 42.20798128536192], [-89.09857829290779, 42.20796586375544], [-89.0985983157074, 42.20794953039551], [-89.09861343479918, 42.20793501771552], [-89.09863593095848, 42.20791865246102], [-89.09865593561383, 42.207907779309366], [-89.09867345448697, 42.207893288966375], [-89.09869348916791, 42.20788063257116], [-89.0987110452739, 42.207866087650025], [-89.09872859389117, 42.207849758239576], [-89.09874367798513, 42.207835163287875], [-89.09876611779677, 42.20782436770832], [-89.09878607903367, 42.20781168360358], [-89.0988061434172, 42.20779718902941], [-89.09882617313332, 42.2077826671196], [-89.09884870458274, 42.207766357070255], [-89.09886870331962, 42.20775367330004], [-89.09888866942372, 42.20774285466739], [-89.09890866693443, 42.207730170878705], [-89.09892869494033, 42.207715675944144], [-89.09895119751788, 42.20770114912218], [-89.09897110166287, 42.2076940076697], [-89.09899357234228, 42.207681373896975], [-89.09901409179457, 42.207666170475356], [-89.09902913807568, 42.20765165706179], [-89.09904912970543, 42.207637161767295], [-89.09906675295524, 42.20762077807986], [-89.09908430843366, 42.207606261004415], [-89.0991068100122, 42.20759178906117], [-89.09912677694957, 42.207580915475354], [-89.09914671365439, 42.20757190885022], [-89.09916661728246, 42.207564794368054], [-89.09918652183067, 42.207557624972004], [-89.099211403414, 42.207548663455476], [-89.09923136938039, 42.20753784566155], [-89.09925384040766, 42.20752518483117], [-89.09927383777706, 42.20751250097673], [-89.09929636901566, 42.207496190836274], [-89.09931392563308, 42.20748167283548], [-89.09932653541783, 42.207467080889934], [-89.09934161835841, 42.207452540766425], [-89.09935175690639, 42.20743792582235], [-89.09936934322899, 42.207421569653604], [-89.09938921137083, 42.207414400783605], [-89.09940914771518, 42.20740533828977], [-89.09942902105993, 42.20740008982524], [-89.09944898741242, 42.207389244086926], [-89.0994688609322, 42.20738391278847], [-89.09949117713617, 42.20738044354935], [-89.09951111206153, 42.2073714638531], [-89.09953098018717, 42.207364294057946], [-89.09955089122698, 42.207358963094286], [-89.09957329902386, 42.20734997938411], [-89.09961317052259, 42.20733199116477], [-89.09963307493311, 42.20732482258972], [-89.09965382091083, 42.20731154152351], [-89.09967625870351, 42.2073007736551], [-89.09969869907802, 42.207289923877916], [-89.09971863396115, 42.20728094324464], [-89.09974104293306, 42.207271958612104], [-89.0997610091773, 42.20726111371834], [-89.09978090771905, 42.20725213273614], [-89.09980081208595, 42.207244964131334], [-89.09982071738754, 42.20723773971247], [-89.0998406525089, 42.20722881487936], [-89.09986299837395, 42.2072235065074], [-89.09988290394871, 42.20721633699922], [-89.09990280829311, 42.20720916837645], [-89.0999226817196, 42.207203836998104], [-89.09994505923848, 42.20719671837838], [-89.09996490171513, 42.20719322604096], [-89.09998724755766, 42.20718791764451], [-89.1000095636661, 42.20718444830329], [-89.10003187810706, 42.20718100595156], [-89.10005171564502, 42.207175647207706], [-89.10007228837482, 42.20716826509479], [-89.10009467173433, 42.20716295702623], [-89.10011704922005, 42.20715583837252], [-89.10013689214442, 42.20715231809978], [-89.10015673459725, 42.20714882572886], [-89.10019628502329, 42.20714551569766], [-89.10021857558979, 42.207145722949825], [-89.10023841756696, 42.20714225846998], [-89.10026079549912, 42.20713511188264], [-89.10028311036426, 42.207131642476526], [-89.10030298373569, 42.20712631103159], [-89.10032282738254, 42.207122818642986], [-89.10034523454992, 42.20711386088441], [-89.10036758152965, 42.20710855332452], [-89.10038745579536, 42.20710316785454], [-89.10040726639703, 42.207101567598606], [-89.10042707911688, 42.207099913340265], [-89.10047158636354, 42.20710032706368], [-89.10049387029376, 42.20709869576477], [-89.10051677692067, 42.20709517689468], [-89.10053665147255, 42.207089845420136], [-89.10055899180423, 42.207082699325234], [-89.1005788337593, 42.20707923388585], [-89.10060111814902, 42.2070775746607], [-89.10062089994875, 42.20707775851731], [-89.10064071099147, 42.207076131215786], [-89.10066055339439, 42.207072638757076], [-89.10068283852154, 42.20707100743253], [-89.10070512198278, 42.20706940309751], [-89.10072490378064, 42.20706958693616], [-89.10074471572656, 42.207067905606365], [-89.10076699965458, 42.207066273354], [-89.10078684325867, 42.20706278088457], [-89.1008066167587, 42.20706115320548], [-89.10082646623444, 42.2070594722103], [-89.10084624802997, 42.207059656027994], [-89.10089087794802, 42.20705277100363], [-89.1009106585311, 42.207052954798954], [-89.10093290658065, 42.20705129517162], [-89.10101450254572, 42.20705205328522], [-89.1010347701459, 42.20705402600107], [-89.10105460710878, 42.20704869408736], [-89.10107445612103, 42.207047040054235], [-89.10111401849694, 42.20704740758934], [-89.1011388057092, 42.207043960984194], [-89.10115861719885, 42.207042305687644], [-89.10118087141254, 42.207042512414986], [-89.10120565983031, 42.207039065806555], [-89.10122797415976, 42.2070356232207], [-89.10124778562968, 42.207033968808844], [-89.10135163579307, 42.207034933392414], [-89.10137141093644, 42.2070332786218], [-89.10139119151654, 42.20703346233419], [-89.10141094242232, 42.20703548420347], [-89.10151231896153, 42.20703642566833], [-89.10153520036192, 42.207036638151195], [-89.10155742369531, 42.207038682954625], [-89.1015771353947, 42.207040732340886], [-89.10159939550825, 42.2070427504684], [-89.10161911601384, 42.20704658254584], [-89.10163886570587, 42.20704860526493], [-89.10165861541434, 42.20705062708048], [-89.10168077034528, 42.20705450966082], [-89.10170045285665, 42.20705836928118], [-89.10172024008955, 42.207060392334824], [-89.10173995892882, 42.207064252285676], [-89.10175974073172, 42.20706443594587], [-89.10178190112306, 42.207070156993304], [-89.10180653560602, 42.20707587399615], [-89.10182625444051, 42.20707973483245], [-89.1018459728239, 42.20708362267052], [-89.10186816578158, 42.207087477658035], [-89.10189029530457, 42.207095037734234], [-89.10191492933875, 42.20710078261929], [-89.10195931358325, 42.207108521357874], [-89.10198150533105, 42.20711237721256], [-89.10200190974214, 42.207112840304895], [-89.10202162860068, 42.20711670110783], [-89.10204134700821, 42.207120588912545], [-89.10206353999142, 42.20712444386254], [-89.10208322300251, 42.207128276412526], [-89.10210294187107, 42.207132137201604], [-89.10212262989243, 42.20713783523661], [-89.1021423191131, 42.207143534179686], [-89.10216200668825, 42.207149259213125], [-89.10218169562727, 42.20715490322782], [-89.10220141573632, 42.20715876311118], [-89.10222607947568, 42.20716266976918], [-89.10224573119439, 42.207168367446165], [-89.10226548762022, 42.20717222855583], [-89.10228520652926, 42.207176088413654], [-89.1023073682197, 42.20718180937167], [-89.10232705672888, 42.20718748036678], [-89.10234677655329, 42.20719128620382], [-89.10236890647533, 42.207198900210095], [-89.10238856366995, 42.207206437249674], [-89.10240828351925, 42.20721024217606], [-89.10242797233562, 42.20721596807571], [-89.10244765492992, 42.20721982846897], [-89.10247999627111, 42.20722597335622], [-89.10249971521061, 42.20722983317746], [-89.10251940328409, 42.20723553204515], [-89.10254162672273, 42.207237576658976], [-89.10256134612304, 42.20724140946455], [-89.10258096704572, 42.20724894523434], [-89.1026006551327, 42.207254644088245], [-89.10262031284115, 42.207262153183216], [-89.10264241287834, 42.20727155127674], [-89.10266210099314, 42.207277249220034], [-89.10268175945852, 42.20728478622116], [-89.10270388915015, 42.207292346142005], [-89.10272605016287, 42.20729804000353], [-89.10274564694872, 42.20730925329339], [-89.10276777667181, 42.20731681230188], [-89.10278987720348, 42.20732618336221], [-89.10281194523283, 42.207337419562094], [-89.10283404534029, 42.207346816719024], [-89.1028561446816, 42.207356187755536], [-89.10287574029789, 42.2073674010123], [-89.10289536797454, 42.207376776127134], [-89.10291752903457, 42.20738246995213], [-89.10293728010294, 42.20738449156023], [-89.10295946607427, 42.20738653574566], [-89.1029791850944, 42.20739039548525], [-89.10299890410187, 42.20739425612164], [-89.10308544664714, 42.20739505863412], [-89.10310779184417, 42.20738977753304], [-89.10313010833366, 42.207386279678325], [-89.10314991987043, 42.20738462493868], [-89.103169732164, 42.20738299721195], [-89.10319201660315, 42.20738133748392], [-89.10321182766887, 42.20737971063886], [-89.10323661613255, 42.20737626269176], [-89.10325639683163, 42.207376446083714], [-89.1032960215712, 42.20737310866312], [-89.10331664646206, 42.20737140651612], [-89.1033365196496, 42.20736607544389], [-89.1033564241311, 42.20735887831272], [-89.1033787392231, 42.20735546232493], [-89.10339858157262, 42.20735196939197], [-89.10341845474743, 42.20734663830539], [-89.10344080111169, 42.2073413571501], [-89.10346314718235, 42.207336021068706], [-89.10348546271385, 42.20733257805483], [-89.10350524340092, 42.207332761403734], [-89.10352257008012, 42.20732965657385], [-89.1035414828464, 42.208137399471255], [-89.10355654274454, 42.20813306811011], [-89.10357099238117, 42.20939683744952], [-89.1035899841173, 42.2102078561227], [-89.10288337692403, 42.210211924932125], [-89.09974611125617, 42.21022992929319], [-89.09977566664823, 42.2133997280299], [-89.09978418420549, 42.21431920777243], [-89.10852705482081, 42.214256651319836], [-89.10849066498697, 42.212256630154926], [-89.11064599062642, 42.21225049505654], [-89.11062451570943, 42.21334590626759], [-89.11224144277269, 42.21334305495824], [-89.11221391577622, 42.2122492807343], [-89.12146501532922, 42.21219861287236], [-89.12147591910119, 42.21355493187991], [-89.11607496056698, 42.21360067311406], [-89.11582885493975, 42.2136027545235], [-89.11583645246962, 42.215119489368625], [-89.1158406993092, 42.215963245296365], [-89.1158441520832, 42.2166522511852], [-89.11584736834256, 42.21729992788463], [-89.11585656143798, 42.219134476833275], [-89.1158564659416, 42.219137022035014], [-89.1176922310284, 42.21940389428837], [-89.11816979113381, 42.219457448427995], [-89.11872564037492, 42.219706101838845], [-89.11917768960208, 42.219908318264544], [-89.11968114768909, 42.22013352795027], [-89.12018952368733, 42.22033744384963], [-89.12078143317606, 42.22059977419203], [-89.12130950400768, 42.22085823713012], [-89.1216435754899, 42.22103539774993], [-89.12246912196548, 42.22152115482179], [-89.12307227666156, 42.22192498556079], [-89.12306003045235, 42.22308620970522], [-89.12305661270172, 42.22329372067255], [-89.12266421169363, 42.22328764849089], [-89.1226679862264, 42.22372630734455], [-89.12266919371618, 42.22386371816609], [-89.12267272239366, 42.22427465871418], [-89.12267746020373, 42.22482298303857], [-89.12268216043606, 42.22536902918768], [-89.12410675574803, 42.225360692432915], [-89.12492042925258, 42.2253559567796], [-89.12464368965335, 42.22565096358147], [-89.12440294868834, 42.22590765916273], [-89.12305314467214, 42.22591371541147], [-89.12286113878348, 42.225914575466824], [-89.12268685614579, 42.22591534893908], [-89.12249082469279, 42.225916226651265], [-89.1219485175128, 42.22591864193161], [-89.12195006227974, 42.22683306840756], [-89.11931251826834, 42.22684017936836], [-89.11931826023803, 42.22723431951063], [-89.11932024975115, 42.22737080379253], [-89.11934748156075, 42.22832198378912], [-89.11552713230097, 42.22836374279865], [-89.11383414401612, 42.2283776220829], [-89.11382742723906, 42.227539852990525], [-89.11382263061213, 42.226968642316606]]]]}, "properties": {"name": "Global Trade Park #2", "status": "Existing", "ending_date": "2031-12-30", "final_levy_year": "2030"}}, {"type": "Feature", "geometry": {"type": "MultiPolygon", "coordinates": [[[[-89.12567479992211, 42.2706737366987], [-89.12512583379618, 42.2707521192199], [-89.12512025532833, 42.27091187492763], [-89.12506138250373, 42.27091681224423], [-89.12485752295832, 42.27093371732537], [-89.12450725775608, 42.27096276376504], [-89.1244960719921, 42.271086643645816], [-89.12448488579383, 42.27121054692676], [-89.12446517459907, 42.27142918446129], [-89.12417065518824, 42.2714160522449], [-89.12361961017267, 42.27139144916424], [-89.12356094383196, 42.27138882954952], [-89.1230098622369, 42.271364195296854], [-89.1230306130509, 42.271145594490164], [-89.12303965434525, 42.27104996203442], [-89.1215370531438, 42.27129842410358], [-89.1215259603954, 42.27142416814934], [-89.121515141068, 42.27154678703345], [-89.12150435759368, 42.27166943415005], [-89.12149350061487, 42.27179205178341], [-89.1214907621864, 42.271823087248706], [-89.12149043233413, 42.27182683670167], [-89.121209928966, 42.27181397226996], [-89.12095506962112, 42.271802235896644], [-89.12073262389131, 42.27179202981048], [-89.12050940420136, 42.27178178922321], [-89.12028655351105, 42.27177152365905], [-89.12003184075836, 42.27175981358066], [-89.1200177820154, 42.27191341184959], [-89.12001761649334, 42.271915210042714], [-89.11972311699002, 42.27190174877459], [-89.11901856780426, 42.271869327212876], [-89.11900602853734, 42.27200619991577], [-89.11899349043718, 42.27214307172437], [-89.11898247894115, 42.272263520661895], [-89.11896768182655, 42.272425234562355], [-89.11875221325313, 42.27241530714826], [-89.11872433856166, 42.27241403778623], [-89.11859364006135, 42.272408041149234], [-89.11848095782001, 42.27240284015118], [-89.11840925879312, 42.27239952258212], [-89.11825072251358, 42.27239222853698], [-89.11823757884946, 42.27239161410645], [-89.11811795623164, 42.27238607470725], [-89.11798522739089, 42.27238000389401], [-89.11799226716916, 42.27230298621768], [-89.11800351027361, 42.27217979537728], [-89.11801302471721, 42.27207612707946], [-89.11801478922787, 42.27205663277033], [-89.118026068596, 42.27193344225402], [-89.11778490484029, 42.271922373253915], [-89.11777333017956, 42.272045506126474], [-89.11747867735123, 42.2720337545665], [-89.11692694120018, 42.272008344134065], [-89.11691316658472, 42.272154808808594], [-89.11689931962455, 42.27230124580636], [-89.11688558242608, 42.27244771171287], [-89.11687620377076, 42.27254717313893], [-89.11665538703829, 42.27253701096408], [-89.11648610667584, 42.2725292046645], [-89.11617807892299, 42.272515022501146], [-89.11593426778883, 42.272556448064925], [-89.11576197819639, 42.27254743282823], [-89.1155780224757, 42.2725378161397], [-89.1153940668169, 42.27252819915668], [-89.1152101100079, 42.27251858186804], [-89.11502619203115, 42.27250896554074], [-89.11484223702196, 42.27249931976918], [-89.11459895583376, 42.27248660590128], [-89.11441522230781, 42.27247698938604], [-89.11423148763163, 42.27246737256589], [-89.11404775467865, 42.27245772845817], [-89.11386398374994, 42.27244811161679], [-89.11368025047126, 42.27243849392636], [-89.11349647968115, 42.27242887559704], [-89.11331274652606, 42.27241925731896], [-89.11312897584459, 42.27240963930208], [-89.11288577103015, 42.272396894592234], [-89.112700893619, 42.27238720990076], [-89.11251601580541, 42.272377552816906], [-89.11233121124171, 42.27236786819913], [-89.11214633401832, 42.272358182615385], [-89.11196149441571, 42.272348497979934], [-89.11177665367869, 42.272338812135814], [-89.1115918130043, 42.27232912599438], [-89.11140693556585, 42.272319467126074], [-89.11116373075735, 42.27230669175536], [-89.11097973975787, 42.27229709527571], [-89.11079578611285, 42.27228744302612], [-89.11061183204902, 42.27227781928723], [-89.11042787731608, 42.27226816643749], [-89.11024392337619, 42.27225854210965], [-89.11005993361837, 42.272248888347036], [-89.10987597859044, 42.272239263418975], [-89.1096920253178, 42.272229609402366], [-89.10944878399587, 42.272216884976714], [-89.10945341246527, 42.2721676982478], [-89.10946889831786, 42.27200379702968], [-89.10949364043879, 42.27174154933988], [-89.10951066354247, 42.27156086894529], [-89.10952835279154, 42.27137347032865], [-89.10954132482725, 42.27123621914858], [-89.10915175145496, 42.271215887976716], [-89.10896787428928, 42.27120628932314], [-89.1089017217733, 42.27120282520377], [-89.10891465755242, 42.27106557375883], [-89.10834120968029, 42.271035667835335], [-89.10835411072438, 42.27089838912248], [-89.10836701125464, 42.27076113740918], [-89.10837991052595, 42.27062388477925], [-89.10839281093222, 42.27048663305533], [-89.1084057108247, 42.270349408330965], [-89.10842284099142, 42.27016813845064], [-89.108464466227, 42.27016776810794], [-89.10845766977184, 42.26983637983646], [-89.10827349702407, 42.26983802842246], [-89.10808928792811, 42.26983967547674], [-89.10808861409366, 42.26979823285439], [-89.10808301186479, 42.26947064223847], [-89.10789947655475, 42.26947185676253], [-89.1077252711193, 42.26947300949632], [-89.1077240012435, 42.2693358295411], [-89.10772208101382, 42.2691283011698], [-89.10827792439608, 42.269052261284635], [-89.10845423037756, 42.26902814777889], [-89.10864601604175, 42.269001899954375], [-89.10882856068037, 42.26899801380069], [-89.10883229417904, 42.268997938403146], [-89.10901007922546, 42.2690157683603], [-89.10901376230147, 42.269016461349906], [-89.10920125661664, 42.26905018626272], [-89.10920419793365, 42.269051092080055], [-89.10938614861576, 42.269107048051424], [-89.10938834697792, 42.26910816578774], [-89.10963822152081, 42.26923173275117], [-89.1096001345588, 42.26912898671268], [-89.10955655736242, 42.26903787597354], [-89.10946621670398, 42.26889365473531], [-89.10936125876584, 42.268726098767125], [-89.10960302503501, 42.268693614588976], [-89.10954008557768, 42.26861960126147], [-89.10945156803355, 42.268535254307125], [-89.10933851859814, 42.268388937470554], [-89.10931348794769, 42.268248591735464], [-89.10928834377246, 42.2681082998635], [-89.10926230251208, 42.268024006621324], [-89.10943190110653, 42.26802301884322], [-89.1096237341906, 42.26804240433588], [-89.1096402589228, 42.26794006352698], [-89.1098082059296, 42.267952814788465], [-89.1099765501553, 42.26796225365046], [-89.11014517172566, 42.26796837090406], [-89.1101599949756, 42.2679686614202], [-89.11034552290795, 42.26797103942449], [-89.1105171580008, 42.267969382768754], [-89.11068865951901, 42.267964109011544], [-89.11085989160436, 42.26795522230448], [-89.11092714064047, 42.26790389577602], [-89.11141997516076, 42.26785006429077], [-89.11164751675041, 42.267819584913255], [-89.11213792543322, 42.267753845829034], [-89.11219198184983, 42.26779122378506], [-89.11248346592309, 42.267752495115445], [-89.11260410492362, 42.26773634342849], [-89.11315694029027, 42.26766239220598], [-89.11348169638799, 42.26761790221056], [-89.11349095335174, 42.26761667008173], [-89.11356393678884, 42.267606857195524], [-89.11361957429364, 42.26754193591703], [-89.11368211005538, 42.26748057472619], [-89.11375113247412, 42.267423178570056], [-89.11382618680506, 42.26737012318983], [-89.11390678117333, 42.26732175787721], [-89.11399238543699, 42.26727840096295], [-89.11408243729133, 42.26724033717228], [-89.1146951912705, 42.267006397298005], [-89.1147870666156, 42.26697131887599], [-89.11491537494592, 42.26692046720747], [-89.11492254937059, 42.26687111178975], [-89.11512098789889, 42.26677746344136], [-89.1151500289906, 42.266586244340886], [-89.11517748701824, 42.26640559197002], [-89.11526075542639, 42.26641273317106], [-89.11536102971624, 42.26642133565133], [-89.11542843250062, 42.266427112273384], [-89.11559610964102, 42.26644149203146], [-89.11576378565057, 42.266455871534085], [-89.1159348583108, 42.26647052859601], [-89.1161786768484, 42.266485055928605], [-89.11656398775006, 42.26648227280248], [-89.11678975001529, 42.26648063601457], [-89.117303350564, 42.2664769118025], [-89.11764809048485, 42.26647444071426], [-89.11783912027204, 42.26647305943509], [-89.11821231109737, 42.26647035258578], [-89.12062898402998, 42.26654785322992], [-89.1221908374829, 42.266537117236595], [-89.12353590959037, 42.26652781846382], [-89.12580759728579, 42.26650998676683], [-89.126399639509, 42.26650803210584], [-89.12937110689698, 42.26610711051397], [-89.1296116331581, 42.26607465480007], [-89.12960748138137, 42.26648574341143], [-89.12958130965482, 42.26906943297448], [-89.12958056829986, 42.269206636912465], [-89.12933699519233, 42.26920824399636], [-89.1284178812139, 42.26921425112495], [-89.1271341730209, 42.269222653518064], [-89.12714377526913, 42.26969058733131], [-89.12610264766947, 42.26970153333997], [-89.12610319136922, 42.26979272541947], [-89.1261066921985, 42.27037960677938], [-89.12610735881204, 42.2704910342615], [-89.12609845659391, 42.270672234783675], [-89.12591861793152, 42.27067372686249], [-89.12567479992211, 42.2706737366987]]]]}, "properties": {"name": "Preston St. & South Central Ave.", "status": "Existing", "ending_date": "2031-12-30", "final_levy_year": "2030"}}, {"type": "Feature", "geometry": {"type": "MultiPolygon", "coordinates": [[[[-89.08656319001186, 42.278026030414736], [-89.08658525983351, 42.27800165108772], [-89.08740759610077, 42.27854032571668], [-89.08759872355726, 42.27866533584056], [-89.08740196511262, 42.27874034641802], [-89.08707566842669, 42.2790589963093], [-89.08699240820887, 42.27923251861904], [-89.08667938831367, 42.27949607965314], [-89.08614860445837, 42.2791475979827], [-89.08561249027103, 42.27879560644372], [-89.08561998502552, 42.27878730700858], [-89.0856468849568, 42.27875926956626], [-89.08567230774624, 42.27873118938329], [-89.08570216501548, 42.278703123986915], [-89.08573346135195, 42.27867512706579], [-89.08576475933432, 42.278647103142454], [-89.08582147874297, 42.27859099898052], [-89.08585421667429, 42.27856298860428], [-89.08589187713224, 42.278536725279224], [-89.08593047078521, 42.278509839626054], [-89.08596623898822, 42.27848185777581], [-89.08597725507438, 42.27847507339612], [-89.08600474042073, 42.27845823661671], [-89.08604335063842, 42.27843250436555], [-89.08608190787672, 42.278407813249245], [-89.08611172675751, 42.27837977529158], [-89.08611918978693, 42.27837339676454], [-89.08614450202708, 42.2783517651828], [-89.08617287963219, 42.27832371272801], [-89.08620709486941, 42.27829571616879], [-89.08624136593792, 42.278266649668275], [-89.08627896762455, 42.278232949180996], [-89.08630395982182, 42.27821060061003], [-89.08633817495496, 42.27818260310963], [-89.08637530887243, 42.278154633995676], [-89.08641390216054, 42.27812994400587], [-89.08643404846121, 42.27811874498925], [-89.08645243919004, 42.278108545870715], [-89.0864881330098, 42.27808056225385], [-89.08652676323061, 42.27805370465058], [-89.08656319001186, 42.278026030414736]]]]}, "properties": {"name": "Main St. / Whitman St.", "status": "Existing", "ending_date": "2032-12-30", "final_levy_year": "2031"}}, {"type": "Feature", "geometry": {"type": "MultiPolygon", "coordinates": [[[[-89.06657047855053, 42.23794868077543], [-89.0665639699612, 42.23938662065008], [-89.06706468170668, 42.23939142246017], [-89.06707342693059, 42.24157175412549], [-89.0670065701023, 42.24179146728442], [-89.06404437652395, 42.24181565915492], [-89.06386121143296, 42.241817163428635], [-89.06346252993221, 42.24179461355285], [-89.06339981397943, 42.24150152365125], [-89.06308921582213, 42.24119515592844], [-89.06263873727454, 42.24088250721859], [-89.06248355200887, 42.240774801534144], [-89.06224689241245, 42.24058816819527], [-89.0621324251202, 42.2404125047638], [-89.06208208196965, 42.24019694509377], [-89.06193437989893, 42.24019812972455], [-89.06194640947263, 42.2379784391185], [-89.06657047855053, 42.23794868077543]]]]}, "properties": {"name": "Kishwaukee St./Harrison Ave. #2", "status": "Existing", "ending_date": "2032-12-30", "final_levy_year": "2031"}}, {"type": "Feature", "geometry": {"type": "MultiPolygon", "coordinates": [[[[-89.08241172910722, 42.26097615275471], [-89.08213463108106, 42.26091575474509], [-89.08182294861383, 42.260875180386584], [-89.0815602450573, 42.26086476781555], [-89.08155889884159, 42.261195312894834], [-89.08130403569317, 42.26119528778736], [-89.08129036293775, 42.26161438067564], [-89.0803288271774, 42.2616173817529], [-89.08032753655988, 42.26174367026435], [-89.08069620600888, 42.2617443098457], [-89.08069522699498, 42.26180135454482], [-89.08032650824012, 42.261803567551176], [-89.08032552887548, 42.261860613142886], [-89.08069798912366, 42.261864140787644], [-89.08069404612364, 42.26231768482694], [-89.08021401801172, 42.262315990295306], [-89.08020362174271, 42.26290304199144], [-89.08092587387999, 42.26290753878673], [-89.0809253571041, 42.263161425448885], [-89.08217087260056, 42.26316687983809], [-89.08217640364461, 42.26380223044924], [-89.08167944786211, 42.26380122193094], [-89.08168305731265, 42.264170400685764], [-89.081554303436, 42.26416932831524], [-89.08154579449237, 42.26434998345769], [-89.08118787125782, 42.26434951671815], [-89.08118972729191, 42.26471390725085], [-89.08131592274876, 42.26471326145089], [-89.08132155507391, 42.265300861762256], [-89.08116341473541, 42.2653023764852], [-89.08116333591734, 42.265543283939024], [-89.08091206602697, 42.265537893726574], [-89.0809131229861, 42.265712561405934], [-89.08177674167571, 42.26570868959578], [-89.08177563317673, 42.26648259480543], [-89.08123499981458, 42.266340001981796], [-89.08123531566628, 42.26607396217596], [-89.08091908280964, 42.26607397920027], [-89.08091993307315, 42.26626069094533], [-89.07958505651267, 42.26591844257313], [-89.07963645575236, 42.265888378953115], [-89.07969233616986, 42.265863106876864], [-89.07975189033544, 42.26584298960947], [-89.07981425993353, 42.26582831881119], [-89.0798645354296, 42.26580679010323], [-89.07991782743115, 42.2657897284472], [-89.07997342051164, 42.26577736293871], [-89.08003056639602, 42.265769859342086], [-89.08004641044562, 42.26471811647584], [-89.08066355669871, 42.264710867594694], [-89.08067321974, 42.2641478930668], [-89.08009155585309, 42.26414238331601], [-89.0799485227359, 42.26425887934433], [-89.0787320907624, 42.264260439751624], [-89.07876935405888, 42.25942210432323], [-89.0790131447239, 42.25951556159534], [-89.07900920561484, 42.25942023618757], [-89.08070953915922, 42.26011165355999], [-89.08071152955957, 42.25999566929746], [-89.07901141266433, 42.259291825321576], [-89.07902123741356, 42.2587201901658], [-89.07965287179248, 42.25896232746497], [-89.07948174192305, 42.25918442512809], [-89.07977529152569, 42.25930321075463], [-89.07988916478037, 42.25916757174484], [-89.07980601897404, 42.25913778322356], [-89.07988558003639, 42.25905153554823], [-89.07984118336083, 42.2590386852296], [-89.07990358897969, 42.25897713232045], [-89.08071671507913, 42.25898758898351], [-89.08072430372042, 42.25854536090614], [-89.08216040178912, 42.2588615767258], [-89.08216917689694, 42.25834952323477], [-89.08072769857272, 42.25834752265759], [-89.08074307487296, 42.25745142913689], [-89.07707667056894, 42.25745157142152], [-89.07705193384678, 42.261618263355224], [-89.07178666921729, 42.261637952592494], [-89.07184633031811, 42.2551483656604], [-89.0790449609537, 42.25513650083583], [-89.07903476675573, 42.255654401831166], [-89.0801313441533, 42.25566479640682], [-89.08015446421577, 42.255580965825324], [-89.08101020397858, 42.25558000395906], [-89.08100880659318, 42.25566146729177], [-89.08162832100622, 42.25565336485124], [-89.08219951278171, 42.25549074038718], [-89.08283450327131, 42.255277576987844], [-89.08364428884943, 42.25496378460446], [-89.0840709509251, 42.254741341681765], [-89.08446823884734, 42.254511314908086], [-89.08499149996794, 42.254275169013], [-89.0853686182246, 42.25407417000935], [-89.08564554033721, 42.25398180941318], [-89.08578672239048, 42.253929700799105], [-89.08593116757169, 42.25388278510327], [-89.08607852740413, 42.25384117426894], [-89.08622845120621, 42.25380496761588], [-89.08638058000209, 42.2537742535837], [-89.08653454784046, 42.25374910344238], [-89.08659736177238, 42.25372372126591], [-89.08666305969162, 42.253702754295404], [-89.08673108351577, 42.253686381833], [-89.08680085039552, 42.25367474333539], [-89.08671508766764, 42.25943083083892], [-89.08282448050305, 42.25942654951938], [-89.08257401865077, 42.25941254212653], [-89.0824185514791, 42.2593412358718], [-89.08241172910722, 42.26097615275471]]]]}, "properties": {"name": "Midtown", "status": "Existing", "ending_date": "2032-12-30", "final_levy_year": "2031"}}, {"type": "Feature", "geometry": {"type": "MultiPolygon", "coordinates": [[[[-89.07280414241009, 42.21191525308919], [-89.07280468473232, 42.21256828356184], [-89.07280514399851, 42.2131170627151], [-89.07280570643552, 42.213799440637885], [-89.07287926634505, 42.2137920690732], [-89.07590905028151, 42.21382092190046], [-89.07596541716103, 42.2149477829969], [-89.07581392316494, 42.21494634228021], [-89.07576546459012, 42.21776169671551], [-89.0818254234126, 42.21781917425078], [-89.08186597773981, 42.2124399980791], [-89.08229473169217, 42.212529877128254], [-89.08812888613693, 42.212472254045764], [-89.0887386638928, 42.212252720590534], [-89.0894174816533, 42.212428046681026], [-89.09305411654779, 42.21240582901005], [-89.09312890732096, 42.21246284436252], [-89.09320620928017, 42.21250045086948], [-89.09321943448064, 42.21251731411332], [-89.09323494659436, 42.21253422576751], [-89.09325498328191, 42.212547777490286], [-89.09327052420751, 42.21256298872302], [-89.09329053963411, 42.212579942513365], [-89.09330829528867, 42.21259517446688], [-89.09332380912838, 42.212612058215406], [-89.0933438441761, 42.212625637816856], [-89.0933661690369, 42.21263923794162], [-89.09338626998985, 42.212651143575115], [-89.09340864234905, 42.21265972220502], [-89.09342880091357, 42.21266822609741], [-89.09345103020186, 42.21268525549369], [-89.09347104617254, 42.212702182248144], [-89.09348433615928, 42.21271737149006], [-89.0934960153339, 42.212731778594524], [-89.09351155637746, 42.21274698889511], [-89.09352927580511, 42.212762220475206], [-89.0935471049751, 42.212777480088626], [-89.09356483362721, 42.212794385426356], [-89.09358487800746, 42.212809637849375], [-89.0936048848445, 42.21282489081794], [-89.0936226781959, 42.21284012217477], [-89.0936404715406, 42.21285535442909], [-89.09366047887778, 42.212870579482946], [-89.09368280342059, 42.21288420745247], [-89.09370293285282, 42.21289443871951], [-89.09372524699072, 42.21290639290654], [-89.09374540521954, 42.21291492374934], [-89.0937678431267, 42.21292185625466], [-89.09379021561863, 42.21293043571157], [-89.09381037340695, 42.21293899354812], [-89.09383055952406, 42.212945877969254], [-89.09385515476284, 42.21295615188087], [-89.09387531256824, 42.21296470970618], [-89.09389760811543, 42.21297998403014], [-89.09391992400379, 42.212991910286014], [-89.09394005349374, 42.21300214241224], [-89.09396246237988, 42.21301072127561], [-89.09398249891711, 42.213024299878704], [-89.09400262842757, 42.213034531994126], [-89.0940204209892, 42.213049819100874], [-89.09403367409928, 42.213064980924464], [-89.09405146762131, 42.21308021221611], [-89.09406247042627, 42.21309538090192], [-89.09407347204075, 42.21311054867522], [-89.09407828963033, 42.21312472679725], [-89.09409151399608, 42.21314158903135], [-89.0941025252886, 42.21315840446006], [-89.09412256898437, 42.213173711701195], [-89.0941425489614, 42.21319063800114], [-89.0941603049915, 42.21320586982542], [-89.09417588477724, 42.213221025478646], [-89.09418688670688, 42.21323624906301], [-89.094197860046, 42.213253091136835], [-89.09421115032144, 42.21326828029639], [-89.09422662655517, 42.213285191479706], [-89.09423985218902, 42.21330205460855], [-89.09425539353497, 42.21331726571065], [-89.09426864751043, 42.213332454524036], [-89.09428416055891, 42.21334933903436], [-89.09429966559992, 42.21336454979095], [-89.09431974787513, 42.213379802439086], [-89.09433750400044, 42.2133950342365], [-89.09435979180803, 42.21340863382064], [-89.0943799210447, 42.21341889287627], [-89.09440035137706, 42.2134331890334], [-89.09441581892835, 42.21344839942366], [-89.09443139883432, 42.21346355504294], [-89.09445362867054, 42.21348058424881], [-89.09447367392308, 42.21349581041475], [-89.09449374705002, 42.21350938926999], [-89.09451372816031, 42.213526260596396], [-89.09453379991994, 42.21353992136003], [-89.09455371426357, 42.2135585215513], [-89.09456926499621, 42.21357540547461], [-89.09458251908512, 42.21359059515269], [-89.09459578120378, 42.21360745858097], [-89.09460903410996, 42.21362264734454], [-89.09462682791067, 42.21363787944899], [-89.09464008204151, 42.21365306822038], [-89.09465112095562, 42.21366826419554], [-89.0946688493958, 42.21368514234988], [-89.09468210307449, 42.213700359021715], [-89.09470223291292, 42.21371059101689], [-89.0947109554043, 42.21372741110404], [-89.09471749143195, 42.213742537979826], [-89.09472395482328, 42.213757663276056], [-89.0947327419391, 42.213772811189024], [-89.09473921334894, 42.213789611136235], [-89.09474797292697, 42.213806459476594], [-89.09475444434412, 42.21382325942294], [-89.09476313854951, 42.21384175381846], [-89.09476987444569, 42.2138559489372], [-89.09477633784539, 42.21387107513062], [-89.09478506839083, 42.21388956986396], [-89.0947938567499, 42.21390471778362], [-89.094800328204, 42.21392151682717], [-89.09480679964622, 42.2139383167705], [-89.09481555002203, 42.213953491342735], [-89.09482433886889, 42.213968611354865], [-89.09483308970962, 42.21398375892075], [-89.09483958779674, 42.2139989124438], [-89.09484608755446, 42.214014038972735], [-89.09485484766272, 42.21403085939974], [-89.09485909633536, 42.214045964892286], [-89.09486331550187, 42.2140627437855], [-89.09486524724997, 42.21407950130363], [-89.0948672816339, 42.21409455819457], [-89.09487152864588, 42.21410969068029], [-89.09487349747913, 42.21412647555401], [-89.09487549385598, 42.21414155999915], [-89.09487747117838, 42.214159991619304], [-89.09488169035673, 42.21417677051165], [-89.09488368628023, 42.2141918819616], [-89.0948834320355, 42.21420691746611], [-89.0948939088976, 42.21425973032468], [-89.09489594283657, 42.21427481421982], [-89.09490244263475, 42.214289940745346], [-89.0949089424512, 42.21430506637031], [-89.09491544178358, 42.21432022080027], [-89.09491518708862, 42.214335283309644], [-89.09491719151258, 42.214352041505265], [-89.0949214402353, 42.21436714609491], [-89.09492565943799, 42.21438392498531], [-89.09492762874922, 42.214400682852556], [-89.0949318479556, 42.21441746174269], [-89.09493122488624, 42.214454310114924], [-89.09493319420078, 42.21447106798191], [-89.09493519061621, 42.21448615152524], [-89.09494169137292, 42.214501223138086], [-89.09494597551003, 42.21451638297628], [-89.09495244704851, 42.21453318291081], [-89.09496119799525, 42.214548330466684], [-89.09496544598638, 42.2145634080381], [-89.09496969380531, 42.21457856753595], [-89.09497622997861, 42.21459369439646], [-89.09497822761853, 42.2146087779502], [-89.09498260093409, 42.21462303380841], [-89.09498684846314, 42.214638139284176], [-89.09499106892589, 42.21465491728295], [-89.09499531645895, 42.21467002275835], [-89.09499728533936, 42.21468680762889], [-89.0949967198344, 42.21472025336569], [-89.0949987238182, 42.21473703946437], [-89.09499618169438, 42.2147520806005], [-89.09499592699953, 42.2147671440093], [-89.0950001847137, 42.214783868336866], [-89.09500215145896, 42.21480070810597], [-89.09500639947554, 42.21481578567551], [-89.09501287105904, 42.21483258560633], [-89.0950193426459, 42.21484938553674], [-89.09502584207317, 42.21486453905982], [-89.09503448913806, 42.21488805492093], [-89.0950409595251, 42.214904854838764], [-89.09504965516734, 42.214923349223085], [-89.09505606897592, 42.214943495964114], [-89.09506707991632, 42.21496036531157], [-89.09507583140409, 42.21497548585354], [-89.09508233132904, 42.21499061146817], [-89.09509325692129, 42.21501252985454], [-89.095101895255, 42.21503434404257], [-89.09510839519194, 42.21504946965571], [-89.09510833691908, 42.21506387677251], [-89.09511933911796, 42.21507904444709], [-89.09512809017752, 42.215094191990104], [-89.09513912992527, 42.215109360013514], [-89.09514563033503, 42.215124458619506], [-89.09515654672289, 42.21514470323718], [-89.0951652973436, 42.21515987778243], [-89.09517183530362, 42.215174976737636], [-89.09517608292741, 42.21519008130571], [-89.09518255459227, 42.215206881226784], [-89.09518452399263, 42.21522363908829], [-89.09518877115072, 42.21523877156104], [-89.09519299216035, 42.21525552254668], [-89.09519496035377, 42.21527228039661], [-89.09519695638119, 42.21528739183951], [-89.0952012132524, 42.215304171069356], [-89.09520321094963, 42.21531925551835], [-89.09520292848121, 42.21533596443346], [-89.09520492451222, 42.21535107587609], [-89.09521142448959, 42.21536620238339], [-89.09521564384555, 42.215382980361724], [-89.09521760448087, 42.21539803655448], [-89.09521624545818, 42.215478427840914], [-89.09521827949193, 42.21549351262867], [-89.09522027600254, 42.21550859616553], [-89.0952200213542, 42.21552365957344], [-89.09522198910511, 42.21554044442734], [-89.09522398681358, 42.21555552887553], [-89.09522370389179, 42.215572264795085], [-89.09522570039054, 42.215587349231846], [-89.09522998559216, 42.215602454147984], [-89.0952342344521, 42.21561755962477], [-89.09523623095461, 42.21563264406127], [-89.09523834907579, 42.21564712552584], [-89.09524484789435, 42.215662251119426], [-89.09524913309002, 42.215677356934926], [-89.09525113035207, 42.21569246838744], [-89.09524859553044, 42.21570915626184], [-89.09524608973528, 42.21572419864073], [-89.09524577851369, 42.21574260887197], [-89.09524777503748, 42.21575769240787], [-89.09524751993695, 42.2157727828203], [-89.09524501413871, 42.21578782519897], [-89.09523796850594, 42.21580282426914], [-89.0952354627041, 42.215817866647505], [-89.09523745921223, 42.215832951083556], [-89.09523720458029, 42.21584801359055], [-89.09523921034005, 42.21586477178899], [-89.09524116931082, 42.21587985587422], [-89.0952431750877, 42.21589661317237], [-89.0952428926089, 42.21591332298617], [-89.09524488820827, 42.21592846143196], [-89.09524437893081, 42.21595858734561], [-89.0952418731236, 42.21597362972365], [-89.0952393014864, 42.21599034516274], [-89.09523451622555, 42.2160070399234], [-89.09522972976634, 42.2160237337723], [-89.09522497233331, 42.21603878212566], [-89.0952224801442, 42.21605294682814], [-89.09521997434281, 42.21606798830519], [-89.09521521736048, 42.21608300965294], [-89.09520814217016, 42.21609968302067], [-89.0952033476581, 42.216114703116936], [-89.09520084941605, 42.21613144624964], [-89.09520278130529, 42.21614820375788], [-89.09520481535404, 42.21616328854434], [-89.09520427821961, 42.21619506086305], [-89.0952062742738, 42.216210172303754], [-89.09520828003485, 42.21622693050174], [-89.09520748687335, 42.2162738472411], [-89.09520494396021, 42.21628886226157], [-89.09520443465735, 42.21631898817293], [-89.09520646872633, 42.21633407205883], [-89.0952106893359, 42.21635085094675], [-89.0952171599112, 42.21636765085267], [-89.09522591192032, 42.21638282540352], [-89.09523466410742, 42.21639791802713], [-89.09523440854151, 42.216413035442834], [-89.09523649471457, 42.216427187093736], [-89.09524074362733, 42.216442292568786], [-89.09524048899075, 42.21645735507416], [-89.0952379536598, 42.21647407085095], [-89.09523544782816, 42.216489113227276], [-89.09523969675975, 42.21650421780207], [-89.09524394401059, 42.21651935027056], [-89.09524386051152, 42.21652428949043], [-89.09524386005498, 42.21652431649545], [-89.0952434342504, 42.216549504086274], [-89.09524543125163, 42.216564560615396], [-89.09524517659985, 42.21657962402063], [-89.09524039130804, 42.216596317879194], [-89.09524013619826, 42.21661140828936], [-89.09523760252773, 42.216628097071926], [-89.0952370927778, 42.21665824998683], [-89.09523906101882, 42.21667500783259], [-89.0952410575506, 42.21669009226665], [-89.09524302579348, 42.21670685011227], [-89.09524277115509, 42.21672191261697], [-89.09524696350829, 42.21674036491443], [-89.09524899758367, 42.21675544969892], [-89.09525315240072, 42.21677390164544], [-89.09525284069798, 42.21679233977853], [-89.0952548747914, 42.21680742366264], [-89.09525902961325, 42.21682587560883], [-89.09526556607669, 42.216841002450465], [-89.09526539969211, 42.216855214986545], [-89.09526064144659, 42.21687023632229], [-89.09526035850621, 42.21688697313835], [-89.09525785174846, 42.21690206952404], [-89.09525725757577, 42.216937216567466], [-89.09525475219985, 42.21695223103765], [-89.09525221806113, 42.21696894682446], [-89.09525196340738, 42.21698401022869], [-89.0952494195597, 42.216999079258166], [-89.09524913708685, 42.2170157881686], [-89.09524660127627, 42.21703253094876], [-89.09524409542186, 42.21704757332361], [-89.0952418596921, 42.21717982053935], [-89.09523707433561, 42.21719651529568], [-89.0952345672759, 42.21721155675829], [-89.0952334354719, 42.217278504017735], [-89.09523540448227, 42.21729528887832], [-89.09523965223775, 42.217310394340494], [-89.09524390122138, 42.21732549891364], [-89.09524593531194, 42.217340583696874], [-89.09524568066858, 42.21735564619991], [-89.09524313725925, 42.21737068822306], [-89.09523837898244, 42.21738570865586], [-89.0952336218991, 42.21740072999991], [-89.09523112456918, 42.21741519535461], [-89.09523312187318, 42.217430306803514], [-89.09523261256336, 42.21746043270913], [-89.09522785426171, 42.21747545404131], [-89.09522759959764, 42.21749051744409], [-89.09522285055694, 42.21750721163783], [-89.09521580470418, 42.21752221160014], [-89.09520875763704, 42.21753721155063], [-89.09520163494018, 42.217558905496595], [-89.09519459785322, 42.217575607124544], [-89.09519209076659, 42.21759064858498], [-89.09518280171564, 42.217607301265055], [-89.09517801630905, 42.21762399601717], [-89.09517319335937, 42.21764069041829], [-89.09516168017262, 42.21765564774277], [-89.09515014791937, 42.217673953139354], [-89.09514081326816, 42.21768893171418], [-89.09513380324796, 42.21770395901496], [-89.0951222912512, 42.21771891634638], [-89.09511528167977, 42.21773391664082], [-89.09510823577538, 42.217748916595355], [-89.0950989188557, 42.217767214773694], [-89.0950873768612, 42.21778387340629], [-89.09507805021293, 42.217800525725984], [-89.09506876110034, 42.217817178395535], [-89.09506169565276, 42.21783555342503], [-89.09505462021708, 42.217852226775584], [-89.09504759156283, 42.21787057423826], [-89.0950450480986, 42.21788561535475], [-89.09504473679505, 42.217904025577816], [-89.09504415862894, 42.2179185916865], [-89.09504390391724, 42.21793365508721], [-89.09504136846746, 42.21795037085414], [-89.09502731291516, 42.21798037019083], [-89.09502252698091, 42.2179970919396], [-89.09501999197926, 42.218013780700765], [-89.09501523433747, 42.21802882903802], [-89.09501270010202, 42.21804554391505], [-89.09501013634166, 42.2180639330919], [-89.09500537915018, 42.21807895442352], [-89.09499834121205, 42.21809562812018], [-89.09499129525337, 42.21811062716566], [-89.09498200485996, 42.218127279815185], [-89.0949704927335, 42.21814223802918], [-89.09496573385873, 42.21815728635249], [-89.09495418465393, 42.21817221630869], [-89.09494714744584, 42.218188917018004], [-89.09493785824, 42.218205569674794], [-89.09493309980914, 42.218220590991415], [-89.09492602552093, 42.21823726344319], [-89.09491901584344, 42.21825226372313], [-89.09490975492072, 42.218267242966334], [-89.0949049964935, 42.21828226338133], [-89.0948979217188, 42.218298963736224], [-89.09489313497043, 42.218315658461684], [-89.09489060067457, 42.2183323742349], [-89.09488584222241, 42.21834739554898], [-89.09488105667795, 42.21836409028504], [-89.09487858702292, 42.21837913208618], [-89.09486903378836, 42.21840917347306], [-89.09486421023678, 42.21842589486235], [-89.0948594529819, 42.218440916186275], [-89.09485462988194, 42.21845761057], [-89.09484990896748, 42.218472631332716], [-89.09484947959385, 42.21848706198235], [-89.0948446848048, 42.21850208205442], [-89.09483767507756, 42.21851708232814], [-89.09483066489021, 42.2185321096064], [-89.09482137560178, 42.21854876225186], [-89.09481661834218, 42.21856378267328], [-89.09480957106014, 42.218578782594165], [-89.09480250592026, 42.21859712969829], [-89.09479778375618, 42.218612151347074], [-89.09479521309166, 42.218628866777365], [-89.09479045460846, 42.218643887186055], [-89.0947879198139, 42.2186606299606], [-89.09478766503469, 42.21867569335808], [-89.0947851306947, 42.21869240912744], [-89.09478256683838, 42.218710798296094], [-89.09478228375353, 42.21872753510418], [-89.09477743230585, 42.21874590289409], [-89.09477717753863, 42.218760965391134], [-89.09477467149618, 42.21877600774919], [-89.09476991298114, 42.21879102905664], [-89.09476740647888, 42.21880609841945], [-89.09476490044734, 42.21882113987697], [-89.09476345668728, 42.218906497325406], [-89.09475866939765, 42.21892321904762], [-89.09475610673393, 42.21894160822609], [-89.0947513203683, 42.21895827503762], [-89.09475106512096, 42.21897336543914], [-89.09474846277753, 42.218987584013284], [-89.09474820800125, 42.21900264650954], [-89.0947457007302, 42.219017688854834], [-89.09474316636361, 42.21903440462198], [-89.09474288280838, 42.2190511684339], [-89.09474082885815, 42.21906346997224], [-89.09468383060661, 42.21906362870204], [-89.09468384306244, 42.21906640087107], [-89.09459370466284, 42.21989115373578], [-89.09465185080528, 42.219890987775024], [-89.09464736937483, 42.21990057739739], [-89.09464261073977, 42.21991559869533], [-89.09463329242604, 42.219933951734056], [-89.09462618030165, 42.219950624708645], [-89.09462092619586, 42.21996443315947], [-89.09461387991617, 42.21997943307371], [-89.09460011484408, 42.21999437018683], [-89.09457949368696, 42.22001091598766], [-89.09456351316986, 42.220025859397246], [-89.09454298493169, 42.22003905961048], [-89.0945224930311, 42.22005225925934], [-89.09450418852282, 42.22006718093648], [-89.09449192594126, 42.22007406351002], [-89.09448182344077, 42.220103826026595], [-89.09447932711726, 42.22014441564003], [-89.0944770600531, 42.2201736743038], [-89.09448806957877, 42.22021035678523], [-89.09450079634756, 42.22022400470131], [-89.09450377802762, 42.220224526843516], [-89.09452396652706, 42.220231411161286], [-89.09454634169984, 42.22023998959032], [-89.0945665018826, 42.220248548211046], [-89.09458663377546, 42.220258779338316], [-89.09460675642767, 42.22026733760114], [-89.09462688907205, 42.22027759663795], [-89.09463564072065, 42.220292743311674], [-89.09464439235815, 42.22030789088494], [-89.0946487664373, 42.22032211884035], [-89.09464626029506, 42.220337161190535], [-89.09464546706019, 42.22038405088252], [-89.09464971486646, 42.220399156359285], [-89.09464940342068, 42.22041756657188], [-89.09465365245623, 42.2204326711596], [-89.09465339762932, 42.22044773455172], [-89.09465536581283, 42.22046449239615], [-89.09465485571741, 42.22049464528509], [-89.09465003239626, 42.220511339651914], [-89.09464921130692, 42.220559875747675], [-89.09465124534366, 42.22057496053264], [-89.09465318522066, 42.22059339178692], [-89.0946529303922, 42.22060845517865], [-89.09466142939749, 42.220649422155525], [-89.09466342710833, 42.22066450660052], [-89.09466767495154, 42.22067961117598], [-89.09467864164488, 42.22069477944871], [-89.09468746723512, 42.220709926808645], [-89.09469844317255, 42.22072676884051], [-89.09470944621255, 42.220741937449894], [-89.09471594661274, 42.22075706307604], [-89.09471794267156, 42.220772174513684], [-89.09471768785689, 42.22078723790525], [-89.09471518172553, 42.22080227935553], [-89.09471489860215, 42.22081901615711], [-89.09471013990958, 42.2208340374549], [-89.09470988510773, 42.2208490999461], [-89.09470287628871, 42.22086410021354], [-89.09469586627048, 42.22087909956898], [-89.0946911071118, 42.220894147870695], [-89.0946886014262, 42.22090916231502], [-89.09468806301481, 42.22094098951215], [-89.09468551931192, 42.22095603151054], [-89.0946850096789, 42.22098615739216], [-89.09468477017381, 42.22100031521523], [-89.09468451536445, 42.22101537770586], [-89.09468880999563, 42.221032157291916], [-89.09468855517171, 42.22104722068266], [-89.09468604781084, 42.22106226212012], [-89.09468343898956, 42.221079005093685], [-89.0946809691686, 42.221094046881795], [-89.09468071434229, 42.22110911027234], [-89.0946849997598, 42.22112421519728], [-89.0946892488326, 42.22113932068266], [-89.09469121704328, 42.22115607852483], [-89.09469317724734, 42.22117116171721], [-89.09469746265651, 42.22118626754179], [-89.09469689686462, 42.22121971323728], [-89.0946943897802, 42.2212348095959], [-89.0946941349558, 42.221249872986135], [-89.09469613149459, 42.221264956517835], [-89.09469810063925, 42.22128165944941], [-89.09470238512763, 42.22129682018378], [-89.09470431701423, 42.22131357768582], [-89.09470380692696, 42.221343730570766], [-89.09470133708398, 42.221358773258736], [-89.09469910355071, 42.22137302138173], [-89.09470110007872, 42.22138810581326], [-89.0947008447977, 42.221403196208094], [-89.09469833909182, 42.2214182106511], [-89.09469808426671, 42.221433274040876], [-89.09470236970876, 42.22144837896462], [-89.09471112105939, 42.22146355353678], [-89.09471762151524, 42.22147868006195], [-89.094721869422, 42.221493784634056], [-89.09472836942656, 42.22150893816363], [-89.094737159248, 42.221524059074675], [-89.09474591108916, 42.22153920573901], [-89.09475238325324, 42.22155600567211], [-89.09475885420959, 42.22157280559355], [-89.09476085198345, 42.22158788913489], [-89.09476738833835, 42.22160304300176], [-89.09477388882134, 42.221618169523694], [-89.09477357739833, 42.2216365797331], [-89.09477557395113, 42.221651664162955], [-89.094777541741, 42.22166844900761], [-89.09477728740453, 42.22168348449194], [-89.09478150822723, 42.221700263382985], [-89.09478350479883, 42.2217153469124], [-89.09478775347507, 42.2217304793983], [-89.09479879424892, 42.221745648349604], [-89.09481173743741, 42.22177924819775], [-89.09482477649233, 42.22180947278151], [-89.09483127655244, 42.22182462630507], [-89.09484427639953, 42.22185487842957], [-89.09485077646877, 42.221870031952015], [-89.09485956591114, 42.22188517985865], [-89.09487282057157, 42.22190036859058], [-89.0948815741481, 42.221915489151016], [-89.09489036193615, 42.221930664049005], [-89.09489911386834, 42.221945810701655], [-89.09490786578942, 42.221960958253824], [-89.09491436635626, 42.22197608386752], [-89.0949231553714, 42.22199125877431], [-89.09492305623148, 42.222005857257955], [-89.09492730422012, 42.22202096182204], [-89.09493834507683, 42.22203613076009], [-89.09495160099823, 42.22205131949442], [-89.09496264186593, 42.22206648843016], [-89.09496914245625, 42.22208161404074], [-89.09497786563821, 42.22209846290264], [-89.09499090362424, 42.22212868745619], [-89.09499515237587, 42.22214381993421], [-89.09500390434643, 42.222158967479096], [-89.09500815234871, 42.22217407294028], [-89.09501690434166, 42.22218921958402], [-89.09502565753459, 42.222204367138566], [-89.09504120122594, 42.22221957723775], [-89.09506130502969, 42.22223151050144], [-89.09508140129554, 42.22224174120699], [-89.09510159048283, 42.22224862632888], [-89.09512177968979, 42.22225551054712], [-89.09514181815095, 42.2222690889509], [-89.09515736309716, 42.22228429904599], [-89.09517287049228, 42.22229950968843], [-89.09518609700113, 42.22231637269501], [-89.09520389335587, 42.22233160381636], [-89.09521493433195, 42.22234677272834], [-89.09522368592582, 42.22236194726184], [-89.09523267539119, 42.22237616338713], [-89.09524142744986, 42.222391310914304], [-89.095247936915, 42.22240813817518], [-89.09525668945345, 42.222423257796024], [-89.09526769245782, 42.22243845335728], [-89.09527873346738, 42.22245362226323], [-89.0952874855627, 42.222468768886756], [-89.09529849024987, 42.22248393745146], [-89.09530720481057, 42.22249908372281], [-89.09531828338334, 42.222514252975685], [-89.0953315382681, 42.22252944255588], [-89.0953425788519, 42.22254463846081], [-89.09535583497502, 42.222559827149404], [-89.09537134248443, 42.22257503776559], [-89.09538235572202, 42.222591852166545], [-89.09539110738889, 42.22260702668747], [-89.09540211091333, 42.22262219523109], [-89.09541090060426, 42.22263734219602], [-89.09542190413858, 42.222652510737795], [-89.09543519737468, 42.22266772767321], [-89.09544620093521, 42.22268289531252], [-89.0954549535579, 42.222698014918485], [-89.09546145385626, 42.22271316840677], [-89.09546345060168, 42.222728252824105], [-89.09546996061535, 42.22274505306747], [-89.09547639554528, 42.22276185260918], [-89.09548293265922, 42.222776978530376], [-89.09548940513925, 42.222793778421966], [-89.09549362576244, 42.22281058429161], [-89.09550016287012, 42.222825711111945], [-89.09550280210411, 42.22283997774612], [-89.09550479886276, 42.22285506216255], [-89.09551129966016, 42.22287018774276], [-89.09552455466435, 42.222885377301075], [-89.09554009985166, 42.22290058734545], [-89.09555560703102, 42.22291582494228], [-89.09557562674681, 42.22293275134285], [-89.09558663037075, 42.22294791986909], [-89.09560217604464, 42.2229631029002], [-89.09561543063333, 42.22297831945327], [-89.09563550818224, 42.22299189813481], [-89.09565555622838, 42.223007151111766], [-89.09567565255277, 42.22301732679424], [-89.09569575580026, 42.22302931485946], [-89.0957360419322, 42.223046430469445], [-89.09575617489782, 42.223056661398736], [-89.09577627031103, 42.223066892874186], [-89.09579619183563, 42.22307874147782], [-89.09581569716198, 42.22309113538051], [-89.09583518377842, 42.22310470850976], [-89.09585629279114, 42.22311832469223], [-89.09587448069655, 42.22313227012159], [-89.09589390753942, 42.22314715983456], [-89.09591353716993, 42.22315220025833], [-89.09593312507887, 42.22315970983638], [-89.095952614994, 42.22317086834815], [-89.09597212085103, 42.22318323431955], [-89.09601105620084, 42.22321040807728], [-89.09602394971847, 42.2232252097711], [-89.09604343566608, 42.223238755849316], [-89.09606292516877, 42.22324994134769], [-89.09608193183178, 42.223256870177366], [-89.09610102317728, 42.22325885889965], [-89.09612010013655, 42.22326169917659], [-89.09613922206911, 42.223261877657016], [-89.09615835809025, 42.22326115055508], [-89.09617741976898, 42.22326489549023], [-89.09619634701406, 42.223276597897275], [-89.09620702966696, 42.22329113225133], [-89.09622222538756, 42.22330510371742], [-89.09623678847103, 42.223319454609324], [-89.09625571731327, 42.22333321512733], [-89.09627554983861, 42.22334374566514], [-89.0962944680521, 42.223358136293676], [-89.09630552336372, 42.22337248235048], [-89.09631292510657, 42.22338017974168], [-89.09620240844075, 42.22338040695517], [-89.08706078443915, 42.22340986984481], [-89.08711295073567, 42.22319410675997], [-89.07707556257378, 42.22317127704985], [-89.07717005303707, 42.223316342828085], [-89.06737570872268, 42.223258929496424], [-89.06733035288035, 42.22307828372655], [-89.06730340993501, 42.219041276295926], [-89.0672854035796, 42.211667708590504], [-89.07158505962096, 42.2116813437825], [-89.07280395327972, 42.21169960276682], [-89.07280414241009, 42.21191525308919]]]]}, "properties": {"name": "Global Trade Park #3", "status": "Existing", "ending_date": "2032-12-30", "final_levy_year": "2031"}}, {"type": "Feature", "geometry": {"type": "MultiPolygon", "coordinates": [[[[-89.08888053175494, 42.275219198660515], [-89.0895929132807, 42.27555847642135], [-89.08967791861821, 42.27560019616041], [-89.08969643782399, 42.27559127704846], [-89.08981158779093, 42.27566056159863], [-89.09004776634032, 42.27545362223831], [-89.09041777783195, 42.27565715938825], [-89.09048000021292, 42.27559863320062], [-89.09054448484434, 42.27549321083755], [-89.09058561373932, 42.275508685827724], [-89.09067844226755, 42.275450446726495], [-89.09076561357458, 42.27536487446012], [-89.09118506287093, 42.27554159115163], [-89.09161137694778, 42.274954490684266], [-89.09170466730296, 42.274868975057394], [-89.0900722386387, 42.2742030262984], [-89.09010063889069, 42.274169156213084], [-89.09016329353565, 42.27412860964604], [-89.09019717069928, 42.274128927659135], [-89.09022407493836, 42.2741199872361], [-89.09022380134152, 42.274094821257734], [-89.09022896836525, 42.27406473938941], [-89.09025674742838, 42.274041290718486], [-89.09026892802842, 42.27401594004059], [-89.09029822694035, 42.273983532326085], [-89.09034877359869, 42.27397267376834], [-89.09035557346289, 42.27394002695653], [-89.09035108211957, 42.27391523282852], [-89.090353852881, 42.27388263192828], [-89.09036890723569, 42.273849184795736], [-89.0903919390901, 42.27381803537624], [-89.09041040403773, 42.27378818814017], [-89.09043523316677, 42.27375571143004], [-89.09045640839328, 42.27372723377145], [-89.09048122626311, 42.273695415965584], [-89.09052056961845, 42.27364156095316], [-89.09054462287618, 42.27361121695278], [-89.09055966177915, 42.273585152116446], [-89.09057545218202, 42.27355396171393], [-89.09055056621754, 42.273537702829245], [-89.0905694280371, 42.27350190469924], [-89.09057614746554, 42.27348915286854], [-89.0906002006374, 42.27345880885473], [-89.09062429183422, 42.273428437283144], [-89.0906606501327, 42.273367611988576], [-89.0906774605206, 42.273339450750875], [-89.09067882887902, 42.27333718582841], [-89.09070875552523, 42.273306896900706], [-89.09072693590191, 42.27327644373877], [-89.09075102482112, 42.27324612703633], [-89.09077507827432, 42.27321575597784], [-89.09079325646147, 42.27318535680233], [-89.09081730987087, 42.27315498573417], [-89.0908413996183, 42.27312461500165], [-89.09085954138538, 42.27309421547337], [-89.09087775752872, 42.27306378963073], [-89.09090181039117, 42.273033445547945], [-89.09092586368963, 42.27300307445494], [-89.09094404221615, 42.27297264734802], [-89.09096225780831, 42.272942249395335], [-89.09098627348449, 42.27291187703585], [-89.09100445269253, 42.2728814778345], [-89.09103441699683, 42.27285116216291], [-89.0910584684898, 42.27282081803301], [-89.09108255920393, 42.27279044725668], [-89.09111248585403, 42.27276013121089], [-89.09114244837724, 42.27272984250256], [-89.09116646508163, 42.272699471013865], [-89.09117717925052, 42.272688676953095], [-89.09119646512305, 42.27266918264285], [-89.09121464340568, 42.27263875638885], [-89.09123869594214, 42.2726084122295], [-89.09126866000337, 42.27257809649252], [-89.09129271175283, 42.2725477244047], [-89.09130693914527, 42.27253021371874], [-89.091319318263, 42.27251496256088], [-89.09134348450132, 42.272497462241205], [-89.09134738240076, 42.27248772962385], [-89.09136910249008, 42.27241845164716], [-89.0913833022921, 42.27235478405083], [-89.09139563014341, 42.272279436397646], [-89.09144768608282, 42.27224715983059], [-89.09146586369903, 42.27222331923129], [-89.09147958176412, 42.272190052077015], [-89.09148009139824, 42.272188382294985], [-89.09149042005639, 42.272156757020596], [-89.09150772997764, 42.27212305718279], [-89.09153221988107, 42.272082152024], [-89.09157587488541, 42.27204631156875], [-89.09160021743307, 42.27203147503678], [-89.09163318384167, 42.27201142197173], [-89.09169666870582, 42.27198054256112], [-89.09174323142341, 42.27196048006863], [-89.09173261807764, 42.271943669191316], [-89.09173891556733, 42.271912280698], [-89.09175284083162, 42.27188856494676], [-89.09175369839724, 42.27188810572875], [-89.09178269482116, 42.27187339470762], [-89.09181752158624, 42.27186562653154], [-89.09181754898577, 42.271826989458255], [-89.09181625155364, 42.271792483153774], [-89.09181511902355, 42.271763467531734], [-89.09183920775239, 42.27173309657084], [-89.09185044943536, 42.271721703286886], [-89.09186913307431, 42.27170280731698], [-89.09190861940327, 42.27168605366227], [-89.09194947686186, 42.271669148988934], [-89.09199348741451, 42.27165145007401], [-89.09203365883572, 42.27163132756653], [-89.09206378110295, 42.27160249499357], [-89.09207114239938, 42.271595456995364], [-89.09209519459559, 42.27156508473682], [-89.09210738950956, 42.27153018448834], [-89.09211046878987, 42.271501125506006], [-89.09211109240829, 42.27146441525976], [-89.09210199198317, 42.271434611037705], [-89.0921034423428, 42.271412314260125], [-89.09210460143366, 42.27139410482223], [-89.09213583705296, 42.27137151094631], [-89.09218174040198, 42.27135333632822], [-89.09220079228248, 42.271330161919614], [-89.09220559742101, 42.27130397305952], [-89.09220611705352, 42.27127338118566], [-89.09218897726113, 42.27124265085968], [-89.09218608067447, 42.27122613199879], [-89.09218362350971, 42.271212003954034], [-89.09217128290483, 42.27117934333064], [-89.09218592589257, 42.271150392693336], [-89.0922219358231, 42.271127322251765], [-89.09223224660039, 42.27112069630584], [-89.09225042346907, 42.27109029687356], [-89.09228038631663, 42.2710599808506], [-89.09229856314428, 42.27102958140991], [-89.09231083068144, 42.2709990995957], [-89.09229021231661, 42.270957853584314], [-89.0923040760918, 42.27093559207248], [-89.0923356607274, 42.270925048343194], [-89.09235913675293, 42.27091116324952], [-89.09237738803166, 42.27090035775334], [-89.09240925902783, 42.27087730429669], [-89.09241048855905, 42.27087671171227], [-89.09244746873529, 42.27085952295368], [-89.09249603742238, 42.270836625884826], [-89.09252026786382, 42.27080008183465], [-89.09254431953597, 42.27076970947188], [-89.09256851684742, 42.27073511335309], [-89.09259247919148, 42.270709927680244], [-89.09261894792104, 42.27068298107919], [-89.09264505984252, 42.270657486017306], [-89.09265386973034, 42.270630374020215], [-89.0926750058955, 42.27060414632066], [-89.09281840066512, 42.27045390360956], [-89.09282878674139, 42.27044283172475], [-89.0928451180008, 42.270425367549564], [-89.09287141546822, 42.27039542848308], [-89.09289376619678, 42.27036512294492], [-89.09291286218111, 42.27033717452686], [-89.09293783063592, 42.27030497314702], [-89.09295897368023, 42.27027397025815], [-89.09298131640884, 42.27024413098343], [-89.09300232540605, 42.2702166668169], [-89.0930049664512, 42.27021339914084], [-89.09302232903309, 42.2701918005071], [-89.09302859487268, 42.27018401124096], [-89.09304707923275, 42.27015509645148], [-89.09306076215832, 42.27013689351127], [-89.09306889178524, 42.27012599314357], [-89.09309124902353, 42.27009522126988], [-89.09313197904471, 42.27004217506811], [-89.09316293547876, 42.26999897038777], [-89.09317825753567, 42.269977818984096], [-89.09317874818976, 42.26997719246564], [-89.09321625960251, 42.269928725647546], [-89.09323994248014, 42.2698960449087], [-89.09326687330275, 42.26986147422277], [-89.09329645917536, 42.269821163749974], [-89.09383531442884, 42.27004029876087], [-89.09393896358665, 42.270082436468606], [-89.09420592439123, 42.270190965520925], [-89.09430036914094, 42.270229360696966], [-89.0944198150474, 42.27027792439052], [-89.09469642041802, 42.27039038856653], [-89.09492844049757, 42.27048472737039], [-89.09481805808407, 42.270642797908266], [-89.09462035117869, 42.27090622458063], [-89.0944569929102, 42.27111972263044], [-89.0946755040351, 42.27120669720791], [-89.09420811122872, 42.27185444781235], [-89.09407781512883, 42.272010444325545], [-89.09405255133424, 42.27204304201527], [-89.09404950584565, 42.272047354782515], [-89.09395720892692, 42.272171297522384], [-89.09343542793212, 42.27287542159841], [-89.09367041796656, 42.27297347024925], [-89.09393910564937, 42.273085577642775], [-89.09416101467983, 42.272788919819774], [-89.09423656901406, 42.27269084806601], [-89.09387212471275, 42.27254730918464], [-89.09399392342169, 42.272384029228206], [-89.09410886198022, 42.272229945473526], [-89.09419328064386, 42.272263284496226], [-89.09431029478888, 42.27230949647301], [-89.09446808564844, 42.272371811552546], [-89.09458685511183, 42.272211705006534], [-89.09482650475816, 42.27188857897538], [-89.09506181262869, 42.271571439366745], [-89.09506830331296, 42.27157255337199], [-89.09554469174698, 42.27092945856312], [-89.09564921805975, 42.27077975946074], [-89.09605190083721, 42.270944584433494], [-89.09642927572754, 42.271099048814364], [-89.09584601557258, 42.27189036626004], [-89.09620477051453, 42.27203626668648], [-89.09596216937224, 42.27235481702302], [-89.09614226363419, 42.27242864222405], [-89.09605634560766, 42.27254290043934], [-89.09552170815618, 42.2723198125594], [-89.09541632385103, 42.27246631731965], [-89.09592462021912, 42.27267402027485], [-89.0957590998478, 42.27289384255042], [-89.09524594522775, 42.27268497350128], [-89.0950948962777, 42.27289973077903], [-89.0950138615142, 42.27301224223027], [-89.09494322854859, 42.27310501449774], [-89.09472246159886, 42.273022275081814], [-89.09445322135517, 42.27339994529378], [-89.09466164958343, 42.2734849160662], [-89.09489797564208, 42.27316597320448], [-89.0954066351746, 42.2733721450196], [-89.09505377872503, 42.2738514294248], [-89.09454554336205, 42.273643104700206], [-89.09402554738703, 42.27433983938755], [-89.09324119595072, 42.27402435949839], [-89.09341241715849, 42.27379603781691], [-89.09268566881074, 42.27351485090085], [-89.0929276694304, 42.27318785625445], [-89.09220331829673, 42.272898176368564], [-89.09187438197557, 42.27334279743901], [-89.09122708338067, 42.27307637708165], [-89.09094740057287, 42.273448548279674], [-89.09394917632046, 42.27464138934877], [-89.09434777701969, 42.274803764746615], [-89.09437717052002, 42.27481573000616], [-89.09437959864073, 42.274812444104796], [-89.0949174239173, 42.27502617960692], [-89.09633882890199, 42.273122064161306], [-89.09761569266144, 42.27364432660199], [-89.09832499276065, 42.27268320292851], [-89.0985524438576, 42.27237290809212], [-89.09790276622769, 42.272108879983286], [-89.0979141876426, 42.27209331758231], [-89.09785895873115, 42.272070877810314], [-89.09820113965975, 42.2716122424509], [-89.10040057647343, 42.27250545452626], [-89.09982995751453, 42.273285414616566], [-89.09969695151011, 42.273464649772336], [-89.09948387296915, 42.2733698765957], [-89.09908655023247, 42.27320830876511], [-89.09879365990845, 42.27360630580637], [-89.09893469809072, 42.27366307853613], [-89.09902401687165, 42.27354412865967], [-89.09905206161264, 42.273506959731144], [-89.09930667979081, 42.273609792717636], [-89.09952584679048, 42.27369522463396], [-89.0975714139882, 42.27632881208615], [-89.09620953341289, 42.275762293684764], [-89.09616834906456, 42.27585156478974], [-89.09613487165235, 42.27594259588958], [-89.09610923590603, 42.276035020926074], [-89.0960915427256, 42.27612846722166], [-89.09608186640772, 42.276222558247625], [-89.09608024370544, 42.276316915322546], [-89.09608668228196, 42.27641115949181], [-89.0961397808497, 42.27657775977645], [-89.09624738057977, 42.27682792421807], [-89.0963993568506, 42.27716977250401], [-89.09591503706744, 42.277165251282575], [-89.09591669650654, 42.278259436202845], [-89.09523876843083, 42.27825439159051], [-89.0949097103518, 42.278130120908344], [-89.09455673559947, 42.27871137745019], [-89.09450762462704, 42.279234961478], [-89.09451490406916, 42.2805266325354], [-89.09437351089532, 42.28052531047517], [-89.0943834285818, 42.28069644941558], [-89.09421569170946, 42.280694880822935], [-89.09420624654985, 42.280533293969974], [-89.09392346142265, 42.280530648925165], [-89.093929189425, 42.28095075817956], [-89.0945592414315, 42.28094470524458], [-89.09454916690666, 42.281538905346075], [-89.09441260041038, 42.281541089208766], [-89.09441458863468, 42.28179026488839], [-89.0937124125497, 42.28179292598817], [-89.09196178636049, 42.28175975281784], [-89.09185781846223, 42.28175016432242], [-89.09175522114703, 42.281734410723125], [-89.09165465832423, 42.28171259367932], [-89.09155677749908, 42.2816848525114], [-89.09146221213493, 42.281651367823855], [-89.0913715696376, 42.281612355090395], [-89.09128543740053, 42.28156806561056], [-89.09120436948527, 42.28151878548425], [-89.09112889030372, 42.28146483294498], [-89.0910594849662, 42.28140655556814], [-89.08744733565031, 42.27898942730271], [-89.08773395451225, 42.27875230693876], [-89.08658756523836, 42.277999405845755], [-89.08659091750167, 42.277995704775], [-89.08663854090042, 42.27793987194661], [-89.08663884228777, 42.27793954527525], [-89.08666428304322, 42.277910367570115], [-89.08668682304383, 42.27788223299733], [-89.08670925178245, 42.27785415229041], [-89.08673323370392, 42.27782605919692], [-89.08675717756674, 42.27779799274884], [-89.08678559221028, 42.277769941387845], [-89.08682274396183, 42.27774090183707], [-89.08685548148411, 42.27771286325595], [-89.0868838960609, 42.27768481096907], [-89.08690929854704, 42.27765566075682], [-89.08692307776492, 42.277640752784066], [-89.08693621785919, 42.27762649691134], [-89.08696163960083, 42.277598417325436], [-89.08699929827252, 42.27757212660437], [-89.0870203599576, 42.277544005054395], [-89.08703990766209, 42.277515870146956], [-89.0870588904726, 42.277490501042074], [-89.08706093293084, 42.27748774914662], [-89.08708491288218, 42.27745968296769], [-89.08711181375892, 42.2774315893632], [-89.08712990987614, 42.27740404397553], [-89.08715093508236, 42.277375922057104], [-89.0871734373567, 42.277347842848776], [-89.08719298373441, 42.277319707001254], [-89.08719355434359, 42.27731880667047], [-89.08721255003579, 42.277290473871666], [-89.08723209757474, 42.27726233892837], [-89.08725315903578, 42.2772342182319], [-89.08727272482139, 42.27720501209569], [-89.08729079351973, 42.27717686322197], [-89.0873088997775, 42.27714871469877], [-89.08732844724415, 42.27712057883721], [-89.08734655346866, 42.27709243030743], [-89.0873704972536, 42.27706433581662], [-89.08738630024534, 42.27704988618022], [-89.0874005642109, 42.2770368211237], [-89.08743038306717, 42.27700878281386], [-89.08745140752968, 42.27698068874025], [-89.08747243123742, 42.27695256674619], [-89.087493456123, 42.276924445659475], [-89.08751302216045, 42.276895212473654], [-89.08753256944095, 42.27686707747429], [-89.08755067503958, 42.27683895591386], [-89.08757171858979, 42.276809736621246], [-89.08759126460507, 42.27678160159947], [-89.08760496259393, 42.276754096674296], [-89.08762306858794, 42.27672594809648], [-89.08764117456565, 42.27669779951547], [-89.08766072174211, 42.276669663591804], [-89.08767879132324, 42.276641514662046], [-89.08769551113078, 42.2766165905097], [-89.0876983935487, 42.276612281783336], [-89.08771502068636, 42.27658411927564], [-89.08773161219713, 42.27655598343915], [-89.08774532177591, 42.27652779257606], [-89.08775751619245, 42.27649958835612], [-89.08775935315694, 42.27649587389366], [-89.08777122574703, 42.27647139748936], [-89.0877863388931, 42.27644322072638], [-89.087819594211, 42.276386894790434], [-89.08784065586487, 42.27635880099163], [-89.08786020161791, 42.27633066591887], [-89.0878813651066, 42.27630306733519], [-89.08790970464885, 42.276275014079346], [-89.08794100046924, 42.27624698952583], [-89.08797524969445, 42.27621901975397], [-89.08800506838182, 42.276190953378574], [-89.08803636244542, 42.27616295579098], [-89.08806326066792, 42.276134888939154], [-89.08809307758828, 42.276106850433024], [-89.08811705822231, 42.27607875702709], [-89.08814100127516, 42.27605066236221], [-89.0881524261287, 42.276032878140605], [-89.0881590692494, 42.276022513337935], [-89.08817425606566, 42.275994336313666], [-89.08819106126074, 42.27596658684515], [-89.08821064430931, 42.27593845206097], [-89.0882150313443, 42.275932565739744], [-89.08823166853828, 42.27591032992626], [-89.08825121518812, 42.2758821947925], [-89.08827371692429, 42.27585408654439], [-89.08829623687387, 42.275824908905854], [-89.0883201797341, 42.27579681510049], [-89.0883412038664, 42.27576869294392], [-89.08836514668506, 42.27574059912843], [-89.08839056702334, 42.27571251920073], [-89.08842186115305, 42.27568449359611], [-89.08845167769987, 42.27565645499031], [-89.0884746125939, 42.27562895487578], [-89.08848002160326, 42.27562384700948], [-89.08850443031835, 42.27560091536665], [-89.08852985053798, 42.27557283540606], [-89.08855382956037, 42.27554474189029], [-89.08857629420177, 42.27551666114123], [-89.08860027319727, 42.275488566714834], [-89.0886256933286, 42.27546048673144], [-89.08865111345256, 42.27543240584186], [-89.08867801107242, 42.27540433973582], [-89.08871663930088, 42.275375313434616], [-89.08874941065068, 42.27534730162431], [-89.08875663376418, 42.27533974127202], [-89.08877630819043, 42.275319235493875], [-89.08880464687505, 42.27529118290268], [-89.0888286268946, 42.2752630884367], [-89.08886663881954, 42.27523109250142], [-89.08888053175494, 42.275219198660515]], [[-89.09302450872994, 42.271788021179496], [-89.09338239479641, 42.27130428932737], [-89.0939228107137, 42.271525720768665], [-89.09422245987138, 42.27112160340671], [-89.09379239047905, 42.27094667190804], [-89.09295680021214, 42.27060177130444], [-89.09289008542676, 42.2707095744513], [-89.09289690733047, 42.27070573642133], [-89.09273050007083, 42.270921941275304], [-89.09269013355713, 42.27092746291527], [-89.09264494459745, 42.27093835829022], [-89.09260233870144, 42.27095397201208], [-89.0925722713717, 42.27096867951573], [-89.09254456756807, 42.27098575713563], [-89.0925081052659, 42.27101520567908], [-89.0924785355843, 42.271048645889636], [-89.09245663593701, 42.27108519825792], [-89.09244298274452, 42.27112389856325], [-89.0924379363383, 42.271163730142476], [-89.09243968623369, 42.271192313098226], [-89.0924458822441, 42.271220553273686], [-89.09245459216649, 42.271244094016176], [-89.09246641460878, 42.27126687434931], [-89.09242365639464, 42.271323990470606], [-89.09229844503767, 42.27149116932834], [-89.0924800916, 42.27156462949351], [-89.09253741126062, 42.27158780537611], [-89.09259575735423, 42.271611430190774], [-89.09302450872994, 42.271788021179496]]], [[[-89.08888100047686, 42.27521879703022], [-89.08888053175494, 42.275219198660515], [-89.08885401064057, 42.27520753898485], [-89.08888381291554, 42.27521638094741], [-89.08888100047686, 42.27521879703022]]]]}, "properties": {"name": "River District North", "status": "Existing", "ending_date": "2032-12-30", "final_levy_year": "2031"}}, {"type": "Feature", "geometry": {"type": "MultiPolygon", "coordinates": [[[[-89.06907587690509, 42.25116762587422], [-89.06966919065351, 42.251162442349795], [-89.07040211392751, 42.25115614244729], [-89.0711326377039, 42.25114984104645], [-89.07216682102745, 42.25114091815226], [-89.07276653251544, 42.2511357463446], [-89.07365542410555, 42.251128058365325], [-89.07437985132891, 42.25112178890583], [-89.07532493204346, 42.25111360759031], [-89.07605116858137, 42.251107316878084], [-89.07699938938102, 42.251099097602214], [-89.07761914181357, 42.25109480386831], [-89.07896145300198, 42.2510854519669], [-89.08093534843982, 42.251071006970555], [-89.08239849489439, 42.25106059169978], [-89.08312958922585, 42.251055317618786], [-89.08386072063062, 42.25105006623482], [-89.08459000381528, 42.25104482065913], [-89.08532257457448, 42.25103957353323], [-89.08537092934301, 42.25103923358672], [-89.08678827065118, 42.251029016441926], [-89.08748473492626, 42.25102278439803], [-89.08891944336125, 42.25100993229317], [-89.08943943333588, 42.25100526280812], [-89.08960802846038, 42.251003747450596], [-89.09537083672807, 42.25095183039789], [-89.09536642523702, 42.25051736611054], [-89.09561018920816, 42.25051544480148], [-89.09649389077232, 42.25050746644065], [-89.0968018039037, 42.25050519046356], [-89.09730030311552, 42.25050007055996], [-89.09730157039665, 42.250350664206955], [-89.09780010362985, 42.25034568019148], [-89.09780173986026, 42.25015253505848], [-89.09804557573831, 42.25014454478575], [-89.09915347067336, 42.25013524236157], [-89.09914252217008, 42.25092056990574], [-89.10220616682543, 42.250895147973026], [-89.10130986137179, 42.251943626301454], [-89.10080939631283, 42.252392286676844], [-89.10046175872631, 42.25264786037411], [-89.09562275857587, 42.25644791047653], [-89.09332012769174, 42.25476807245433], [-89.09327597650845, 42.25485295131555], [-89.09185977632896, 42.25420584735167], [-89.09017982456807, 42.25381165048978], [-89.09019112491958, 42.25383090782773], [-89.08997424264146, 42.25377194112835], [-89.0897477070025, 42.25371796288559], [-89.08974345482457, 42.25371702175158], [-89.08951870239717, 42.2536710094859], [-89.0892869704539, 42.25363101996759], [-89.08905322378007, 42.25359813065385], [-89.0889214749522, 42.25358282265654], [-89.08861648963139, 42.253556247517004], [-89.08841977346675, 42.25354582457125], [-89.0881829870237, 42.2535399608394], [-89.08794607667834, 42.253541369909165], [-89.08770944710746, 42.253550051985656], [-89.08763775302324, 42.25355412205515], [-89.08747442048266, 42.25356592948196], [-89.08724007616253, 42.25358904686031], [-89.08700721623941, 42.2536193378509], [-89.08687807936413, 42.25363933950811], [-89.0859207661394, 42.25388810601183], [-89.08581368300656, 42.25391982738046], [-89.08561309317196, 42.25398524701903], [-89.08541665562186, 42.25405728667452], [-89.08532852493477, 42.25409231212829], [-89.08501528437726, 42.25426133329866], [-89.08442748057202, 42.25453620991463], [-89.08394381027307, 42.25481264376524], [-89.08369831826343, 42.254944321591566], [-89.08222760649323, 42.25548589142165], [-89.08158746437839, 42.25565787503888], [-89.08101833601233, 42.255669508082924], [-89.08101971425478, 42.25558916004493], [-89.08013479947388, 42.25558077951748], [-89.08013716610917, 42.25566027982505], [-89.079893292522, 42.25566049349097], [-89.07964945529517, 42.255660706982766], [-89.07903980713573, 42.25566123792095], [-89.07904133760789, 42.25549051259818], [-89.07904279293686, 42.25531978655782], [-89.07904439132273, 42.25513868947309], [-89.07880062816704, 42.25513901170325], [-89.07841076906819, 42.25513953889403], [-89.07818798778052, 42.25513983924923], [-89.07794666304807, 42.25514015579828], [-89.07776551150187, 42.255140384174126], [-89.07759917406707, 42.255140616099226], [-89.07747202796772, 42.255140780661506], [-89.077092772425, 42.25514126633092], [-89.07684893399697, 42.255141666524224], [-89.07657901547417, 42.25514214691366], [-89.07639283865349, 42.25514249010931], [-89.07616942739757, 42.2551429182995], [-89.07609569619048, 42.25514304005295], [-89.0754162267519, 42.255144314726614], [-89.0751724237801, 42.25514476661013], [-89.07490963465358, 42.25514525600509], [-89.07466671913811, 42.25514568735225], [-89.0744992348271, 42.25514601369633], [-89.07442557633729, 42.25514613506823], [-89.07415008025542, 42.25514663944588], [-89.07375234988456, 42.255147377411745], [-89.07350854817503, 42.25514782576902], [-89.07283432457636, 42.255149053216925], [-89.07276044509193, 42.255149199320584], [-89.07208625792292, 42.25515042181647], [-89.07184243002752, 42.25515084207262], [-89.07184231758377, 42.255201549679015], [-89.07184205047788, 42.25533875334118], [-89.0718417071683, 42.255508034975804], [-89.07184139636837, 42.25564776356413], [-89.07171959171286, 42.25563200406022], [-89.07158265917343, 42.25560740664614], [-89.07144833763309, 42.255575849451844], [-89.07144412615517, 42.25557473607056], [-89.07131646462734, 42.255537268813875], [-89.0711892414956, 42.25549226646402], [-89.07106650210767, 42.25544084983362], [-89.07101907654679, 42.255418678735694], [-89.07073766515003, 42.25529782775172], [-89.07048634597506, 42.25519049006954], [-89.07013866737834, 42.25505050835612], [-89.06993823439089, 42.254969780105554], [-89.06975375829467, 42.25489551615627], [-89.06956928263578, 42.25482125191431], [-89.06938480668639, 42.254746959463304], [-89.06888453579943, 42.25454552753304], [-89.06821758722057, 42.254268432720444], [-89.06816778456447, 42.254247731277395], [-89.0678119415313, 42.25409989918694], [-89.06761735284039, 42.25401905812116], [-89.06728916400328, 42.25388271260711], [-89.06699963801461, 42.2537302946507], [-89.06699897529145, 42.25372993627739], [-89.06670754605744, 42.25356787148859], [-89.06670492535322, 42.253566375256845], [-89.0665598782387, 42.253482320813625], [-89.0663630761296, 42.25336929664923], [-89.06601651035292, 42.25316314171097], [-89.06567610567654, 42.25295139996899], [-89.0653420239911, 42.25273417116541], [-89.06506851568233, 42.252548995152566], [-89.06484430076753, 42.252392347340916], [-89.06465167578804, 42.25225435983617], [-89.06463394889172, 42.25224149161272], [-89.06446326827437, 42.25211605601976], [-89.06440952179936, 42.25207599632674], [-89.06435800318066, 42.25203730307552], [-89.06422494869679, 42.251936211959055], [-89.06416418639239, 42.25188945217145], [-89.06397040033046, 42.251737732629095], [-89.06390963531783, 42.25168934132975], [-89.0637766469744, 42.25158203282977], [-89.06365528317846, 42.25148082659875], [-89.06365652704885, 42.251222091312414], [-89.06365668298832, 42.25118956664357], [-89.06512084669664, 42.2511868451775], [-89.06585331371654, 42.25118556395754], [-89.06645904541395, 42.25118434883491], [-89.06646171089406, 42.25009475565497], [-89.06646548923182, 42.250008579704286], [-89.06907403710262, 42.249984428032604], [-89.06907747437467, 42.25008405435202], [-89.06907587690509, 42.25116762587422]]]]}, "properties": {"name": "Broadway", "status": "Existing", "ending_date": "2033-12-30", "final_levy_year": "2032"}}, {"type": "Feature", "geometry": {"type": "MultiPolygon", "coordinates": [[[[-89.08645906360525, 42.18139929466117], [-89.0866346493491, 42.17914135887305], [-89.08697065501856, 42.179533392400465], [-89.0874201482772, 42.179551491649946], [-89.08879958681175, 42.17907514302192], [-89.0896444884609, 42.17824767265937], [-89.08672771759228, 42.17655786076019], [-89.08648861136385, 42.17348460781588], [-89.08647826619183, 42.17335163815183], [-89.0872275568928, 42.16821698193395], [-89.08877980195629, 42.168504839122434], [-89.09122638051534, 42.16878500411685], [-89.09125085469968, 42.16788791280674], [-89.09267087172734, 42.16785442577619], [-89.09302283474493, 42.16817713940713], [-89.0934058194636, 42.16834323312969], [-89.09579667096197, 42.16835559036268], [-89.09626421070708, 42.168986911321056], [-89.09619769957001, 42.168823603395644], [-89.10088398051438, 42.16878843846859], [-89.10098210107103, 42.169207236758304], [-89.10100121230025, 42.172429924033786], [-89.10319446551323, 42.17276137329412], [-89.10386069356463, 42.17281554360712], [-89.1038609112889, 42.17281490099753], [-89.10387376501234, 42.172776437012345], [-89.10391497513751, 42.17268376387085], [-89.1039429850302, 42.172652273692066], [-89.10398933003759, 42.17261636984642], [-89.10402354057356, 42.17258038148559], [-89.10405775137372, 42.172539892433285], [-89.10408587716579, 42.172501542878535], [-89.10412625016028, 42.17245877816378], [-89.1041391788158, 42.17241806494851], [-89.10414248817318, 42.17240994503338], [-89.10416144719002, 42.17236377232994], [-89.10418356260708, 42.17231861560479], [-89.10423943325684, 42.17226241130743], [-89.10430433769689, 42.17221306822885], [-89.10436923975914, 42.172166030802266], [-89.10443682544033, 42.172139433772294], [-89.10446732892497, 42.17213971622424], [-89.10451960503616, 42.172117478968914], [-89.10457513365824, 42.172081687823], [-89.10462147684761, 42.17204808851112], [-89.10467692959911, 42.172016825206555], [-89.10472633307256, 42.171983254182855], [-89.10477581447104, 42.1719428513543], [-89.10484366547132, 42.17190036864707], [-89.10492353569295, 42.17186933033304], [-89.10497879683058, 42.171851676097965], [-89.10506146340488, 42.17183427455832], [-89.10515641224222, 42.17181476373126], [-89.10524822540131, 42.17179972449608], [-89.10537538864331, 42.17177746578129], [-89.10547007217458, 42.17177381402267], [-89.10558293765318, 42.171777135861966], [-89.10569878962, 42.17178273510357], [-89.10580243101711, 42.171790499108766], [-89.10588298675708, 42.17180002574117], [-89.10592731482248, 42.17180526494186], [-89.1060247581408, 42.17181977692928], [-89.10614949032988, 42.171843624416084], [-89.10623752117921, 42.171871688106435], [-89.10631957935466, 42.171892863116426], [-89.10637121154491, 42.17190695135132], [-89.10650187878149, 42.17193996451923], [-89.10655025894823, 42.17196760570015], [-89.10661364513254, 42.17200905233988], [-89.10672642367427, 42.17208385831316], [-89.10676274798801, 42.17210230561274], [-89.10681422710624, 42.1721277524324], [-89.10685950866754, 42.17215767056581], [-89.1069197580585, 42.17220361574957], [-89.10699780806846, 42.17228150291978], [-89.10704565860738, 42.1723409724023], [-89.10710561860569, 42.17239100405365], [-89.10710885679366, 42.17239372320967], [-89.10711336363089, 42.172400633354286], [-89.10714457504682, 42.17244849707654], [-89.10715883235167, 42.172468666210634], [-89.10718335285706, 42.172503354108926], [-89.1072130235269, 42.17255354530591], [-89.10723366045698, 42.17259684666963], [-89.10726355881994, 42.17263340015589], [-89.10731777156155, 42.17268966282913], [-89.1073382570407, 42.17274204607094], [-89.10735575693015, 42.17278984613571], [-89.10738141930253, 42.17289899983297], [-89.10740462422878, 42.17297185166613], [-89.10740598337638, 42.17307172465132], [-89.1074033917576, 42.17313571234142], [-89.10740292689941, 42.17314717718403], [-89.10740083759796, 42.173198760446], [-89.10739015489902, 42.173262966924455], [-89.10738726537112, 42.17328032895961], [-89.10737664291872, 42.173366452402036], [-89.10736639694554, 42.1734321907466], [-89.10736506997573, 42.17344055774054], [-89.10735274906772, 42.173518286246775], [-89.10733545822683, 42.173614886309565], [-89.10731288986321, 42.173687288437684], [-89.10729765927123, 42.17371990490711], [-89.10728756245285, 42.17374152640101], [-89.10724647129076, 42.17382739635176], [-89.10722110621793, 42.17388388384232], [-89.10719869045789, 42.173944954167965], [-89.10717653687317, 42.173994665814625], [-89.1071511348625, 42.17405343074772], [-89.1071131435133, 42.17413477457415], [-89.10710614847112, 42.174189180918134], [-89.10709537852803, 42.174234803117244], [-89.10708316280383, 42.17428655211957], [-89.10708210201395, 42.174350096567615], [-89.10708162887931, 42.17437843866407], [-89.1070813439613, 42.17439550603413], [-89.10708327024999, 42.17446130185391], [-89.10709456996312, 42.17451590508728], [-89.10711232984892, 42.17455365734362], [-89.10711815555634, 42.174566039187056], [-89.10714461253141, 42.174627533887104], [-89.10716528807657, 42.17466855780513], [-89.10721055991371, 42.17475442947168], [-89.10724000619271, 42.17481595085606], [-89.10727852028683, 42.17488894497838], [-89.10731121630376, 42.17494141396239], [-89.1073681409612, 42.17500543985806], [-89.10741002194092, 42.17505576984804], [-89.10746108824272, 42.17510393564515], [-89.1075090553081, 42.175156572585365], [-89.10753895454125, 42.175193153904694], [-89.10757811340177, 42.17522529301456], [-89.10763262079726, 42.17525076831815], [-89.10769302517471, 42.17528763121722], [-89.10778714625502, 42.175317999825545], [-89.10785979783117, 42.17535497568599], [-89.10796605433382, 42.17538773395795], [-89.10806316149052, 42.175422685499726], [-89.10818658145062, 42.175437215693364], [-89.10831782515129, 42.17543614882972], [-89.10840366863376, 42.17541427442793], [-89.10849858603804, 42.17539473265475], [-89.10858439190268, 42.17537735845222], [-89.10867012434576, 42.175355454916414], [-89.10873143516297, 42.17534240848415], [-89.10879289894983, 42.175318004136976], [-89.10887587133612, 42.17528246310918], [-89.10893740925766, 42.17525353077583], [-89.10900204846163, 42.17522007230224], [-89.10910029021697, 42.17518694969552], [-89.10918609726241, 42.17516504646018], [-89.10928415004848, 42.17514325603772], [-89.10934844845603, 42.1751302377132], [-89.10942204585531, 42.17510822176309], [-89.10947439935656, 42.17508145528335], [-89.10954190946532, 42.17505938315554], [-89.10961229331916, 42.175048697662604], [-89.10966438209277, 42.175035566650976], [-89.10972263226411, 42.17502021458479], [-89.10978069249644, 42.17501619482383], [-89.10988936707777, 42.17500792006131], [-89.10994137740207, 42.17500167652274], [-89.11002382071659, 42.17499785244006], [-89.11008494220873, 42.17499388773219], [-89.11018288277815, 42.17497662319786], [-89.11025942661001, 42.174963717138525], [-89.11032678638996, 42.17495072645681], [-89.1104034449962, 42.17492873806426], [-89.11047405426952, 42.17490441612184], [-89.11055381239159, 42.17488017926573], [-89.11062740864742, 42.17485818953866], [-89.11070096629207, 42.17484070009138], [-89.11077959081135, 42.174811402766736], [-89.11079002258168, 42.17480749237739], [-89.11086373119623, 42.174780920920774], [-89.11094031411926, 42.17476345916357], [-89.11101995827171, 42.174746053435825], [-89.11109650323607, 42.174730869025744], [-89.11119429054972, 42.174724963310695], [-89.11128591651062, 42.17472127862801], [-89.11133471667624, 42.17472172758671], [-89.1114201073567, 42.174727040818375], [-89.11147775215676, 42.17474798755765], [-89.11152931212888, 42.1747666284084], [-89.1115927422366, 42.174805794891924], [-89.11162562971069, 42.17484695823879], [-89.11166127751703, 42.174906285641136], [-89.1116669095295, 42.174935837211805], [-89.11169064985734, 42.174976888504325], [-89.11169923115945, 42.175011050708335], [-89.1117074745521, 42.17506554345397], [-89.11171567920644, 42.17512236766224], [-89.1117329074682, 42.17517123502635], [-89.1117320779267, 42.17522114454917], [-89.11169148355522, 42.175275243077216], [-89.11164502701716, 42.175317926581414], [-89.11160086734587, 42.17533973394453], [-89.11157732850626, 42.17535135930875], [-89.11150962907513, 42.17538251328615], [-89.1114238237109, 42.17540441827568], [-89.1113717728324, 42.17541527353392], [-89.11131344740507, 42.17543515343619], [-89.11121516852211, 42.175470554497785], [-89.11115079520371, 42.17548582306988], [-89.1110678986317, 42.17551686575992], [-89.11098810367247, 42.17554335342195], [-89.1109204786721, 42.175572258743955], [-89.11082533736115, 42.17560310573514], [-89.11078563259572, 42.17563910045873], [-89.11075098440662, 42.175670531192814], [-89.11071685088521, 42.17570427236421], [-89.11067353206862, 42.17574017886089], [-89.1106301385542, 42.17577838946333], [-89.11059275511234, 42.17582565674297], [-89.11055540851318, 42.17586845157715], [-89.11051500053719, 42.17591119030314], [-89.11044620962296, 42.17595251527666], [-89.1103604418738, 42.17596983720197], [-89.11023789188131, 42.175998208431125], [-89.11017068289102, 42.17600214506248], [-89.11010014689116, 42.1760219118848], [-89.1099653882266, 42.17605017037304], [-89.1098150543045, 42.176096451792155], [-89.10977203718225, 42.17611419414025], [-89.10968887664986, 42.17615881646804], [-89.1096422680276, 42.17620833115025], [-89.10961973923445, 42.176278456268385], [-89.10960635829082, 42.1763486665779], [-89.10960766458122, 42.17638367841222], [-89.10960847509273, 42.176405434822264], [-89.1096163759302, 42.17648039683798], [-89.10960318414355, 42.17653924689604], [-89.10958401815503, 42.17659131923778], [-89.10955485002856, 42.17664909744032], [-89.10954296772113, 42.17667263474756], [-89.10951515622088, 42.176710729221945], [-89.10951174493202, 42.17671540373777], [-89.10948392256611, 42.17673561872345], [-89.10944987537714, 42.17675371100755], [-89.10943772927368, 42.176760165072125], [-89.10936401659588, 42.17678898545029], [-89.10933562420453, 42.17680359697922], [-89.1093016785662, 42.17682597836125], [-89.10923337242535, 42.17689570934188], [-89.1091838523829, 42.17693611370154], [-89.1091616249991, 42.17698810282728], [-89.10912057258194, 42.17707166805067], [-89.10910462009612, 42.177112381832536], [-89.10909452702823, 42.17716901050222], [-89.10909300225075, 42.17726051358434], [-89.10909296936892, 42.177262051021216], [-89.10908908311053, 42.17731193142164], [-89.10907872479844, 42.17738447433184], [-89.10907755295159, 42.17745479622543], [-89.10907664536744, 42.17750925968525], [-89.10908167266005, 42.17757286115046], [-89.1090835391969, 42.177581064033106], [-89.10909305094863, 42.177622882278264], [-89.10909297986127, 42.17762714822095], [-89.10909225721147, 42.17767051428733], [-89.10911282112208, 42.17771837020778], [-89.10913764484054, 42.17776083108743], [-89.10916754620247, 42.17779741289043], [-89.10917922559302, 42.17782929721527], [-89.109196652323, 42.17788390267889], [-89.10920511972708, 42.17792484158025], [-89.10923819648127, 42.17795464624656], [-89.10926197379813, 42.17799344847109], [-89.10926660873058, 42.177999246015645], [-89.10929486182161, 42.17803458455971], [-89.10932177694464, 42.17806661020546], [-89.10936044870884, 42.178125966162966], [-89.10938095351928, 42.17817564642827], [-89.10938395986759, 42.17818293248529], [-89.10939858959543, 42.17821937256849], [-89.10942539225253, 42.17825822965098], [-89.10944618258661, 42.17829469949724], [-89.10947007350585, 42.178326697235136], [-89.10953331159567, 42.17837948755143], [-89.10957244141159, 42.17841158518726], [-89.1096054427366, 42.17844594374966], [-89.10965065466867, 42.17848038870888], [-89.10971194338782, 42.17851019300197], [-89.10975056524914, 42.178528974724365], [-89.10977095799655, 42.17853569530724], [-89.10981430042091, 42.178549979307], [-89.10986885040327, 42.17857312121473], [-89.10992354820799, 42.17858956880822], [-89.10997208680855, 42.17860590471961], [-89.11002085208386, 42.17861088161091], [-89.11010900733062, 42.17863213707716], [-89.1101669575741, 42.178634921605344], [-89.11021281168739, 42.17863081622487], [-89.11028304708196, 42.17863146304546], [-89.11034701067022, 42.178636579758695], [-89.11039592548595, 42.17863250248931], [-89.11046037837762, 42.17861040169015], [-89.11050037308117, 42.17859260335687], [-89.11055403670152, 42.178563485137865], [-89.1105619884062, 42.1785591702059], [-89.11063264117557, 42.178530292990295], [-89.11074145933252, 42.17848486361684], [-89.11086125374038, 42.17843832784125], [-89.1109043459948, 42.178420584885316], [-89.11097821224341, 42.17838034983355], [-89.11102451796667, 42.178349080346585], [-89.11107086288813, 42.17831545147291], [-89.11111728340241, 42.178275018686925], [-89.11117598734322, 42.178234725014114], [-89.11122237042564, 42.1781987916202], [-89.11129048723247, 42.17814047373493], [-89.11133070842043, 42.178104510614865], [-89.11138967621102, 42.17804833137977], [-89.11142721197787, 42.177994204851885], [-89.11148315711517, 42.177933442162136], [-89.11153275009502, 42.177888537705805], [-89.11158223155589, 42.17785040978188], [-89.11164426266402, 42.177789702988036], [-89.11171670006361, 42.17774440443914], [-89.11178432658183, 42.17771552658597], [-89.11184586559098, 42.17768659271597], [-89.11191670480207, 42.17764866103596], [-89.1119629344477, 42.177621836226045], [-89.11203664695427, 42.17759301417949], [-89.11210102268107, 42.17757771723187], [-89.11215001379944, 42.177566806513084], [-89.11223582109287, 42.17754720582094], [-89.11229997094219, 42.17754324076601], [-89.11240078685731, 42.177537361870684], [-89.11251989985924, 42.17753392792863], [-89.11255955411127, 42.17753429232378], [-89.11267859069551, 42.177535386105326], [-89.1127365408393, 42.17753819634233], [-89.11282783228503, 42.17755489682608], [-89.11287958354299, 42.177562177733115], [-89.11296460220409, 42.177587875864624], [-89.11299801857213, 42.17759732101911], [-89.11306194101981, 42.17760924132983], [-89.11314083515617, 42.17763493799758], [-89.11318011253502, 42.17766027078839], [-89.11324358284288, 42.17769943671688], [-89.1133074682232, 42.177751448532156], [-89.1133498066955, 42.17777453157341], [-89.11340118115407, 42.17780453096611], [-89.11344953221864, 42.17783444675722], [-89.11352532730324, 42.17786464239696], [-89.11356785368636, 42.17787867170234], [-89.1136100806439, 42.17790855911384], [-89.11364950934104, 42.17792253204236], [-89.11373717452447, 42.17797553077518], [-89.11378223875963, 42.17801680525613], [-89.11385735547096, 42.17809010519011], [-89.11389644569414, 42.17812449229758], [-89.11395670437611, 42.17817271074502], [-89.11399866820624, 42.17821848437775], [-89.11403756993182, 42.178266507696144], [-89.1140731843467, 42.17832583401663], [-89.11410902472842, 42.178373802209855], [-89.11412966775296, 42.17841712936897], [-89.11413798823632, 42.178467122840985], [-89.11414899434484, 42.178539834321775], [-89.11415727563826, 42.178594382131095], [-89.11415932291666, 42.178653400430754], [-89.11415222071761, 42.178712334781096], [-89.11412911989946, 42.178781577707085], [-89.11410614318767, 42.17887894944104], [-89.11409878883367, 42.17889469781191], [-89.11406322324132, 42.17897084701244], [-89.11406180884951, 42.1789738753015], [-89.11403383738131, 42.17900536827521], [-89.11398091786361, 42.179068437766404], [-89.11397138764978, 42.179075030654246], [-89.11391291572257, 42.179115480037], [-89.11386703179501, 42.17913509276567], [-89.11384528817976, 42.17914438703785], [-89.11378423716768, 42.17914832647648], [-89.11372352445605, 42.179127352742], [-89.11371544473641, 42.17911976724112], [-89.11368447149452, 42.17909068902317], [-89.11362652109295, 42.17908787926055], [-89.11358074196322, 42.179087459004506], [-89.11353186309388, 42.17908928807197], [-89.11351199311684, 42.179089105649844], [-89.11348914591122, 42.179088895890146], [-89.11346664836316, 42.17908176680632], [-89.1134375077546, 42.17907253300747], [-89.1134105901185, 42.17904050830493], [-89.1133860188668, 42.1790493659833], [-89.11335196047737, 42.17907855300968], [-89.11332368648526, 42.179125987627536], [-89.11330459969172, 42.179173422872104], [-89.11328218629465, 42.179236772161566], [-89.11328139565653, 42.17928440422148], [-89.11328019013665, 42.17935703064454], [-89.1132818007995, 42.179383090675884], [-89.11328244265042, 42.17939349972095], [-89.11328257544925, 42.1793956355896], [-89.11328492191393, 42.17943876876687], [-89.11330253949512, 42.179482041274866], [-89.11332008298979, 42.17952759089893], [-89.11333486529409, 42.17955725339928], [-89.1133647325859, 42.179596083680195], [-89.1133665956494, 42.179599135752206], [-89.11339404193178, 42.17964410105584], [-89.113394288782, 42.17964476235367], [-89.11343338879553, 42.17972527828804], [-89.11343529114762, 42.17972844325909], [-89.11347273844127, 42.17979075852344], [-89.11352551978678, 42.17983097675177], [-89.11354593496932, 42.17984653347019], [-89.1136123341827, 42.17990724002292], [-89.11369203117222, 42.179978112526484], [-89.11374551138768, 42.1800036583178], [-89.11388674687295, 42.1800657925589], [-89.11397377741856, 42.18010163425609], [-89.11408102285284, 42.18013768838926], [-89.11418814927306, 42.180178736282684], [-89.11438950853677, 42.180230692461194], [-89.11453068455975, 42.18025201944716], [-89.11471220678924, 42.180278739121675], [-89.11488673070744, 42.18032040440855], [-89.11505412510233, 42.180387058060546], [-89.11520172078124, 42.18042847600127], [-89.11537566454417, 42.180505205230496], [-89.11552334221464, 42.18054162945682], [-89.1156841082832, 42.18059869881045], [-89.11575307093497, 42.1806229035945], [-89.11587508182859, 42.180640787900444], [-89.11605821677269, 42.18066159163917], [-89.1161480212905, 42.18068156921904], [-89.11625069970854, 42.18070166371595], [-89.11632774951688, 42.18071433353625], [-89.11645003820139, 42.18071545319224], [-89.11654015986255, 42.18071627824857], [-89.11665309810638, 42.18070054550647], [-89.11672396803543, 42.18069641891984], [-89.11683365778917, 42.18068307091367], [-89.11694330923126, 42.180669694542054], [-89.11707538285856, 42.18066374105989], [-89.1171334957364, 42.180653822803116], [-89.11718190469813, 42.18064556144932], [-89.11726283553277, 42.180617597979634], [-89.1173729625409, 42.18057552167556], [-89.11751355528101, 42.18050996637321], [-89.1175189373513, 42.18050745689981], [-89.11761642697486, 42.18045094075199], [-89.1176583271511, 42.18041213767578], [-89.11779297898765, 42.18028743816245], [-89.1179158205602, 42.18025505515018], [-89.11798779522164, 42.1801863132001], [-89.11806242773716, 42.180148714021854], [-89.11815618946038, 42.18012566949224], [-89.11823708023205, 42.180100064692425], [-89.11831376680732, 42.18001402281283], [-89.11843082219539, 42.1799432779184], [-89.11852819424367, 42.17989150637845], [-89.11864825411212, 42.17983758320778], [-89.11873249819725, 42.17977644440711], [-89.11874597912725, 42.1797666883915], [-89.11881442882186, 42.17971465328935], [-89.11895069627195, 42.17964891264803], [-89.11902231401342, 42.1796016807317], [-89.11905567350759, 42.17958785313209], [-89.11917462483285, 42.17953847398094], [-89.11931006052502, 42.179525358695], [-89.11940378381749, 42.17950228577981], [-89.1194182876181, 42.179497651917984], [-89.1194911314983, 42.17947437840946], [-89.11950235591901, 42.17946836682702], [-89.11956583844038, 42.17943436427632], [-89.11962914753752, 42.17940316549234], [-89.11974905651971, 42.17935159861215], [-89.11983941118571, 42.17934045889714], [-89.11998451213624, 42.1793250433766], [-89.12006829494177, 42.17931861789293], [-89.12019711655168, 42.179315018775924], [-89.12029690027906, 42.179315929019026], [-89.12050887245647, 42.179344178617114], [-89.12056186281491, 42.17936153919763], [-89.12068174939645, 42.17940080313581], [-89.12075796982784, 42.17946368115449], [-89.1208509047236, 42.17948848498326], [-89.12092153659763, 42.17949870646865], [-89.12106307484177, 42.17950477106078], [-89.12111220727743, 42.17950541156252], [-89.12128939555436, 42.17949744886614], [-89.12139571726512, 42.17949122780962], [-89.12153753117559, 42.17948055564953], [-89.12165680625722, 42.17946967799035], [-89.12186814021105, 42.17944037375257], [-89.12207753516195, 42.179430316434285], [-89.12222208567833, 42.17944839923836], [-89.122308484494, 42.1794802773823], [-89.12232301173334, 42.17951216019171], [-89.12233638295459, 42.17954485536385], [-89.12234627735678, 42.17959831888701], [-89.12234705092301, 42.179601549961745], [-89.12235635748047, 42.17964042390991], [-89.12239303318094, 42.17970080077843], [-89.1224407411524, 42.179743220420946], [-89.1224596738377, 42.17975763936768], [-89.12248326410462, 42.17977560473835], [-89.12248642021518, 42.179778666632544], [-89.12254154923585, 42.179832143943266], [-89.12259487334882, 42.17986061922527], [-89.12263408709336, 42.17987791918039], [-89.12266435876764, 42.17989127358281], [-89.12271246156274, 42.17990971228239], [-89.12279261559218, 42.17994444215043], [-89.12284591896693, 42.17997691363027], [-89.1229047858879, 42.17999546190113], [-89.1229986675435, 42.18001431791398], [-89.12305215580628, 42.18003283337875], [-89.12311083768722, 42.18006536447124], [-89.12316935082977, 42.18010587890256], [-89.12322231653889, 42.18015839087382], [-89.12326986412762, 42.180212827931435], [-89.12327772767459, 42.180223921126746], [-89.12331980535359, 42.18028328625796], [-89.12334006756672, 42.180361459532335], [-89.12337382167176, 42.18043580492379], [-89.12341342264463, 42.180482156832554], [-89.12345076683921, 42.18051455041034], [-89.1235707874947, 42.18061865601331], [-89.12359657408977, 42.180662843924345], [-89.12360480584934, 42.18067694930105], [-89.12365780193628, 42.18072545403724], [-89.12372945593516, 42.18078812379806], [-89.12379076086845, 42.18082270950193], [-89.12389456168738, 42.18089362930471], [-89.12390082902836, 42.18089749011249], [-89.12396377803769, 42.18093627173656], [-89.12403310121788, 42.18097691189433], [-89.1240997598712, 42.18101352138691], [-89.12416436310816, 42.181076736306515], [-89.12416679103764, 42.18107911179773], [-89.12419007096751, 42.181135332023906], [-89.12422406141765, 42.181197659187035], [-89.1242607077779, 42.18125998346496], [-89.12429144195112, 42.181354305256264], [-89.12430623452994, 42.18143533756734], [-89.12430416491613, 42.18156133058489], [-89.12428390481149, 42.18164917937603], [-89.12425779484877, 42.18176293561282], [-89.1242458449905, 42.181836836590435], [-89.12421717355646, 42.18194255582524], [-89.12420495869496, 42.18203250882074], [-89.12419825838175, 42.18211246800489], [-89.12420239615585, 42.1821884913666], [-89.12423375660076, 42.18224478500773], [-89.12427887729082, 42.18228314694676], [-89.12434769284543, 42.182370487980336], [-89.12440591188408, 42.182429083742505], [-89.1244617055609, 42.18247357920065], [-89.12450326576713, 42.182494736077736], [-89.12453371565863, 42.18251023705583], [-89.12460862377013, 42.18253893539073], [-89.12471288396637, 42.182579892501415], [-89.12478269763447, 42.182588512421205], [-89.1248606521542, 42.1825912236357], [-89.12493602041614, 42.18259190810776], [-89.12504665189698, 42.1825729077226], [-89.12511151080245, 42.182557498037355], [-89.12519265437768, 42.18253222015354], [-89.12525484845662, 42.182512779787146], [-89.12535727052581, 42.18250171738246], [-89.12545693653422, 42.182496612468725], [-89.12546872343309, 42.18249556705149], [-89.12553778534385, 42.1824893604894], [-89.12575180175737, 42.182499453288436], [-89.12583767554507, 42.18251425491658], [-89.1259368453154, 42.182537190822366], [-89.1260977176967, 42.18257064657272], [-89.12620507069265, 42.18258959515365], [-89.1263259504118, 42.18260268371339], [-89.1264169469914, 42.18263352998057], [-89.12648935666293, 42.18264818201199], [-89.12660478374069, 42.1826652263395], [-89.12669860135452, 42.182686081947274], [-89.12680069961863, 42.18269699652984], [-89.12688765203542, 42.18272253711453], [-89.12701355289006, 42.18275567548152], [-89.1271423796085, 42.182776848017866], [-89.12727669202671, 42.182792060507175], [-89.12735166385268, 42.18281474802116], [-89.12740197084725, 42.18286319874507], [-89.12747096726382, 42.1829218356749], [-89.12753204671222, 42.182970439750996], [-89.12755231123055, 42.18299458072469], [-89.12757431644795, 42.183020793783996], [-89.12758080851063, 42.1830325431924], [-89.12761875216898, 42.183101216361365], [-89.12762506986782, 42.18316745220091], [-89.12762791503908, 42.18319729012949], [-89.1276349470743, 42.18326137528125], [-89.12761528046242, 42.18331322639149], [-89.12759002716176, 42.18337498888639], [-89.12755958887358, 42.183426714503064], [-89.12754251018445, 42.183480565235], [-89.12748780883013, 42.18353808154566], [-89.12742224281266, 42.183578677899895], [-89.12732490659604, 42.18360581384492], [-89.12725456736172, 42.183629187929974], [-89.12715217734652, 42.18363827612151], [-89.12702548504414, 42.18365104053443], [-89.12694479840995, 42.183648388854635], [-89.12678657365709, 42.18361295419096], [-89.12667124723211, 42.183591876643426], [-89.12660159633538, 42.18357324333552], [-89.126440519902, 42.18354977454417], [-89.12633300658544, 42.183542789925156], [-89.12626036770011, 42.183542131124064], [-89.12613889588542, 42.183565040747936], [-89.12605778419228, 42.18358831638175], [-89.12588044886982, 42.183663104713546], [-89.12580961589906, 42.18371646744783], [-89.1257467610774, 42.18377390893901], [-89.12569474743343, 42.18382944557463], [-89.12565077650028, 42.18388505427494], [-89.12562574974488, 42.18393287789573], [-89.12559219066513, 42.18401053526004], [-89.12557501844918, 42.18407440085232], [-89.1255659547445, 42.18413433362938], [-89.1255569238857, 42.184192263501004], [-89.12555324669921, 42.184252217253984], [-89.12556027552154, 42.184316302488355], [-89.12557308559735, 42.18435642877557], [-89.12559922065023, 42.18440065448911], [-89.12563091502285, 42.1844389489529], [-89.12568391921253, 42.184489456007014], [-89.12571580617525, 42.18451372978008], [-89.12576961467381, 42.18455351413235], [-89.12580117357575, 42.18459778991592], [-89.12581667571222, 42.18463794060188], [-89.12584284344592, 42.18468019126266], [-89.1258903360173, 42.18474060930094], [-89.12593545856605, 42.184779025513706], [-89.12597260127423, 42.184811386715964], [-89.1260680659717, 42.184896224297155], [-89.12607350839316, 42.18490037100417], [-89.12607962037063, 42.18490502706117], [-89.12616642318552, 42.18497115485458], [-89.12623036254533, 42.185009740730614], [-89.12629692815715, 42.18505235769413], [-89.12635288919131, 42.1850868656377], [-89.12638494046185, 42.18510115171331], [-89.12639165749985, 42.18510198419906], [-89.12645472039097, 42.18510979732109], [-89.12651642847793, 42.18512234908835], [-89.12658907386708, 42.18512501099164], [-89.12666710195478, 42.185125718448546], [-89.12674246857637, 42.185124398522426], [-89.12680712850225, 42.1851189750857], [-89.12694667748735, 42.185117955030364], [-89.12703171587846, 42.185117333892045], [-89.12718225266778, 42.18512668303278], [-89.12728431696397, 42.1851376247903], [-89.1274052345943, 42.18514870845819], [-89.12757176724055, 42.185168218918164], [-89.12766838035851, 42.18518308944879], [-89.1277598399865, 42.18518592102147], [-89.1279241344218, 42.18517541668784], [-89.12805079697216, 42.18516457139483], [-89.12815851116397, 42.185159537013845], [-89.12827706204445, 42.18515059422521], [-89.12841459638142, 42.18513383733834], [-89.12852263610606, 42.185108828460194], [-89.12860099147088, 42.18508953255192], [-89.12866850770233, 42.185074144912406], [-89.12875237899846, 42.185046886005004], [-89.1288256097054, 42.185011544966414], [-89.12888258544463, 42.184984097540934], [-89.1289533842352, 42.18493268089144], [-89.12903394219168, 42.18490725725684], [-89.12904251231097, 42.18487731375618], [-89.12908080006885, 42.18483968117405], [-89.1291165589252, 42.18479198178411], [-89.12916029990114, 42.184750364184595], [-89.12923592760514, 42.184733046371655], [-89.12925383786703, 42.18472659283055], [-89.12927924197952, 42.184717439487784], [-89.12930133879243, 42.18468163569798], [-89.12930361502728, 42.18467835302477], [-89.12935922999814, 42.18459816066705], [-89.12939541328815, 42.18452447741441], [-89.1294019125667, 42.18445650833337], [-89.1294002982631, 42.184390496096164], [-89.12943129172575, 42.184304746685804], [-89.12945584505793, 42.18426987079323], [-89.1294809943638, 42.18421208634899], [-89.1295115983117, 42.1841523759243], [-89.12956649794808, 42.18408487144145], [-89.12966386193064, 42.18405372744162], [-89.12975016743485, 42.1840445186245], [-89.12976784141303, 42.18404547156415], [-89.1297978217514, 42.18404708763279], [-89.12983886390717, 42.18404929975217], [-89.12994070359255, 42.18407620781562], [-89.12999136860775, 42.18410070413374], [-89.13001988558602, 42.18412624361381], [-89.13002207368909, 42.18412820356828], [-89.13003649802293, 42.184141122005684], [-89.13006283679645, 42.18417536044808], [-89.13008672754275, 42.18421080569364], [-89.13010487670843, 42.18423773068169], [-89.1301522041823, 42.18430618709498], [-89.13018376727226, 42.18435046081782], [-89.13021247209424, 42.18440475262794], [-89.13022701981446, 42.1844290953613], [-89.13024131186637, 42.1844530090331], [-89.13024600745688, 42.18446969019261], [-89.13025655190826, 42.184507152164585], [-89.13026401037693, 42.1845452263781], [-89.1303269102599, 42.18469271717257], [-89.13035992661547, 42.18473052440232], [-89.13036389085234, 42.184735064494916], [-89.13038714486285, 42.1847932864102], [-89.13038824480324, 42.184798428146074], [-89.1304021601768, 42.18486342519783], [-89.13042265576368, 42.18492562859031], [-89.13043982676048, 42.18497303496938], [-89.13045100570817, 42.185003901538344], [-89.13045448280698, 42.18504405281214], [-89.1304150986027, 42.1850562105214], [-89.1304072997691, 42.185043488834246], [-89.1304019080844, 42.185039701116345], [-89.1303727176236, 42.18501919291563], [-89.13032979543472, 42.18501079233794], [-89.13026532693327, 42.18500222408524], [-89.1302200751917, 42.18497376949654], [-89.13019665363123, 42.18492358675418], [-89.1301765177361, 42.18483937835644], [-89.13015572433451, 42.18479319874717], [-89.13012714983311, 42.184730922304055], [-89.1300225872535, 42.184707969194996], [-89.12997096476892, 42.18473752369152], [-89.12990548860296, 42.184792940564876], [-89.12988040132987, 42.18484471515046], [-89.12987692767422, 42.184894682781824], [-89.12989725911366, 42.18496690079424], [-89.12992041503395, 42.185031104511694], [-89.12997867887661, 42.185089642919344], [-89.13001588854642, 42.18511796910596], [-89.13006642920485, 42.18515242625631], [-89.13007287882424, 42.185161924348286], [-89.13014153892298, 42.18524878601387], [-89.13022387966764, 42.18535299338379], [-89.1284069918259, 42.185914209674024], [-89.12824158434807, 42.18597389425064], [-89.12808010511336, 42.18603925823121], [-89.12792290747718, 42.18611015988109], [-89.12777033170696, 42.18618644384385], [-89.12762271462108, 42.18626794392933], [-89.12748037507937, 42.18635448208172], [-89.12734362486198, 42.186445869378105], [-89.12721276260282, 42.18654190687376], [-89.12708807259395, 42.18664238469065], [-89.12696982959773, 42.18674708386152], [-89.12696628516252, 42.1867503982073], [-89.12686181356261, 42.18685220782907], [-89.12676342886381, 42.18695731727063], [-89.12667131957889, 42.187065526586025], [-89.1265856610285, 42.18717662850676], [-89.1265037276528, 42.18729479019964], [-89.12551736216498, 42.18880127987175], [-89.12552583141759, 42.18989614134578], [-89.1254795419201, 42.18991726302238], [-89.12533754041887, 42.189980681426135], [-89.12512630101835, 42.190062789950375], [-89.12493949125246, 42.190129094344215], [-89.1247335728706, 42.19021525686424], [-89.1245845389424, 42.19027989970177], [-89.12441903990738, 42.19035838903272], [-89.12429436489028, 42.190409257425046], [-89.12417501846058, 42.190468187808825], [-89.12405304093957, 42.19052108455275], [-89.1238728325398, 42.190596392726185], [-89.12376685023749, 42.190659423563154], [-89.12362070138886, 42.19071009598018], [-89.12353392872507, 42.190749316893985], [-89.12341188516197, 42.190806163831134], [-89.12330337088531, 42.19085923713751], [-89.12319202884846, 42.19091823929682], [-89.12318207773342, 42.19092424030066], [-89.12311324302937, 42.19096551743373], [-89.12302085236247, 42.19101871014461], [-89.12294212763051, 42.191059979119366], [-89.12276436871363, 42.19116121257392], [-89.1226720768206, 42.19120836839113], [-89.12262404370603, 42.19123674487695], [-89.12259870488914, 42.19125171695497], [-89.12251180398886, 42.19130092491032], [-89.12244085731223, 42.19135829083612], [-89.12238896710764, 42.19140584121777], [-89.12230419068364, 42.1914940897809], [-89.12230130086168, 42.19149702730518], [-89.12217246726013, 42.191600736375335], [-89.12208529381769, 42.19166196071791], [-89.12200634011913, 42.19171925255321], [-89.1219352985376, 42.191784603084116], [-89.12186458625953, 42.19182995158522], [-89.12179110954973, 42.19187730506957], [-89.12170657105274, 42.19194653800931], [-89.1216193010111, 42.192015773909354], [-89.12155374445038, 42.192075164572934], [-89.12145799999335, 42.19216830750794], [-89.12135878862713, 42.19227242240825], [-89.12126567095437, 42.19236959551417], [-89.1211701220581, 42.192450746899155], [-89.12109884903995, 42.19253003525597], [-89.12102991178476, 42.19261090870502], [-89.12101926271527, 42.19262338001637], [-89.12094529457349, 42.192702724734616], [-89.1208767448546, 42.19278011650537], [-89.1208135466811, 42.192857557027324], [-89.12073688503821, 42.192936850039125], [-89.12063798769648, 42.1930330092845], [-89.1205638852411, 42.19312036622021], [-89.1204953032214, 42.193199733650445], [-89.12042655302699, 42.193287084389716], [-89.12036342270034, 42.19336254908435], [-89.12031092975471, 42.193444093364704], [-89.1202532194937, 42.19351757722985], [-89.12018334768811, 42.19362810517245], [-89.1201061876863, 42.1937374970009], [-89.12006637072172, 42.19386715255307], [-89.120046328264, 42.193938921871364], [-89.12001508584335, 42.19403868868847], [-89.12000857653965, 42.194106657013684], [-89.12000828569015, 42.19411313031782], [-89.12003101411132, 42.1941580680018], [-89.12003443311193, 42.19417450922009], [-89.12003777096878, 42.194193666845266], [-89.12003718420988, 42.194229225691394], [-89.12003326003573, 42.19424559990696], [-89.12002560979394, 42.19426194012372], [-89.12002533904818, 42.19427834767469], [-89.12002141563259, 42.19429474890604], [-89.12001368346998, 42.19431377851228], [-89.1200061070581, 42.1943301194012], [-89.1200054754628, 42.194368394084165], [-89.12000146967812, 42.194387511710254], [-89.12000029655621, 42.19445860239369], [-89.11999260100214, 42.19447768635079], [-89.11999201465773, 42.19451321818929], [-89.11997531539735, 42.194626180341864], [-89.11997139118064, 42.19464255455374], [-89.11997112041725, 42.19465896210336], [-89.11996715988056, 42.19467533598356], [-89.11996319934177, 42.19469170986358], [-89.11995923880086, 42.194708083743365], [-89.11995896757318, 42.19472451919825], [-89.11995500018328, 42.194743582252705], [-89.11995099435744, 42.194762699875334], [-89.11994927962175, 42.19486660565082], [-89.11994527378567, 42.194885723272776], [-89.11994126839272, 42.19490481388914], [-89.11993421109672, 42.19492549541981], [-89.11993113238637, 42.19494426407684], [-89.1199255533365, 42.19495812661505], [-89.11992476545393, 42.195005867566955], [-89.11991918518642, 42.19501973009357], [-89.11991360614184, 42.19503359173075], [-89.11991314653868, 42.19506144054394], [-89.11991019039446, 42.195077330214644], [-89.11990996082214, 42.19509124066836], [-89.1199043475032, 42.19510710519027], [-89.1199041174688, 42.1951210435494], [-89.11990116504144, 42.19513890854204], [-89.11989555291157, 42.19515477397453], [-89.11989532424164, 42.19516862951713], [-89.11989240023684, 42.195182571201414], [-89.11988944735727, 42.19520046319884], [-89.11988652427068, 42.19521434907181], [-89.11988356811193, 42.195230238741274], [-89.11987788584595, 42.19524807882094], [-89.11987223944797, 42.195265946236994], [-89.11986939018405, 42.19527983368339], [-89.11986367978417, 42.19530165199181], [-89.11985803382284, 42.19531949240158], [-89.11985242166531, 42.19533535783114], [-89.11984943123888, 42.19535324948438], [-89.11984375386756, 42.19537306579523], [-89.11984079770477, 42.19538895456279], [-89.11983518432591, 42.19540481998017], [-89.11983226568698, 42.195420709089845], [-89.11982934346824, 42.19543454094991], [-89.1198237622489, 42.195448457480914], [-89.11982087499197, 42.195462371588306], [-89.11981791881885, 42.19547826035492], [-89.11980964617457, 42.195492098303255], [-89.11980656277123, 42.19550894654302], [-89.11980633317269, 42.195522856995254], [-89.11980075404222, 42.19553671952514], [-89.11979517326779, 42.195550608148814], [-89.11979224968233, 42.195564521923664], [-89.11978394321136, 42.19558033484942], [-89.11977833101098, 42.19559620027421], [-89.11977271805776, 42.19561203778206], [-89.11977225838343, 42.19563988659118], [-89.1197693718705, 42.19565382771299], [-89.11976644918053, 42.195667686575966], [-89.11976592382786, 42.19569951417175], [-89.11976034347656, 42.195713375787776], [-89.11975739097784, 42.19573124077413], [-89.11975446737497, 42.1957451545474], [-89.11974885561246, 42.19576099206452], [-89.11974589939105, 42.19577688172828], [-89.11974297950023, 42.19579277082317], [-89.11974002327571, 42.195808660486676], [-89.11973172213143, 42.19582642173528], [-89.11972604211536, 42.19584631994295], [-89.11972574681887, 42.19586420918086], [-89.11972012966562, 42.19587809836829], [-89.11971724403575, 42.19589198457712], [-89.11970627983524, 42.195907800247774], [-89.11970066804554, 42.195923637761815], [-89.11969505458171, 42.195939503169946], [-89.11968678140282, 42.19595336811272], [-89.119681204265, 42.195969232951356], [-89.11967551861791, 42.195985069789806], [-89.11966997528789, 42.195998959648314], [-89.11966701858864, 42.19601487631437], [-89.11966143863249, 42.19602871091892], [-89.11965855177172, 42.196042597114634], [-89.11965286890461, 42.19606046508464], [-89.11964708230028, 42.19607566897974], [-89.1196441591017, 42.196089555743605], [-89.11963585328738, 42.19610539567243], [-89.11963562363177, 42.19611930702262], [-89.11963004321332, 42.196133168630546], [-89.11962712281465, 42.196149085626544], [-89.11961881743383, 42.19616489854849], [-89.11961050667988, 42.19617876314213], [-89.11960761980048, 42.19619264933601], [-89.11960469658737, 42.19620653609842], [-89.11959915368227, 42.19622039804707], [-89.1195825770836, 42.19625207911679], [-89.11957965833827, 42.19626796821661], [-89.11957400849448, 42.19628383328568], [-89.11956577081058, 42.196297670633065], [-89.11956019155618, 42.19631153314805], [-89.1195546106577, 42.196325421756825], [-89.11954899833049, 42.19634128716697], [-89.1195433146543, 42.19635912721344], [-89.11953497940516, 42.19637894625135], [-89.11952657522517, 42.19640073994729], [-89.11951820567077, 42.19642256276862], [-89.11951258888107, 42.19643642403799], [-89.11950970317801, 42.196450310239456], [-89.11950677948461, 42.196464224003726], [-89.11950369504358, 42.19649007355771], [-89.11950057518871, 42.196515867869046], [-89.119497558107, 42.19653771074201], [-89.11949187885611, 42.19655755402326], [-89.1194889220834, 42.19657347068243], [-89.11948330896679, 42.19658930817169], [-89.11947772966748, 42.19660317068148], [-89.11947480597424, 42.19661708354423], [-89.11946891324887, 42.19663423563868], [-89.11946060655228, 42.19665004853566], [-89.11945236954443, 42.19666391378979], [-89.1194440293074, 42.19668175748656], [-89.11943296824624, 42.19670349990842], [-89.1194220050416, 42.19671931555841], [-89.11941100920471, 42.196737107097526], [-89.11939728550416, 42.19675687692741], [-89.11938622395266, 42.19677864724968], [-89.11938330021565, 42.19679256100955], [-89.11937765028844, 42.196808425166275], [-89.11936931047147, 42.19682624095121], [-89.11935835212924, 42.19684403282723], [-89.11935273804805, 42.19685992521958], [-89.11935247571044, 42.19687581155666], [-89.11934958872502, 42.19688969864158], [-89.11933855607354, 42.19690751684636], [-89.11933028562541, 42.19692333006401], [-89.11932467320123, 42.19693919456017], [-89.11932165112228, 42.19695906209339], [-89.1193214213909, 42.196972973440104], [-89.11931564326146, 42.1969987983911], [-89.1193154135433, 42.197012708837505], [-89.1193125277684, 42.19702659503188], [-89.11931229712766, 42.19704056128922], [-89.1193065529858, 42.197064327532914], [-89.1192980812534, 42.197090127887584], [-89.11929233785114, 42.197113922046825], [-89.11928928221485, 42.19713582037929], [-89.11928865873239, 42.19717357383182], [-89.11929099534646, 42.19718846924578], [-89.11929345921399, 42.19720240428689], [-89.1192985472809, 42.197218366486815], [-89.11929775884917, 42.19726610831047], [-89.11930553606581, 42.19728009186709], [-89.1193079668483, 42.197296030703264], [-89.11930770404949, 42.19731194404423], [-89.11931282520466, 42.19732590334804], [-89.11931438150386, 42.19732858968857], [-89.11932323076992, 42.19734386327824], [-89.11933104462341, 42.19735790208666], [-89.11933871862412, 42.19737586408366], [-89.11934919881635, 42.197393851702216], [-89.11935428568628, 42.19740981478858], [-89.11935934070907, 42.19742777988092], [-89.11936170136696, 42.197445693362894], [-89.11936413216908, 42.19746163219764], [-89.11936649404001, 42.1974795456905], [-89.1193742431226, 42.19749750837037], [-89.11937398033857, 42.1975134217111], [-89.11937644423554, 42.19752735675], [-89.11937598434153, 42.19755520644642], [-89.11937306056306, 42.19756912020373], [-89.11937017356236, 42.19758300638703], [-89.11936725024202, 42.197596892238586], [-89.11936166870699, 42.19761080963885], [-89.11936114402224, 42.19764258230887], [-89.11936086259006, 42.19765742500636], [-89.11936063241568, 42.19767136335686], [-89.11935770907394, 42.19768525010809], [-89.11935209537471, 42.19770111459177], [-89.11934913896872, 42.19771700333769], [-89.11934349338419, 42.19773487162727], [-89.11934323103623, 42.19775075796186], [-89.11934034401996, 42.1977646441438], [-89.11933958868073, 42.19781038306836], [-89.1193420153551, 42.19782437268653], [-89.1193444466257, 42.197840283615264], [-89.1193442169071, 42.19785419405974], [-89.1193466101893, 42.197870132551195], [-89.11934608848023, 42.19790172428394], [-89.11934585486668, 42.19791587057482], [-89.11934293597716, 42.19793175966253], [-89.11933732269718, 42.197947597139205], [-89.11933436625989, 42.19796348678408], [-89.1193287525288, 42.19797935126554], [-89.11931775229198, 42.19799519447324], [-89.11930944537279, 42.198011007353166], [-89.11930616450958, 42.198015748156095], [-89.11929851866954, 42.19802679631123], [-89.1192848990971, 42.19804258768873], [-89.11927393070599, 42.1980564279857], [-89.1192629676673, 42.19807221660845], [-89.11925200250559, 42.19808806012979], [-89.11924103945584, 42.19810384875024], [-89.11923545996392, 42.19811771124256], [-89.11922715256163, 42.19813355112112], [-89.1192215714073, 42.19814744060691], [-89.11921852471644, 42.19816212120359], [-89.11921556779235, 42.19817803784971], [-89.11921268117287, 42.19819189702156], [-89.11920972470666, 42.19820778576193], [-89.11920145480019, 42.19822362688104], [-89.11919849832954, 42.19823951562098], [-89.11919291760519, 42.198253378099615], [-89.11918996113087, 42.19826926683919], [-89.11918434853094, 42.198285132223276], [-89.11917876781418, 42.19829899380085], [-89.1191758814843, 42.19831290789322], [-89.119172956874, 42.198326793726196], [-89.11916737734666, 42.198340656214285], [-89.11916449026249, 42.198354542389644], [-89.11916153377585, 42.1983704311281], [-89.11915854419023, 42.19838832366144], [-89.11915024162471, 42.198406139765325], [-89.11914466088935, 42.19842000134078], [-89.11913635552615, 42.19843578721162], [-89.11912538612617, 42.19844968240319], [-89.11911176565353, 42.1984654467411], [-89.11909811164345, 42.19848324097738], [-89.1190816954663, 42.198502959163555], [-89.11906265414274, 42.19852070419354], [-89.11904900176353, 42.19853847142928], [-89.11903537636357, 42.19855225952528], [-89.11902444535758, 42.19856610013835], [-89.11901331008596, 42.19858109128562], [-89.11901308027389, 42.198595002627], [-89.11900750024084, 42.19860889211135], [-89.11900191945566, 42.19862275367882], [-89.11899899600235, 42.198636639517076], [-89.11899341596238, 42.19865052900056], [-89.11898514150099, 42.198664366864215], [-89.11898225436084, 42.19867825303362], [-89.11897667431339, 42.19869214251611], [-89.11896839939658, 42.19870600738366], [-89.1189601253833, 42.19871981733974], [-89.11895188798877, 42.19873368254876], [-89.1189463083906, 42.198747544124025], [-89.11893803392077, 42.19876138108361], [-89.11892440919767, 42.198775197081666], [-89.11891886635483, 42.19878903198182], [-89.11891059141243, 42.19880289684468], [-89.11889959017535, 42.19881871209073], [-89.1188913201091, 42.19883455318408], [-89.11887763008326, 42.19885232005434], [-89.11886939265304, 42.198866185256726], [-89.11885839184065, 42.19888197349307], [-89.11884480339302, 42.19889578981266], [-89.11883376947588, 42.19891358094093], [-89.1188254993953, 42.19892942112879], [-89.11880911888875, 42.198949166609296], [-89.11880084511155, 42.19896303147443], [-89.118787221222, 42.19897679254407], [-89.11877898254477, 42.198990657728196], [-89.1187569158441, 42.199026239980576], [-89.11874592263166, 42.199046034668484], [-89.11873495884024, 42.19906185024], [-89.11872668426732, 42.199075688082814], [-89.11871306432332, 42.199091479385444], [-89.11870744664914, 42.19910536850991], [-89.11870159382923, 42.19912007837191], [-89.11869866905967, 42.19913396508947], [-89.11869578259788, 42.199147878265975], [-89.11869016536095, 42.19916174038405], [-89.11868458399448, 42.199175629838926], [-89.11867631428765, 42.1991914430092], [-89.1186707329154, 42.199205332463265], [-89.11866245953473, 42.19921916941162], [-89.11866110930285, 42.19922174367465], [-89.11865415184033, 42.19923500924245], [-89.11864053017159, 42.19925082842991], [-89.11862687308421, 42.199266592372965], [-89.11861052138164, 42.19928231458762], [-89.1185942437043, 42.19929809959789], [-89.11856699432983, 42.19932570359834], [-89.11854801881807, 42.19933944274773], [-89.11853170020088, 42.199353234081656], [-89.11851545467646, 42.199366998171435], [-89.11849378544186, 42.19938071359711], [-89.11848016537336, 42.1993965048699], [-89.11846115670097, 42.19941224779855], [-89.11843949020574, 42.199427993444814], [-89.1184258661367, 42.199441754468474], [-89.118406824791, 42.1994594723762], [-89.11839319981527, 42.199473287406356], [-89.11837954215669, 42.199489079223625], [-89.11836326024486, 42.199502842958836], [-89.11834967200117, 42.1995166322103], [-89.11833066327512, 42.199532374216055], [-89.11831104007855, 42.19954514767233], [-89.11829741916463, 42.1995609119057], [-89.11827840995095, 42.19957668180787], [-89.11826475225614, 42.19959247271044], [-89.11825112766708, 42.19960626071744], [-89.11823481256914, 42.19962202822749], [-89.11821580378283, 42.199637770213265], [-89.11819682764005, 42.19965153720743], [-89.1181778241436, 42.19966922841283], [-89.11815884798315, 42.19968299540044], [-89.1181372148978, 42.19969671018776], [-89.11811554548362, 42.19971042463888], [-89.118096570508, 42.199724191626856], [-89.11808028801276, 42.199737983225454], [-89.11805330546882, 42.19975162208425], [-89.11803436237636, 42.199763386156825], [-89.11801545195054, 42.19977317433784], [-89.11799654196551, 42.199782935510356], [-89.11796952581635, 42.19979860424782], [-89.11795061581674, 42.19980836541255], [-89.11792901606941, 42.19982013218762], [-89.11791010559571, 42.199829921251], [-89.11789112584623, 42.19984162914508], [-89.11785282489018, 42.1998657026313], [-89.1178392376829, 42.19987949093022], [-89.11782026138623, 42.199893257859785], [-89.11780131820846, 42.19990502189264], [-89.11778240815144, 42.199914783028824], [-89.11776339597381, 42.19992852171103], [-89.11774186650806, 42.1999382309777], [-89.1177229555238, 42.199948047014594], [-89.11770132225426, 42.19996176171703], [-89.11767972285551, 42.19997350143844], [-89.1176068422698, 42.200008646658326], [-89.11758789901823, 42.20002041065486], [-89.11756902113542, 42.20002822287226], [-89.11754472721427, 42.20003991091413], [-89.1175204013736, 42.200053600954824], [-89.11749880069974, 42.200065340630175], [-89.11747985862202, 42.200077104619425], [-89.11746098479937, 42.200086865133244], [-89.11741233225695, 42.200114219056594], [-89.11738800545086, 42.200127963979185], [-89.11736371101169, 42.20013967898701], [-89.11734480081806, 42.20014944004911], [-89.11732589017176, 42.20015922811331], [-89.11730435647635, 42.200166988981316], [-89.11728275693496, 42.20017872862596], [-89.11725583502877, 42.20018641318049], [-89.11723154266252, 42.20019807325996], [-89.1172127000947, 42.20020594066045], [-89.11719382300505, 42.20021369880411], [-89.1171713320727, 42.20022800966837], [-89.11714976080493, 42.20023577016338], [-89.11713095346924, 42.200241580657746], [-89.11710941578839, 42.200247311246834], [-89.1170905377801, 42.20025512338376], [-89.11706893695889, 42.20026686297609], [-89.11705005983384, 42.200274621095616], [-89.11703115031598, 42.20028440912117], [-89.117012309054, 42.20029219457199], [-89.116990671886, 42.20030393381685], [-89.1169717288948, 42.20031566980328], [-89.11695282387416, 42.20032737912467], [-89.11693118577426, 42.20033917326874], [-89.11690965197047, 42.200346934061166], [-89.11688808377943, 42.20035669863131], [-89.11686920662078, 42.20036445582021], [-89.11685033019135, 42.20037224182267], [-89.11683145256156, 42.20038002691071], [-89.11680719063645, 42.20038976591055], [-89.11678296307448, 42.20039750202363], [-89.11675870639955, 42.200409190238574], [-89.11673710141231, 42.20041898055238], [-89.11671284035236, 42.20042866552128], [-89.11669396705707, 42.20043845382235], [-89.11667508938872, 42.20044623888412], [-89.1166554737608, 42.20045851785141], [-89.11663656245518, 42.20046833370468], [-89.11661506007971, 42.200474118542445], [-89.11659618237634, 42.200481904491134], [-89.11657730468329, 42.20048968953648], [-89.11655307705584, 42.200497425600126], [-89.11653423252082, 42.20050320774582], [-89.11651273132028, 42.20050899347538], [-89.11649119619811, 42.20051675417673], [-89.11647235165188, 42.200522536312086], [-89.11645085043934, 42.20052832202992], [-89.11642658884745, 42.200538033942436], [-89.11640771232794, 42.20054581897046], [-89.11638886821295, 42.2005515740866], [-89.11636460570831, 42.20056133999634], [-89.11634572794884, 42.20056912590308], [-89.11632150026357, 42.20057686191702], [-89.11630269200447, 42.200582644356686], [-89.11628105146355, 42.20059238023967], [-89.1162595206394, 42.20060214413268], [-89.11624067604728, 42.2006079262294], [-89.11622183098953, 42.200613736228426], [-89.11620299074288, 42.20062152155474], [-89.11616530107143, 42.200633113631625], [-89.11614107647995, 42.200642852831635], [-89.11611677894001, 42.20065253643929], [-89.11609251799885, 42.20066227619638], [-89.1160709827744, 42.20067003681744], [-89.11605155280257, 42.200682207542876], [-89.11600831537186, 42.20070568600116], [-89.11596524607879, 42.200721207218], [-89.11594636823851, 42.20072899215752], [-89.1159248009823, 42.20073875655383], [-89.11590589040635, 42.20074851647306], [-89.1158870125359, 42.20075630230277], [-89.11586547892797, 42.20076403499012], [-89.11584656785814, 42.20077382370497], [-89.11582768998792, 42.20078160862455], [-89.11580877936953, 42.20079136942755], [-89.1157899390203, 42.20079915468463], [-89.11576833464815, 42.20080889080154], [-89.1157616959851, 42.20081302813731], [-89.11574939128205, 42.20082062658088], [-89.11571160662807, 42.20084020251162], [-89.11569266277968, 42.200851966186754], [-89.1156737848676, 42.20085975108043], [-89.11565484100642, 42.200871514749124], [-89.11563596786574, 42.20088127586675], [-89.11561705674082, 42.20089106364258], [-89.11559272984653, 42.2009046992425], [-89.11557109609433, 42.20091846845391], [-89.11555474246258, 42.20093423522402], [-89.11553583610298, 42.200945998316165], [-89.11551951686644, 42.20095976220048], [-89.1155135929202, 42.20097425156523], [-89.11550639713678, 42.20098336160969], [-89.11550266072412, 42.200988091823625], [-89.11548903402442, 42.20100187947803], [-89.11547544604541, 42.201015668385956], [-89.11546178255097, 42.20102948360953], [-89.11544553546956, 42.201043275153694], [-89.11543191040381, 42.20105703580671], [-89.11541290049367, 42.201072777311495], [-89.11539661707019, 42.2010865685155], [-89.11538299153676, 42.20110035616768], [-89.11536401479202, 42.20111409567266], [-89.11534773257286, 42.201127885980306], [-89.11532603242517, 42.20114557899928], [-89.11530698612685, 42.201161321052936], [-89.11528532348734, 42.20117901440787], [-89.1152663467128, 42.20119275299582], [-89.1152447120285, 42.201206495126705], [-89.11520682560639, 42.20122999441928], [-89.11518791429664, 42.201239783022054], [-89.11516900345873, 42.20124954281597], [-89.11515016288088, 42.201257328865104], [-89.11513131754757, 42.20126313778087], [-89.11511240667917, 42.201272898465426], [-89.1150908711296, 42.20128065889802], [-89.11507196146052, 42.201290419586854], [-89.11505301735941, 42.20130218315258], [-89.11503567178625, 42.20131116049812], [-89.11503410601962, 42.20131197082918], [-89.11500977792849, 42.20132566121196], [-89.11499087135142, 42.20133742421104], [-89.11497202641303, 42.20134320699502], [-89.11495311504862, 42.20135299465792], [-89.11494493976674, 42.20136085055288], [-89.11490817184009, 42.20139917824751], [-89.11488663713388, 42.20140688373009], [-89.11487301049482, 42.20142072712979], [-89.11486641606417, 42.20142445337577], [-89.11484868189439, 42.20143444358241], [-89.11482704869627, 42.201448158637845], [-89.11481611673074, 42.20146197092165], [-89.11479441276109, 42.201477688517514], [-89.11478967536043, 42.20148246264664], [-89.11478078792325, 42.20149142118409], [-89.11475908611929, 42.20150919690771], [-89.11473745289122, 42.20152291104537], [-89.11471850865884, 42.20153467455392], [-89.11469145818091, 42.201552318382745], [-89.11468328731728, 42.2015565469396], [-89.11467254671112, 42.20156210599785], [-89.11464552468698, 42.201575770694845], [-89.1146266179531, 42.20158753453195], [-89.11460767368098, 42.20159929802161], [-89.11458600285837, 42.20161301178557], [-89.11456971956437, 42.201626775862074], [-89.11455609327166, 42.20164059131686], [-89.11454810851671, 42.20165067900494], [-89.11454516121358, 42.20165440357336], [-89.11452884557859, 42.20167011562379], [-89.11451521881948, 42.201683958078696], [-89.11449890227318, 42.20169972413511], [-89.11447996268913, 42.201713463832505], [-89.11445832457167, 42.201725202586104], [-89.1144366204382, 42.20174091921136], [-89.1144149853878, 42.201754661180345], [-89.11439607472647, 42.20176439383767], [-89.11437716744204, 42.201776184637396], [-89.11435280700421, 42.20179187777785], [-89.11433317255819, 42.20180034964908], [-89.1143257817322, 42.201803539173305], [-89.11430152362354, 42.20181525385994], [-89.11427988851868, 42.20182899580266], [-89.11425556129294, 42.20184268513115], [-89.11423658408224, 42.20185642444259], [-89.11421763965771, 42.20186818786558], [-89.11420135578487, 42.20188197799264], [-89.11418507233822, 42.2018957420122], [-89.11417368292254, 42.201910400831224], [-89.11417048579116, 42.201913636028294], [-89.11416005694548, 42.20192418833119], [-89.11414374023394, 42.20193995523497], [-89.11413008099848, 42.20195574562155], [-89.11411645498713, 42.2019695340162], [-89.11410552110208, 42.20198337412265], [-89.1140865450423, 42.20199711251903], [-89.11407026155592, 42.202010875621234], [-89.11405125100657, 42.20202661779091], [-89.11402961623862, 42.20204033177905], [-89.11399172840656, 42.20206385856169], [-89.11397015920284, 42.20207362166849], [-89.11395124791532, 42.20208338215553], [-89.11393237063625, 42.20209116676555], [-89.1139108346668, 42.202098926970734], [-89.11389375451216, 42.20210633553226], [-89.1138838825727, 42.20211061684234], [-89.11386497081267, 42.20212040432009], [-89.1138460599436, 42.2021301377841], [-89.11382718142723, 42.202137922365324], [-89.11380558057651, 42.202149661336435], [-89.11378670204945, 42.20215744591086], [-89.1137678235178, 42.20216523048208], [-89.11374352457415, 42.20217494147928], [-89.1137192990272, 42.20218468015445], [-89.11370042520001, 42.202194440943686], [-89.11367340314723, 42.202208078399536], [-89.11365186785434, 42.20221586647168], [-89.11363029548806, 42.20222362628973], [-89.11360869457212, 42.20223536522284], [-89.11358443145012, 42.20224510352437], [-89.11355744643426, 42.20225876830207], [-89.11352773432402, 42.202274412130365], [-89.11350067848625, 42.202290079439635], [-89.11348371447016, 42.20230485176153], [-89.11346473695444, 42.20231859094074], [-89.11344845325091, 42.20233235395147], [-89.11342947571933, 42.20234609312461], [-89.1134105650304, 42.20235588053658], [-89.11336736182403, 42.20237935740211], [-89.11334838426087, 42.20239309656137], [-89.11332947233483, 42.20240288394847], [-89.11331052757971, 42.202414647216806], [-89.1132915828176, 42.202426410481905], [-89.11324837996811, 42.20244986029606], [-89.11322940190952, 42.20246362644021], [-89.11321045879211, 42.202475361797156], [-89.1131888232268, 42.20248910352735], [-89.11316718460762, 42.20250084203014], [-89.11314555161097, 42.202514500946904], [-89.11312657304711, 42.20252829497882], [-89.1131022073105, 42.20254201161592], [-89.1130806096946, 42.202555725764334], [-89.11305628193308, 42.20256941483069], [-89.11301842853666, 42.20259294160459], [-89.11299948321863, 42.20260473182513], [-89.11298057328433, 42.20261446515366], [-89.11296166123603, 42.20262425247836], [-89.11294278246568, 42.20263203691048], [-89.1129239400119, 42.20263982167312], [-89.11290506289184, 42.20264757910478], [-89.11288615082216, 42.20265736641672], [-89.11286727203284, 42.202665150836175], [-89.11284836040097, 42.20267491113648], [-89.11282679080081, 42.2026846749231], [-89.1128024594538, 42.20269638771643], [-89.11277554367445, 42.202708050649704], [-89.11275666485672, 42.20271583505055], [-89.11273778603439, 42.202723619448236], [-89.11271349096245, 42.20273533345617], [-89.1126891946709, 42.202747047447716], [-89.11264510039439, 42.2027752911076], [-89.11262346204174, 42.202787001599575], [-89.11259647657539, 42.202800667045196], [-89.11257756138723, 42.202808451082085], [-89.1125559964002, 42.20282019014515], [-89.11253435755204, 42.2028319285253], [-89.11251551498955, 42.20283971321932], [-89.11247769227057, 42.20285926071416], [-89.11245874768615, 42.202870995932166], [-89.11243986831771, 42.20287880818508], [-89.11242099287834, 42.20288856874696], [-89.1123993872983, 42.20289830331185], [-89.11237781876473, 42.20290806702316], [-89.1123589070009, 42.20291782634053], [-89.11234002805546, 42.202925611571395], [-89.11232114912036, 42.20293339589894], [-89.112299581027, 42.20294313168979], [-89.11227528066615, 42.20295289637925], [-89.11225378172242, 42.20296065751177], [-89.11223221407366, 42.202970365384274], [-89.11221067412369, 42.202976149946096], [-89.11219117141943, 42.20299034954547], [-89.11217754476421, 42.203004137700106], [-89.11215590579893, 42.20301587510683], [-89.11213164683026, 42.20302758932238], [-89.11210731745915, 42.20304127907108], [-89.11208840636104, 42.203051066259256], [-89.11206952780738, 42.20305882353921], [-89.11204519797681, 42.203072539379406], [-89.11202362979438, 42.203082275117126], [-89.11200471790973, 42.20309203527479], [-89.11198318257995, 42.20309979512137], [-89.11196423736872, 42.203111558160785], [-89.11194263463413, 42.20312329676034], [-89.11192365609186, 42.20313706268138], [-89.11190474372644, 42.20314684982735], [-89.11188583347935, 42.20315658207059], [-89.11186423071503, 42.20316832065495], [-89.1118453183312, 42.20317810779086], [-89.11182643971048, 42.20318586502987], [-89.11180752852638, 42.203195652170535], [-89.1117858928627, 42.20320936662295], [-89.11176698045469, 42.20321915374561], [-89.11174803516795, 42.203230916748204], [-89.11172650020953, 42.20323864954028], [-89.11170223641945, 42.2032483874344], [-89.1116806681253, 42.20325812310606], [-89.11165913270025, 42.20326588289047], [-89.11163755973783, 42.20327364232558], [-89.11161602309166, 42.203281402090624], [-89.11159717727533, 42.203287184308216], [-89.11157564183047, 42.20329494407671], [-89.11155141132465, 42.203302679050076], [-89.11150836862198, 42.20331424735442], [-89.11148952325075, 42.20332000164866], [-89.11146802064866, 42.203325786413835], [-89.1114465501788, 42.20332956737546], [-89.11142672730507, 42.203331992315036], [-89.11140522470836, 42.203337776168155], [-89.11138371789443, 42.20334155768391], [-89.11136490492466, 42.20334536397996], [-89.11134616162423, 42.20334716681882], [-89.11130860310857, 42.20335080063563], [-89.11128716549372, 42.20335260658453], [-89.11126569202068, 42.203354384289824], [-89.11124428895253, 42.2033541873538], [-89.11122547252388, 42.20335601831], [-89.11120403956247, 42.20335979957129], [-89.11118259896067, 42.203359602278375], [-89.11115847304744, 42.203363304732], [-89.11113969250088, 42.20336516211338], [-89.11112094574501, 42.20336498959849], [-89.11109678093044, 42.203368773609554], [-89.11107261822298, 42.203372503616166], [-89.11105383858562, 42.20337430607279], [-89.11103240216725, 42.20337611198505], [-89.11101096498662, 42.2033778908769], [-89.11098945815198, 42.203381671418136], [-89.11096536122865, 42.20338144963679], [-89.11094126727929, 42.20338323107251], [-89.11092248762047, 42.203385034407724], [-89.11089566228841, 42.20338679069364], [-89.11087422631157, 42.20338856957101], [-89.11084474466104, 42.20339030139458], [-89.11081526347374, 42.20339200530512], [-89.11079651671189, 42.20339183273712], [-89.11076700215445, 42.20339554042317], [-89.11074018145715, 42.2033992720004], [-89.11071332320954, 42.20340300412598], [-89.11069188677305, 42.20340480997438], [-89.11067048248113, 42.20340461291997], [-89.11064805446748, 42.20341055376853], [-89.11062924145043, 42.20341435904295], [-89.110607805008, 42.20341616487554], [-89.11058098474312, 42.20341986941014], [-89.11055685323771, 42.20342165041924], [-89.11053810646865, 42.20342147780892], [-89.11051932678835, 42.20342328107784], [-89.11050058122976, 42.203423108472535], [-89.1104818010982, 42.20342493874052], [-89.11043899371457, 42.203424544560285], [-89.11041216880454, 42.20342627372752], [-89.11039073235274, 42.20342807951944], [-89.11037195268177, 42.203429881864], [-89.1103505495943, 42.203429684760934], [-89.11032638516221, 42.20343344160363], [-89.11030491580276, 42.20343722236144], [-89.11028340889351, 42.20344100366971], [-89.11026193830337, 42.20344478530844], [-89.11024053816314, 42.20344659140667], [-89.11022168879067, 42.20345039627933], [-89.11020294201516, 42.203450223614134], [-89.11018150600002, 42.203452002361544], [-89.11015999909387, 42.20345578274635], [-89.1101385947884, 42.2034555855925], [-89.11011443154547, 42.203459342401416], [-89.11009565184331, 42.203461145600706], [-89.11005550196943, 42.20346077575665], [-89.11003403137484, 42.20346455645228], [-89.10998849379853, 42.20346413695341], [-89.1099697499633, 42.203465967471864], [-89.10995093808702, 42.20346977354568], [-89.10993215377509, 42.2034696004904], [-89.10991072070291, 42.20347338150861], [-89.10989194099146, 42.20347518467444], [-89.10986774434562, 42.20348094431824], [-89.10984357941732, 42.203484728063835], [-89.10982480184175, 42.20348647541896], [-89.10980060305981, 42.20349228994792], [-89.10978175748603, 42.203498043959044], [-89.1097630148462, 42.203499874454664], [-89.10973881743418, 42.20350560615444], [-89.1097173480174, 42.20350938680154], [-89.10969853490315, 42.20351319282247], [-89.10967975517454, 42.20351499595332], [-89.10966090868305, 42.20352080395482], [-89.10964209556221, 42.203524609966394], [-89.10961948403494, 42.2035326889643], [-89.10959798166203, 42.20353844547057], [-89.10957381714701, 42.20354220215367], [-89.10954968678169, 42.203543982961165], [-89.10952552227688, 42.203547738733846], [-89.1095067425337, 42.20354954183618], [-89.10947988628178, 42.203553218771866], [-89.10945841515834, 42.20355702726435], [-89.10943967204251, 42.20355888471202], [-89.10941816550884, 42.20356263795154], [-89.10939935649736, 42.20356844715568], [-89.10937515902773, 42.20357417877802], [-89.10935631247665, 42.203579987629055], [-89.10932938482212, 42.2035856940752], [-89.10930522900479, 42.20359342926126], [-89.10928103151747, 42.20359916086348], [-89.10925686817252, 42.20360291749048], [-89.10923536114838, 42.20360669860078], [-89.10921655212262, 42.20361250687438], [-89.10919501215507, 42.20361826295829], [-89.10917350803994, 42.20362404727835], [-89.10915466192155, 42.20362982819044], [-89.10911703769686, 42.20363738424326], [-89.1090982265099, 42.20364324829683], [-89.1090740636035, 42.20364697697956], [-89.10905525041179, 42.20365078289398], [-89.10903650358408, 42.20365061003753], [-89.1090150006698, 42.20365639343854], [-89.10899352993562, 42.203660174838014], [-89.10897471673542, 42.20366398073911], [-89.10895320968974, 42.20366776089588], [-89.10892779153505, 42.20366928301159], [-89.10890100493576, 42.20367095725923], [-89.10887152265967, 42.20367271557862], [-89.1088447681055, 42.20367246884251], [-89.10881528581241, 42.2036742280476], [-89.10879381170481, 42.20367603319337], [-89.10875096664259, 42.203675638035186], [-89.10872946414541, 42.20368139437705], [-89.10870799506313, 42.20368514782853], [-89.10868648798034, 42.20368892883519], [-89.10866501433019, 42.20369070605135], [-89.10864358109723, 42.20369448773111], [-89.10861672262581, 42.20369821846259], [-89.10859797989691, 42.203700048766706], [-89.10857920008525, 42.20370185171633], [-89.10855234159219, 42.2037055833328], [-89.10853090499988, 42.20370738877536], [-89.10851212519937, 42.203709190813775], [-89.10846921492744, 42.2037127743283], [-89.10845047097975, 42.20371460459705], [-89.1084263409877, 42.20371635726169], [-89.10839951544301, 42.203718113861505], [-89.10837807930844, 42.20371989137001], [-89.10835122489925, 42.203725626171476], [-89.1083270607099, 42.203729354684775], [-89.10830828164268, 42.20373118460622], [-89.10828681085864, 42.20373496497241], [-89.10826799759609, 42.203738770756814], [-89.10824915136386, 42.2037445515187], [-89.10823037229014, 42.2037463814273], [-89.10820890148156, 42.20375016267896], [-89.10818736091353, 42.203755946477294], [-89.10816858610323, 42.20375969678085], [-89.10814977190994, 42.20376355745627], [-89.10813099161732, 42.20376538733732], [-89.10810958843207, 42.20376518981489], [-89.10808808175454, 42.203768942803194], [-89.10806937121947, 42.203768770123496], [-89.10805059137412, 42.203770572986144], [-89.10803181275352, 42.203772374956685], [-89.10801242823152, 42.20377057728601], [-89.10793478447599, 42.20376986063991], [-89.10791600464196, 42.20377166258031], [-89.10789722434097, 42.20377349242297], [-89.10787841558322, 42.20377927437002], [-89.10785960229934, 42.20378307918681], [-89.10784078899825, 42.203786884900666], [-89.1078220086908, 42.20378871473094], [-89.10780322884837, 42.20379051665277], [-89.1077845195194, 42.20379034393772], [-89.10776304579795, 42.20379212188447], [-89.10774430301946, 42.20379395204847], [-89.10772020475397, 42.20379372957253], [-89.10770142489245, 42.20379553237781], [-89.10768264578962, 42.20379736219635], [-89.10766383248927, 42.20380116698083], [-89.10765137404584, 42.203804537064094], [-89.107642328644, 42.20380692310597], [-89.10762351532348, 42.20381072878395], [-89.10760201221606, 42.203816512818015], [-89.10758040105145, 42.20382427113501], [-89.10756159587699, 42.203832083266775], [-89.10754271701627, 42.20383981188634], [-89.10752387023902, 42.20384561953307], [-89.10750233289438, 42.20385337941723], [-89.10748072745695, 42.203863113052925], [-89.10746185050849, 42.203872900690456], [-89.10744303717313, 42.203876705438276], [-89.10742806085825, 42.20388285131595], [-89.1074241578188, 42.203884461943325], [-89.1074026216748, 42.203892220919435], [-89.10738377485445, 42.20389802944292], [-89.10736220116851, 42.2039057880647], [-89.10734339279047, 42.20391154201751], [-89.1073192271065, 42.20391535223264], [-89.10730038072309, 42.20392113373705], [-89.10728153149357, 42.20392491111742], [-89.10726275566502, 42.20392871618196], [-89.10724394514324, 42.20393452501766], [-89.1072251317621, 42.20393833062949], [-89.10720631960456, 42.20394213534922], [-89.10718484867229, 42.20394591640764], [-89.10716606876721, 42.20394771822434], [-89.10714725537775, 42.2039515238233], [-89.10714052755881, 42.20395217472446], [-89.10712843868193, 42.203953353203666], [-89.10709088576259, 42.20396096416812], [-89.1070549622414, 42.20397273430889], [-89.10702807339479, 42.203980443766305], [-89.10702408154746, 42.20398084624111], [-89.10700929421988, 42.20398227347372], [-89.1069797791853, 42.20398598017919], [-89.10694760661407, 42.20398966142412], [-89.10692344178088, 42.203993417544815], [-89.10690196796968, 42.20399519532925], [-89.10688325858577, 42.203995022466536], [-89.10686444518123, 42.20399882711857], [-89.10684293788877, 42.20400260777687], [-89.10681881059249, 42.20400636332199], [-89.1067946804361, 42.20400811654167], [-89.10677320616539, 42.2040099213071], [-89.10675442905696, 42.20401372717673], [-89.1067302989113, 42.2040154794826], [-89.10671145199474, 42.2040212878944], [-89.10668728834722, 42.204025043976216], [-89.10666578434066, 42.20403079991619], [-89.10664162070204, 42.204034555088136], [-89.10661742326768, 42.20404025911819], [-89.10659588154343, 42.20404609752515], [-89.10656630041653, 42.20405375408239], [-89.10653672331244, 42.2040634147637], [-89.10651514946939, 42.20407117322413], [-89.10649364496555, 42.20407695703678], [-89.10647207111276, 42.20408471548898], [-89.10645326215194, 42.20409049629932], [-89.10643168544387, 42.20409625242356], [-89.10640749155706, 42.204103986645556], [-89.10639099481885, 42.20410908027332], [-89.10638475042545, 42.20410978601619], [-89.10636930451388, 42.20410975307442], [-89.10631040733091, 42.204109208618085], [-89.10627826769128, 42.204110914694844], [-89.10624346888308, 42.20411059298432], [-89.10620863583327, 42.20411224623122], [-89.10611490231125, 42.20411137959583], [-89.10609615818537, 42.20411320947759], [-89.10608429403135, 42.20411419815799], [-89.10607472184614, 42.20411498745342], [-89.10605058996852, 42.204116767509795], [-89.10602649280428, 42.20411654468788], [-89.10600771280446, 42.2041183472141], [-89.10598361442923, 42.20411812437197], [-89.10596217763384, 42.2041199293319], [-89.1059380474292, 42.20412168147037], [-89.10580150490149, 42.20412041868651], [-89.10576673913869, 42.20411812185244], [-89.10573466650932, 42.20411582200824], [-89.10571325875173, 42.20411364781121], [-89.10566236934613, 42.20411317709088], [-89.10563299059787, 42.20411090213687], [-89.10560626895213, 42.20410867876444], [-89.10558486165377, 42.20410647753835], [-89.10556349142259, 42.20410430456084], [-89.10554212165997, 42.20410210367401], [-89.1055226347589, 42.20409983737347], [-89.10549856991511, 42.204097611545464], [-89.105479856031, 42.204095463127594], [-89.10543704826394, 42.20409506707576], [-89.10541298463603, 42.20409284124106], [-89.10538891934718, 42.2040906423953], [-89.10536216184984, 42.20408839162496], [-89.10533812962319, 42.20408421778997], [-89.105316759876, 42.204082016861314], [-89.10529266273072, 42.2040817938854], [-89.10527394887401, 42.20407964453389], [-89.10525257792011, 42.204077443582115], [-89.10523120771136, 42.20407527054293], [-89.10521249431093, 42.20407309417624], [-89.10519115765051, 42.20406891734558], [-89.10517247733222, 42.20406476509373], [-89.10515109867652, 42.2040586125825], [-89.10512986494426, 42.20405045821436], [-89.10511121816835, 42.20404430306879], [-89.10508728823936, 42.204034093536194], [-89.1050659837634, 42.20402799571438], [-89.10504471252, 42.20401984098328], [-89.1050207486234, 42.20401166132593], [-89.10500203080106, 42.20400750869921], [-89.10498073048404, 42.204003333066105], [-89.1049593898681, 42.203997152961584], [-89.10493535936709, 42.20399295204885], [-89.10491143136477, 42.203984799710284], [-89.10488739967614, 42.20398059787621], [-89.10486602552177, 42.20397642153834], [-89.10484468891788, 42.20397224464377], [-89.10482597556235, 42.20397006821448], [-89.10480467203841, 42.20396391633424], [-89.10477794649817, 42.2039596895387], [-89.10475391926931, 42.20395746390277], [-89.1047352054542, 42.20395531536411], [-89.10471649331852, 42.20395313892827], [-89.10469246120331, 42.203948964058775], [-89.10467374831268, 42.20394676059961], [-89.1046523450902, 42.20394656243145], [-89.10463266627178, 42.203940287814504], [-89.10461132968118, 42.203936111776976], [-89.10459261634509, 42.20393393530982], [-89.10456582096096, 42.20393171101232], [-89.10453381910717, 42.20392743530302], [-89.10450975390017, 42.203925237173955], [-89.10448303282969, 42.20392298653594], [-89.10446162518478, 42.203920812106446], [-89.10444028816022, 42.203916663042456], [-89.10442153896695, 42.203914459205976], [-89.10440020563394, 42.20391225844385], [-89.10437883063156, 42.203908136026115], [-89.10435476590546, 42.203905909959325], [-89.1043333971761, 42.203903653937935], [-89.10431471604531, 42.20389955645795], [-89.1042906525357, 42.20389733038899], [-89.10427193875552, 42.20389518177509], [-89.10424791157101, 42.20389295603361], [-89.10422118610035, 42.20388872910905], [-89.10419978290061, 42.20388853085667], [-89.10418110270344, 42.20388437844456], [-89.10416238893116, 42.203882229812876], [-89.10414105240788, 42.20387805278821], [-89.1041223011065, 42.20387590380235], [-89.10410093423349, 42.203875705868036], [-89.1040635071841, 42.20387137977006], [-89.10403941012864, 42.20387115653177], [-89.10401534664064, 42.203868930405264], [-89.10398593008802, 42.20386668168863], [-89.10395651916441, 42.2038664092014], [-89.1039297606085, 42.20386415808723], [-89.10390303911934, 42.20386193521992], [-89.10385750134799, 42.203861513284075], [-89.10383347419251, 42.20385928745607], [-89.10381380569638, 42.20385688233522], [-89.10377365444282, 42.20385651027852], [-89.10375231703475, 42.203852388092436], [-89.10373090942637, 42.203850214427256], [-89.10370418841882, 42.20384796360842], [-89.1036747730993, 42.20384571482343], [-89.10364535823479, 42.203843439025775], [-89.10362395384358, 42.20384324065491], [-89.10360524011925, 42.20384109103247], [-89.10358387052061, 42.20383888978245], [-89.10356512046224, 42.20383674071702], [-89.10354640993458, 42.20383656729939], [-89.10352772979765, 42.20383241478151], [-89.10350636020489, 42.20383021351711], [-89.1034876464737, 42.20382806477571], [-89.10346896634329, 42.20382391224831], [-89.10344490289565, 42.20382168600254], [-89.10342618918433, 42.20381953635102], [-89.10340481792117, 42.20381736296188], [-89.1033860710785, 42.20381718918146], [-89.10335935009873, 42.203814938282584], [-89.10333794692984, 42.20381473986968], [-89.10331923322457, 42.20381259020077], [-89.10329985695003, 42.20381038036762], [-89.10327858602801, 42.2038022244119], [-89.1032545557192, 42.20379802314897], [-89.10323584202196, 42.20379587346654], [-89.10320915418171, 42.203791647555455], [-89.10318242882782, 42.20378742039004], [-89.10315840172699, 42.20378519442118], [-89.1031370277738, 42.203781016862806], [-89.10311834766621, 42.203776865178845], [-89.10309694451186, 42.203776666721126], [-89.10307557450147, 42.20377449238199], [-89.10305682767348, 42.20377431854791], [-89.1030381475734, 42.20377016685097], [-89.10301940074692, 42.203769993010795], [-89.10299806387277, 42.20376584368003], [-89.10297669358026, 42.203763614400806], [-89.10295798035652, 42.2037614376681], [-89.10293926575989, 42.203759342847995], [-89.10291520235758, 42.20375711649154], [-89.10289379800058, 42.20375691798477], [-89.10287512051697, 42.20375268345685], [-89.10285640591084, 42.203750589523445], [-89.1028377258466, 42.203746436893894], [-89.10281638825042, 42.20374225961298], [-89.10279767624974, 42.203740082865465], [-89.10277892503909, 42.20373793366089], [-89.10276031883791, 42.20373378170384], [-89.10273894491462, 42.203729604971905], [-89.1027016223495, 42.20372130001997], [-89.10268024843451, 42.20371712327716], [-89.10266157231483, 42.20371497384965], [-89.10264289225933, 42.203710822088766], [-89.10262151836704, 42.20370664443494], [-89.10260284270582, 42.20370446799276], [-89.10258416267257, 42.203700315322216], [-89.1025654826267, 42.203696163548834], [-89.1025467689851, 42.20369401375453], [-89.10254922937396, 42.203707950001174], [-89.102554113395, 42.203735848262234], [-89.10256188858189, 42.20374977799541], [-89.10257504870609, 42.20376392334162], [-89.10258551730513, 42.20377790506925], [-89.10259063524173, 42.20379186596863], [-89.102595789049, 42.203805854209875], [-89.1026062571911, 42.20381986384098], [-89.1026248373493, 42.2038299702446], [-89.10262531819448, 42.203830179976315], [-89.10263442395541, 42.2038341663981], [-89.10264341313831, 42.203838100419986], [-89.10266480040934, 42.203842277293504], [-89.10268346491247, 42.20384439960341], [-89.10270217815027, 42.20384657638107], [-89.1027235511889, 42.20385080803068], [-89.10274495436568, 42.203851006558345], [-89.10276363490732, 42.20385513219804], [-89.10280102433244, 42.20385945747082], [-89.10281970442729, 42.20386361010663], [-89.10283838453975, 42.20386776183923], [-89.10285706463961, 42.203871914468984], [-89.10287567800383, 42.20388004495525], [-89.10289425384039, 42.20388817509044], [-89.10290475957956, 42.203902185943264], [-89.10290452620595, 42.20391609629931], [-89.10289624709337, 42.20392995994743], [-89.10287730044391, 42.20394169355697], [-89.10285835331923, 42.203953455068614], [-89.10283947685632, 42.2039632419481], [-89.1028205633384, 42.20397299967078], [-89.10280164933137, 42.20398278619576], [-89.10278004193515, 42.20399251892584], [-89.10275853834246, 42.203998302045946], [-89.10273962478668, 42.204008060655134], [-89.10271543049929, 42.2040157940937], [-89.10269119820528, 42.204023555084255], [-89.10266965874068, 42.20402930994521], [-89.10265081192992, 42.20403508978014], [-89.10262923763602, 42.20404284750439], [-89.10260855415235, 42.2040483933192], [-89.10260777080312, 42.20404860302743], [-89.10258892396605, 42.20405438375222], [-89.10256742035068, 42.20406016593582], [-89.10254860666711, 42.204063970776915], [-89.10252982661076, 42.204065771832546], [-89.1025242824478, 42.20406631190188], [-89.10251104608507, 42.20406760079043], [-89.10248960846374, 42.20406937808403], [-89.102470929542, 42.20406522540541], [-89.10244959184942, 42.204061048955744], [-89.10242552789884, 42.204058849500704], [-89.10240684775873, 42.20405469770066], [-89.10238816763625, 42.20405054499745], [-89.10236943183193, 42.204043361324636], [-89.10236689673997, 42.204042389773555], [-89.10234556028811, 42.20403821241575], [-89.10230820004865, 42.20402990788664], [-89.10228693084898, 42.204021724754], [-89.1022682838985, 42.20401559705476], [-89.10224967012141, 42.20400749347571], [-89.10223102363217, 42.20400133876531], [-89.10220975353042, 42.20399321052903], [-89.10220937591802, 42.203993126896954], [-89.10219107343951, 42.20398905779399], [-89.10217256054169, 42.20397494645696], [-89.10215943494342, 42.20396091122361], [-89.10215844753971, 42.20395913834886], [-89.10215162488919, 42.203946898311486], [-89.1021384613003, 42.203932890632814], [-89.1021226435193, 42.203918803400164], [-89.10210883902985, 42.20390344560417], [-89.10209022984392, 42.20389723539775], [-89.10206885499049, 42.20389311345141], [-89.10202870494747, 42.20389274079495], [-89.1020098922204, 42.20389648973731], [-89.1019910408568, 42.20390037606569], [-89.10197223470094, 42.203908132351174], [-89.10195069400258, 42.20391388706567], [-89.10193181351507, 42.2039216705642], [-89.10191027670732, 42.20392942850119], [-89.10188860506805, 42.2039451430394], [-89.1018669638979, 42.20395687937802], [-89.10184525590167, 42.20397259447072], [-89.10182897409581, 42.20398830411418], [-89.10180999267563, 42.20400209533702], [-89.10178293760112, 42.204019736061326], [-89.10176927484359, 42.20403552583048], [-89.1017529881867, 42.20404928714293], [-89.1017339739994, 42.20406502722398], [-89.1017202780486, 42.20408279196319], [-89.10169836952008, 42.2041104415006], [-89.10168743693009, 42.20412625570797], [-89.10166745216954, 42.20413828198284], [-89.10164860958217, 42.20414603787645], [-89.10162979583606, 42.20414984166567], [-89.10161101526248, 42.20415167047556], [-89.10158688371841, 42.20415342258602], [-89.10156271539759, 42.20415520135925], [-89.10154397280697, 42.204157003501514], [-89.101522535889, 42.204158807630044], [-89.10149840435528, 42.20416055882168], [-89.10147424036813, 42.20416431380101], [-89.10145280270409, 42.20416608999992], [-89.10142325363873, 42.2041717981521], [-89.1014017503352, 42.20417755311025], [-89.10137761832266, 42.20417933218164], [-89.10135345432171, 42.20418308713535], [-89.1013319466742, 42.204186865855505], [-89.10131047533095, 42.204190645809156], [-89.10128903884961, 42.204192422888696], [-89.10127022506934, 42.204196226618485], [-89.10125144447282, 42.204198055369226], [-89.10123000798757, 42.20419983243771], [-89.10111490631564, 42.204198763229876], [-89.1010968511929, 42.20419971909008], [-89.10108273019868, 42.20420046751117], [-89.10103187833252, 42.20419999508458], [-89.10101239342413, 42.20419761819833], [-89.1009936796776, 42.2041954690499], [-89.10097496640142, 42.204193291993136], [-89.10094558469761, 42.204189039626534], [-89.10091882565803, 42.20418681571501], [-89.10088944828152, 42.204184539558746], [-89.1008627556724, 42.20417836388239], [-89.10083872633015, 42.20417410630315], [-89.10081469391926, 42.20416995942873], [-89.10077208848925, 42.204157598371275], [-89.10075347797239, 42.20415147076462], [-89.10073479526946, 42.20414531547477], [-89.10072535964491, 42.20413812162721], [-89.10071365833963, 42.204129202433], [-89.10069238453545, 42.2041190706875], [-89.10067380892153, 42.20411094019844], [-89.10065250191032, 42.204102784321385], [-89.1006338218945, 42.20409863133361], [-89.10059114797176, 42.20409027686038], [-89.10056715143524, 42.204084071254364], [-89.10054847049237, 42.204079974063404], [-89.10052713553208, 42.20407571445296], [-89.10050842093135, 42.20407361923618], [-89.10048708338786, 42.204069441522684], [-89.10046837016789, 42.2040672643838], [-89.10044157487681, 42.20406504002401], [-89.10041492467087, 42.2040608129125], [-89.10038547615885, 42.20406053915981], [-89.10035606133019, 42.204058262518856], [-89.1003346901037, 42.20405608855803], [-89.1003159768934, 42.2040539113944], [-89.10029357431279, 42.20405164500903], [-89.10027216844915, 42.20404944280488], [-89.10025076401188, 42.20404924380384], [-89.10022670015151, 42.20404704388839], [-89.1001973185694, 42.204042791331354], [-89.10017857167962, 42.204042617026026], [-89.10014919008788, 42.204038365356865], [-89.1001305132116, 42.20403618850084], [-89.10010375549477, 42.2040339635112], [-89.10007969088947, 42.20403173654864], [-89.10005562702727, 42.20402953749762], [-89.10003425629134, 42.204027335575724], [-89.10001288631338, 42.20402516066625], [-89.09999417267001, 42.20402301045547], [-89.09997542578732, 42.204022836117005], [-89.09995136240205, 42.204020609138865], [-89.09988711401574, 42.20402001161798], [-89.09986301263298, 42.20401781217759], [-89.09976935208725, 42.20401694103447], [-89.09974263116911, 42.204014689293544], [-89.0996783840039, 42.20401409166708], [-89.09963025559998, 42.20400966457528], [-89.09960353422089, 42.20400744070735], [-89.0995312405836, 42.204006768142484], [-89.09950441640764, 42.204008493863334], [-89.09947762808244, 42.20401024782115], [-89.09938928143424, 42.20400942580812], [-89.09936976119502, 42.204011385116225], [-89.09935098534709, 42.204015161874736], [-89.09933224107716, 42.20401699064924], [-89.09931073337351, 42.20402076898976], [-89.09928933016334, 42.20402056982071], [-89.09926516489774, 42.204024324322575], [-89.099238377015, 42.20402605121922], [-89.09921686623036, 42.20402785422933], [-89.09919273850564, 42.20403160816498], [-89.09916860695095, 42.20403335976643], [-89.0991444792215, 42.204037113691854], [-89.09912297148536, 42.20404089289712], [-89.09910146755668, 42.204046675327554], [-89.09907730349666, 42.20405042890067], [-89.09905579881986, 42.204056183405896], [-89.099036917944, 42.204063966423156], [-89.09901272060316, 42.20406969585725], [-89.09898583151676, 42.20407743133412], [-89.09896163250087, 42.204083187751166], [-89.09894278580323, 42.2040889399676], [-89.09892121105148, 42.20409669698893], [-89.0988970162808, 42.204104429616216], [-89.09886746749771, 42.204110109202404], [-89.09884054251002, 42.204117817301494], [-89.09881627645753, 42.20412755244181], [-89.09878938779342, 42.20413525996668], [-89.09876515667061, 42.20414299222758], [-89.09873554084464, 42.20415265053358], [-89.09871134223313, 42.20415837989208], [-89.09868445307359, 42.20416611529731], [-89.09865214289916, 42.20417577550407], [-89.09861983362484, 42.204185381691374], [-89.09859287790555, 42.20419706702334], [-89.0985606044786, 42.20420670053704], [-89.09852560463932, 42.20421831184609], [-89.09849325991705, 42.204229947870495], [-89.09845826005292, 42.20424155915866], [-89.0984313375544, 42.20425126947781], [-89.09840444545976, 42.204256946677084], [-89.09838028035593, 42.20426075501226], [-89.09836049721459, 42.20426293137576], [-89.09834161575381, 42.20427074038155], [-89.09832280084294, 42.2042745994361], [-89.09830402107326, 42.20427637279256], [-89.09828255075664, 42.20428015128799], [-89.09825841861577, 42.20428193060179], [-89.0982315968663, 42.20428565924076], [-89.0982021149746, 42.20428736080055], [-89.09817798405497, 42.20428913920846], [-89.09815119180094, 42.204288889625786], [-89.09812440379645, 42.20429061536041], [-89.09810562309175, 42.204292443594646], [-89.09808408615882, 42.204300173800796], [-89.0980652721498, 42.204303977902434], [-89.09804380181048, 42.20430775635288], [-89.09801963636667, 42.204311510590045], [-89.09797659106582, 42.20432304677321], [-89.09793889597084, 42.20433463279058], [-89.09791476805887, 42.20433838645498], [-89.0978932601516, 42.20434216542744], [-89.09786906215044, 42.20434792162275], [-89.0978475577224, 42.20435364889362], [-89.0978180082638, 42.20435935611209], [-89.09779115269335, 42.204365087526305], [-89.0977695776953, 42.20437284522812], [-89.09774807400564, 42.204378599496515], [-89.09772918867037, 42.204384405171425], [-89.09771047922739, 42.20438423081138], [-89.09769095182881, 42.204384378339334], [-89.09767217154054, 42.20438617949702], [-89.09758651951016, 42.2043853812073], [-89.09756777508562, 42.20438720969149], [-89.09754364458341, 42.20438896006], [-89.09752220372863, 42.20438876021], [-89.09750342297947, 42.20439058834508], [-89.09747932878128, 42.20439233993876], [-89.09745778705646, 42.20439812170774], [-89.09743897299795, 42.204401924805644], [-89.09741753635143, 42.20440370115948], [-89.09739340415811, 42.20440547939024], [-89.09737459128932, 42.204409283388955], [-89.09735311966499, 42.20441306169789], [-89.0973342731988, 42.2044187857416], [-89.09729126310114, 42.20443037691411], [-89.09726709877988, 42.20443413100289], [-89.09724555749293, 42.204439884826336], [-89.09722678346725, 42.2044456923564], [-89.0972051387556, 42.20445542368526], [-89.09718629086699, 42.20446123052001], [-89.09716744598352, 42.20446901266346], [-89.09714800568155, 42.20447497872512], [-89.09712643433207, 42.204484738632765], [-89.0971022016685, 42.20449247052677], [-89.09707265255255, 42.20449814964632], [-89.09704845319469, 42.20450390655568], [-89.09702964328127, 42.204509685809015], [-89.09701072870895, 42.204519443460846], [-89.09698915358071, 42.2045272001138], [-89.09697037697481, 42.20453100438419], [-89.09695152905806, 42.20453681027959], [-89.09693271491439, 42.20454061419368], [-89.09691113976963, 42.20454837083176], [-89.09686813089164, 42.204559879927956], [-89.0968492158242, 42.20456966455773], [-89.0968303695516, 42.20457544343909], [-89.09679264328938, 42.204591008165224], [-89.0967736948753, 42.204602767755176], [-89.09675212388146, 42.20461250058596], [-89.09673051489253, 42.20462226006758], [-89.09671163777409, 42.2046320180191], [-89.09669002830145, 42.20464180539816], [-89.09667118123828, 42.20464755723653], [-89.09665230411848, 42.20465731427788], [-89.09663335564359, 42.204669074744146], [-89.09661178041934, 42.20467683132481], [-89.09659020769416, 42.20468659201843], [-89.09657391975811, 42.20470035257921], [-89.09655763302571, 42.20471411314888], [-89.09654400049311, 42.20472795429822], [-89.09652515414638, 42.20473373312845], [-89.09650623990157, 42.20474346278979], [-89.09648735851495, 42.204751245380535], [-89.09646844631897, 42.20476300525742], [-89.09644953232552, 42.20477279073101], [-89.09643065093854, 42.20478057241203], [-89.09640330034908, 42.204803559655616], [-89.09640125870942, 42.204807577602615], [-89.0963687085171, 42.20481821716396], [-89.0963441110097, 42.20482789376679], [-89.09632397110306, 42.20483591037176], [-89.09630156927312, 42.204842342924564], [-89.09627479483504, 42.20485199919786], [-89.0962546261897, 42.20486171711133], [-89.09623449386048, 42.20487143536012], [-89.09620982365273, 42.2048811121558], [-89.09618746833995, 42.20488916298029], [-89.09614266409667, 42.204908584991784], [-89.09612027289961, 42.204916608458824], [-89.09609576722318, 42.204922993425654], [-89.0960711247749, 42.20493102378055], [-89.09604656350155, 42.204940700657374], [-89.09602642305101, 42.20494874511437], [-89.09600345951277, 42.20495566573634], [-89.09596317644844, 42.20497180953034], [-89.09594084081424, 42.20497654014112], [-89.09591848541928, 42.204984591812405], [-89.09589840009244, 42.20498937043098], [-89.09587825960806, 42.20499741486151], [-89.09585593246, 42.20500379310506], [-89.09583357658883, 42.20501187176463], [-89.09580681203192, 42.205016561001436], [-89.09577999017334, 42.20502457094637], [-89.09575547713439, 42.20502930820132], [-89.09573086971446, 42.205037338809795], [-89.09570851474345, 42.2050453625343], [-89.09568615931067, 42.20505341325945], [-89.09566604611915, 42.20505983914716], [-89.09564592458568, 42.20506453635528], [-89.09562366136794, 42.205069349508584], [-89.09560357643394, 42.20507410197001], [-89.0955812112429, 42.20508050681395], [-89.09555882796828, 42.20509020392402], [-89.09553871475255, 42.20509662978908], [-89.09551857373324, 42.20510470116046], [-89.0954917893352, 42.20511271138753], [-89.0954862991395, 42.205114277075005], [-89.09546942580181, 42.20511908831542], [-89.09544933113968, 42.20512219308876], [-89.09540035978675, 42.205128349414444], [-89.09538032924405, 42.20512980900504], [-89.09535800247251, 42.20513615924516], [-89.09533345135593, 42.20514092396366], [-89.09530890873786, 42.20514733542608], [-89.09528218160521, 42.20515202579001], [-89.09525981682688, 42.20515840266528], [-89.09521960887305, 42.205167933210014], [-89.09519958923508, 42.20517103954063], [-89.09518085748198, 42.20517432175527], [-89.0951608003071, 42.205177427728444], [-89.09514076974423, 42.20517888727696], [-89.09512071210969, 42.20518202024816], [-89.09510068275534, 42.20518347980096], [-89.09508062558913, 42.20518658485988], [-89.09503840807461, 42.205186190439214], [-89.0950183775066, 42.20518764996626], [-89.09499834814848, 42.205189109501134], [-89.09497831787658, 42.20519062304266], [-89.09495826114382, 42.20519370197516], [-89.09493823179783, 42.20519516059932], [-89.09491373599198, 42.205196578386435], [-89.09488706447368, 42.20519797583825], [-89.09488631881462, 42.205198030992264], [-89.09486703465322, 42.20519946235521], [-89.09484472639575, 42.20520249231932], [-89.09482248164578, 42.20520398604079], [-89.09479799554921, 42.20520704966332], [-89.09477793789002, 42.20521018257428], [-89.09473772981902, 42.20521971384896], [-89.09471100263143, 42.20522440317873], [-89.09468418176195, 42.20523241287582], [-89.09466412335055, 42.205235517850156], [-89.09464401000099, 42.20524194355661], [-89.09462171002865, 42.20524670215276], [-89.09459941052492, 42.20525143283926], [-89.09457256133425, 42.205261115924536], [-89.09454801952432, 42.20526747231227], [-89.09452793445051, 42.205272224583524], [-89.09450560663322, 42.20527862866614], [-89.0944855493946, 42.205281734520426], [-89.09446102598687, 42.20528485354141], [-89.09444088449186, 42.2052928697994], [-89.09442071543042, 42.205302587384836], [-89.094398359276, 42.20531066576096], [-89.09437599555156, 42.20531704337355], [-89.09435738397443, 42.205317582427504], [-89.09433729841435, 42.20532236167005], [-89.0943171842663, 42.20532875940186], [-89.0942769017565, 42.20534490260627], [-89.09425449034562, 42.205356245867286], [-89.09423437691744, 42.205362671500865], [-89.0942119376438, 42.20537566116266], [-89.09418952575378, 42.205387031415746], [-89.09416704892917, 42.205400020717555], [-89.0941468797771, 42.205409739153936], [-89.094124412633, 42.20542437430718], [-89.09410422362878, 42.205437412898995], [-89.09408839985599, 42.20545211016652], [-89.09407035991362, 42.2054668155179], [-89.09405010719631, 42.205481471363925], [-89.0940342829126, 42.20549619742901], [-89.0940184675773, 42.20551254143517], [-89.09400042761668, 42.205527245874855], [-89.09398685457136, 42.20554196507676], [-89.09397324352943, 42.20555671093099], [-89.0939596700145, 42.20557145713452], [-89.09394157476795, 42.205589427377525], [-89.09392132150941, 42.20560411110495], [-89.0939010965557, 42.20561712141454], [-89.09387862926614, 42.20563175741777], [-89.0938598527895, 42.20564203621796], [-89.09383965565482, 42.20565340100748], [-89.09381942975477, 42.20566646531233], [-89.09379917568965, 42.20568112200099], [-89.09377903425273, 42.205689193961604], [-89.09373875137888, 42.20570533697184], [-89.09371858300909, 42.20571499952008], [-89.0936983469216, 42.20572644494817], [-89.09367591753725, 42.20574105425648], [-89.09365350542272, 42.20575242440154], [-89.09363333534209, 42.20576211482828], [-89.0936131938587, 42.20577018675914], [-89.09359291260128, 42.205786516835424], [-89.09357266012874, 42.20580114558881], [-89.09355243411164, 42.20581421074526], [-89.09353227274838, 42.20582560192382], [-89.0935120663034, 42.205835291988805], [-89.09349186906059, 42.20584665581515], [-89.0934694488639, 42.20585635306975], [-89.09344925039605, 42.20586771687706], [-89.0934268665235, 42.205877413562824], [-89.09340445477375, 42.20588875665282], [-89.09338207088703, 42.205898453329645], [-89.09336187360103, 42.20590981713248], [-89.09333943302659, 42.20592286152839], [-89.09331923618242, 42.20593419831844], [-89.09329451784376, 42.205948813141084], [-89.09327647759135, 42.20596351746246], [-89.09325843899853, 42.205978194787136], [-89.09324207569784, 42.205991981173554], [-89.0932219624249, 42.20599837962035], [-89.0931995505961, 42.206009722669165], [-89.09317932490853, 42.20602275985245], [-89.09315912754687, 42.206034123618466], [-89.09313892896722, 42.2060454873695], [-89.09312085231316, 42.206060192225635], [-89.09309842269363, 42.20607480051714], [-89.09307598200697, 42.20608784485986], [-89.0930601566225, 42.20610254196797], [-89.09303987511655, 42.20611887194267], [-89.09302627384054, 42.20613523743382], [-89.09301267210017, 42.20615162992829], [-89.09299460431583, 42.206167952706586], [-89.09298100256015, 42.20618434519703], [-89.0929779526372, 42.20618710581188], [-89.09296293549646, 42.206200695886615], [-89.09294262484039, 42.20621867224021], [-89.09292458609752, 42.206233349510015], [-89.09290651900527, 42.20624970019024], [-89.09289070197967, 42.206266044022016], [-89.09287487723034, 42.20628076991981], [-89.09285908928453, 42.20629546734999], [-89.09284102094676, 42.20631181800799], [-89.09282923136364, 42.20632581281053], [-89.09281337750329, 42.206342184196124], [-89.0927975611685, 42.2063585559308], [-89.09277949446493, 42.20637487958481], [-89.09275697043117, 42.20639283428169], [-89.09274333103133, 42.206409226390655], [-89.09272532851092, 42.20642390396758], [-89.09270947580973, 42.20644027534928], [-89.09269590105721, 42.206454994379094], [-89.0926822916587, 42.20646968517321], [-89.09266644643759, 42.20648775820709], [-89.092639260105, 42.20651722291907], [-89.09262790197604, 42.20653190687713], [-89.09261429911616, 42.206548354231366], [-89.09258711394382, 42.20657781894143], [-89.0925712320645, 42.20659583669946], [-89.09255765845691, 42.206610555723096], [-89.09254184198844, 42.20662692742023], [-89.09252820248189, 42.206643319501744], [-89.09251681426889, 42.20665970475487], [-89.09250545466723, 42.20667447241547], [-89.09249630884321, 42.206689231996975], [-89.09248491123984, 42.20670402630891], [-89.09247109382625, 42.20671783732562], [-89.09245305437379, 42.206732541522186], [-89.09243496754685, 42.206752185279754], [-89.09240326108232, 42.20678490003858], [-89.09237609331292, 42.20681768520769], [-89.09236469658846, 42.206832424596485], [-89.09235333618199, 42.2068471643243], [-89.09233969778937, 42.20686355639301], [-89.09232613157869, 42.20687997614547], [-89.0923147074044, 42.2068963340315], [-89.0923010398802, 42.2069143724917], [-89.09228965229673, 42.20693078563684], [-89.09227139751415, 42.20696033391825], [-89.09225993484624, 42.20697674635696], [-89.09225083487648, 42.20699315301653], [-89.09223943763313, 42.20700791939684], [-89.09222807837628, 42.207022659122416], [-89.09221666118317, 42.20704074566099], [-89.09219837046835, 42.20707026658417], [-89.09218920576932, 42.207088347210934], [-89.09218003143413, 42.20710478107752], [-89.0921686442573, 42.20712116630414], [-89.09215946991189, 42.207137600168885], [-89.09215032392358, 42.20715236062013], [-89.09214093213272, 42.20716640482111], [-89.0921295444615, 42.20718281794864], [-89.09211809134491, 42.20720087713093], [-89.09210451629, 42.20721559608539], [-89.09209315650611, 42.207230362801376], [-89.0920772185233, 42.2072516724005], [-89.09206137765985, 42.207268037498274], [-89.09204777208285, 42.20728605580007], [-89.09203862558883, 42.20730084324649], [-89.09203166618327, 42.207317269942486], [-89.09202480629796, 42.20733889866765], [-89.0920222692796, 42.20734690117146], [-89.0920153093915, 42.20736335577145], [-89.09200841373146, 42.20737816430372], [-89.09200594879654, 42.20739298733899], [-89.09199655065812, 42.20742261855387], [-89.09198961866335, 42.20743742674441], [-89.09198491006987, 42.20745387542623], [-89.09197797806881, 42.207468683615936], [-89.09197323316143, 42.20748513105662], [-89.09196855320694, 42.207499961246654], [-89.09196162166987, 42.207514741529934], [-89.09195909188817, 42.20752895984751], [-89.09195213148976, 42.20754544234793], [-89.09194290241567, 42.20756516901899], [-89.09193595136851, 42.20758324245557], [-89.09192680480429, 42.20759802989156], [-89.09191757571436, 42.20761775656025], [-89.09191064415202, 42.20763253683986], [-89.09190368420221, 42.20764899143157], [-89.09189678967932, 42.20766380086727], [-89.09188761565551, 42.20768020680182], [-89.09187619870153, 42.20769826629696], [-89.0918714532763, 42.207714741637496], [-89.09185310593328, 42.207747581417685], [-89.09184621017663, 42.207762390838475], [-89.091839251406, 42.20777884543691], [-89.09183010526334, 42.20779360495888], [-89.09182542451353, 42.20780840722507], [-89.09182070697976, 42.207823236155676], [-89.09181599952265, 42.20783968483999], [-89.0918112528597, 42.207856160165996], [-89.09180875948621, 42.207872656607385], [-89.09180629328753, 42.20788747872485], [-89.09180382707238, 42.207902301742365], [-89.0918013324841, 42.207918798172074], [-89.09179437247306, 42.207935252755654], [-89.09179187909166, 42.207951749196354], [-89.0917893474212, 42.207968218268825], [-89.09178909529106, 42.20798308904373], [-89.0917866302785, 42.2079979120719], [-89.09178194904464, 42.20801274134057], [-89.09177501693263, 42.208027549515315], [-89.09176805737542, 42.20804397619158], [-89.09176109734138, 42.20806043077253], [-89.09175647161484, 42.208076413858514], [-89.0917450824657, 42.20809282693096], [-89.09173372291056, 42.20810756570114], [-89.09172236212403, 42.20812230535891], [-89.09170873169603, 42.20814034409156], [-89.09169509164239, 42.20815673606352], [-89.09168594539479, 42.20817149647222], [-89.09168126533459, 42.208186325747256], [-89.09167879907719, 42.20820114876085], [-89.09167405356047, 42.208217624090786], [-89.09167158731529, 42.20823244620396], [-89.09166912058042, 42.208247297122405], [-89.09166833665277, 42.20829352794493], [-89.09167029951095, 42.20830839246876], [-89.09166895586581, 42.20838763154661], [-89.09167091874187, 42.208402495170084], [-89.09167291840089, 42.208417332128874], [-89.0916726657663, 42.20843223080724], [-89.0916768148199, 42.20844878949813], [-89.09167625512043, 42.20848179685329], [-89.09167378839102, 42.20849664687092], [-89.0916690428493, 42.20851312219954], [-89.09166670072504, 42.20852712259097], [-89.09166870159721, 42.20854195956092], [-89.09166760917228, 42.20860638277307], [-89.09166957205373, 42.20862124639605], [-89.09167371990706, 42.2086378050753], [-89.09167793367354, 42.20865269069416], [-89.09167980392523, 42.20867087469559], [-89.09168401723726, 42.208685787319205], [-89.09168373761615, 42.20870227749365], [-89.09169237841418, 42.20871725862113], [-89.09169877932209, 42.20873378349599], [-89.09170517930217, 42.20875036328071], [-89.09171376594607, 42.208768610226784], [-89.09172015677309, 42.208783516246896], [-89.0917287713424, 42.2088001167849], [-89.09173168887666, 42.208834885322965], [-89.09173353175983, 42.20884154328687], [-89.09173324889896, 42.20885822519686], [-89.09173746674057, 42.20887508613326], [-89.09173718342251, 42.208891795048224], [-89.09173917891272, 42.20890687955114], [-89.091743462862, 42.20892198460024], [-89.09174770880479, 42.20893711720259], [-89.0917542078001, 42.20895221600035], [-89.0917584265688, 42.208969022925764], [-89.09176042208139, 42.208984106528014], [-89.09175903153718, 42.2090661163153], [-89.09175649683642, 42.209082832040586], [-89.09175621259025, 42.20909959586531], [-89.0917581797163, 42.209116353779365], [-89.0917600821445, 42.20913478476485], [-89.09176211518205, 42.20914986961863], [-89.09176408185303, 42.20916665453753], [-89.09176841841962, 42.209180800346864], [-89.09176501207014, 42.209381695286744], [-89.09176925925743, 42.20939682789888], [-89.09176900431682, 42.20941186340067], [-89.09177099982841, 42.209426947901925], [-89.09177293980342, 42.209445379238126], [-89.09177943718565, 42.20946050502749], [-89.09178369493196, 42.209477229487305], [-89.09179007740539, 42.2094991326389], [-89.0917942966902, 42.20951591165676], [-89.09179847844148, 42.209532690322646], [-89.09180498498536, 42.20954949077424], [-89.09181145520775, 42.20956629088505], [-89.09181128903253, 42.20958044851505], [-89.09181103362712, 42.20959551192177], [-89.09181302962675, 42.209610568516815], [-89.09181500547025, 42.20962902809752], [-89.09181925315802, 42.20964413280228], [-89.09182349916375, 42.20965926540072], [-89.09182774684014, 42.20967437100531], [-89.09183010435443, 42.20968374822621], [-89.09183196493483, 42.20969115001015], [-89.09183390493405, 42.20970958134479], [-89.09183812304778, 42.20972635944916], [-89.09184237073183, 42.20974146505313], [-89.09184440380548, 42.20975654990434], [-89.09185080815013, 42.20977502307272], [-89.09185509170736, 42.20979015602156], [-89.09186156991915, 42.20980862988143], [-89.09186803224392, 42.20982375533647], [-89.09187681814674, 42.2098389034645], [-89.09188981544729, 42.20986915595338], [-89.09189853666511, 42.20988597715114], [-89.09190278438876, 42.20990108185255], [-89.09190481700806, 42.20991619460769], [-89.0919112577106, 42.20993466811295], [-89.09191322612513, 42.20995142513389], [-89.0919129707406, 42.20996648854013], [-89.0919149672322, 42.20998151812783], [-89.09191436996147, 42.210016747090584], [-89.09191648995407, 42.21003106388896], [-89.09191173146344, 42.21004608510017], [-89.09190468571241, 42.21006108397865], [-89.09189764789636, 42.21007775750887], [-89.09189511411708, 42.21009441832405], [-89.09189257633263, 42.21011124385844], [-89.09188770601139, 42.210132931721375], [-89.091885171296, 42.21014964744636], [-89.09188041280375, 42.2101646677556], [-89.09187790645711, 42.21017971006861], [-89.0918708310842, 42.210196383244885], [-89.09186382284216, 42.210211382471904], [-89.0918567849979, 42.210228055998876], [-89.09185196132144, 42.21024477728303], [-89.09184946291683, 42.21026149334713], [-89.09184855289409, 42.21026695330642], [-89.09184695655858, 42.21027653565909], [-89.09184674134166, 42.2102892289228], [-89.0918464173942, 42.210308334980596], [-89.09184388144914, 42.21032505069262], [-89.09183912367081, 42.210340098915964], [-89.09183434695927, 42.210354049482994], [-89.09182508483656, 42.210369055495974], [-89.09181582439336, 42.210384033614275], [-89.09180877856528, 42.21039903338546], [-89.09180624381703, 42.21041574910759], [-89.09180373624609, 42.210430790506514], [-89.09180122986949, 42.21044583281683], [-89.09179644415477, 42.21046252744439], [-89.09179616036333, 42.21047926426025], [-89.09179359556472, 42.21049768038698], [-89.09179108918273, 42.21051272269685], [-89.09178855442467, 42.210529438418135], [-89.0917860468445, 42.21054447981628], [-89.09178354045865, 42.210559522125834], [-89.09178325666285, 42.21057625894132], [-89.09178075029018, 42.21059130035054], [-89.091778243901, 42.21060634265983], [-89.0917779884938, 42.21062140516351], [-89.09177544410838, 42.2106364741259], [-89.09176592818746, 42.21066651564257], [-89.09176342058058, 42.21068155793991], [-89.09174940270442, 42.210711557264815], [-89.09174239314821, 42.21072655737092], [-89.09173534727833, 42.210741556235924], [-89.09173058775697, 42.21075663234689], [-89.09172582963762, 42.21077162564219], [-89.09172107226885, 42.21078664595359], [-89.09171856585685, 42.21080168826082], [-89.091716058248, 42.21081672965642], [-89.09170654227019, 42.21084677116663], [-89.09170396993824, 42.21086348653287], [-89.09170170783578, 42.21087212001774], [-89.09169915578663, 42.210881854565876], [-89.09169664890726, 42.2108969238773], [-89.09169175140971, 42.21091142249435], [-89.09168249085336, 42.21092640059921], [-89.09168223493205, 42.21094149190692], [-89.09168423047888, 42.21095657550589], [-89.09168172405059, 42.2109716178117], [-89.09167696590252, 42.21098661110409], [-89.09167611395932, 42.21103684854993], [-89.09168036170128, 42.211051953256884], [-89.09168457936774, 42.21106876016894], [-89.09168657706053, 42.21108378886875], [-89.09168521376557, 42.211164180122864], [-89.09168720931902, 42.21117926372128], [-89.09168917600674, 42.21119604953626], [-89.0916934237617, 42.21121115424249], [-89.09169316831368, 42.2112262176443], [-89.09170023949085, 42.2112402243238], [-89.09170895290627, 42.211255370881716], [-89.09171998949525, 42.21127056712112], [-89.09173099143243, 42.211285736025374], [-89.09174878436102, 42.21130094066186], [-89.0917687818732, 42.21131454719751], [-89.09182899699555, 42.21135531305004], [-89.09185129195643, 42.21137055985874], [-89.09187139315297, 42.2113824108423], [-89.09188686690169, 42.21139940514984], [-89.09190691089574, 42.211414630855096], [-89.09192016391438, 42.21142981993387], [-89.09193113634387, 42.21144666221934], [-89.09193744760015, 42.21145535083187], [-89.0919421742298, 42.21146185844919], [-89.09194799907962, 42.21146852130652], [-89.09195542772444, 42.21147702051896], [-89.09197552897419, 42.21148887148463], [-89.09197995067147, 42.21149057848876], [-89.09199789978355, 42.21149750619496], [-89.09201811361113, 42.21150271751796], [-89.09203835535347, 42.2115062824311], [-89.09204768924872, 42.21150705231646], [-89.09206087741262, 42.21150813920839], [-89.0921217004179, 42.21150870903863], [-89.09214202726776, 42.2115072536993], [-89.09216238342873, 42.211504069134534], [-89.09218264605796, 42.21150425895393], [-89.09220528112267, 42.211499449062124], [-89.0922256084562, 42.21149796490257], [-89.09224809370446, 42.21149985010821], [-89.09226833593263, 42.21150338707569], [-89.09229082914769, 42.21150694602476], [-89.09233122055176, 42.21151736732417], [-89.0923536570385, 42.211524273984224], [-89.09237377785837, 42.21153283172776], [-89.09238256486451, 42.21154800683304], [-89.0923935657975, 42.211563175664025], [-89.09240679106233, 42.211580011094384], [-89.09241782908579, 42.21159520727968], [-89.09242877331721, 42.21161372293044], [-89.09244431381785, 42.21162893427267], [-89.09245306500068, 42.211644081127226], [-89.09246631697222, 42.21165927103316], [-89.09247510401758, 42.21167444613149], [-89.09248645332904, 42.21168871250367], [-89.09250656178489, 42.21170229203973], [-89.09251981500736, 42.21171748105079], [-89.09253535602787, 42.21173266447576], [-89.0925441055627, 42.21174783921738], [-89.0925483530682, 42.211762972698594], [-89.09256164263932, 42.211778162045114], [-89.09258165011684, 42.2117934151997], [-89.0926017223, 42.211806994379266], [-89.09261044396386, 42.21182381552248], [-89.0926214830082, 42.21183895677837], [-89.09263473581358, 42.211854173681616], [-89.09265024011106, 42.21186938375624], [-89.09266352971336, 42.21188457399136], [-89.09267453031335, 42.21189976980098], [-89.09268394812764, 42.211911744783684], [-89.09268779157529, 42.21191663344496], [-89.09269654164412, 42.21193178026997], [-89.09270529291268, 42.211946928005815], [-89.09271232360634, 42.211961126008894], [-89.09273467523838, 42.21197305283098], [-89.09275471118471, 42.21198663164424], [-89.09277246654554, 42.21200186367887], [-89.09278800844898, 42.21201707408673], [-89.09279904662328, 42.212032271136266], [-89.09281004775366, 42.21204743902798], [-89.09282559013467, 42.21206262242582], [-89.0928410281699, 42.212079533440594], [-89.09285885744082, 42.21209476615366], [-89.09287211081345, 42.21210995602506], [-89.09288762320878, 42.21212683982001], [-89.09290087659491, 42.212142029688145], [-89.09290958994593, 42.212157204062386], [-89.09292066497243, 42.212172373535346], [-89.09293163075952, 42.21218748616534], [-89.09294263973648, 42.21220441062305], [-89.09295142788437, 42.21221953167556], [-89.09296242908312, 42.21223469955293], [-89.09297343120188, 42.21224981341922], [-89.09298672125635, 42.2122650576391], [-89.09300462023681, 42.21228926437526], [-89.09301565759473, 42.212304515414466], [-89.09302665882326, 42.212319683285806], [-89.09304220084954, 42.21233489456012], [-89.09305545264728, 42.212350111404476], [-89.09306871457586, 42.212366947100136], [-89.09308196805486, 42.212382136947774], [-89.09310204146087, 42.212395661131545], [-89.09312201953337, 42.2124126695209], [-89.09314202660661, 42.21242789466335], [-89.09316207029691, 42.21244317506392], [-89.09317761238574, 42.21245838632031], [-89.09317829124785, 42.212459563077395], [-89.09318636262925, 42.21247353400891], [-89.09318969666053, 42.212478114480724], [-89.091844597629, 42.212472881294765], [-89.08960390102166, 42.212464128912636], [-89.08938254603025, 42.212482686101744], [-89.08875914948236, 42.212237319737], [-89.08872810513304, 42.2122503363722], [-89.08860926825126, 42.212295720504294], [-89.08848692273777, 42.212335621052894], [-89.08836152531705, 42.21236988834756], [-89.08823354444326, 42.21239839533777], [-89.08810346036105, 42.21242103399217], [-89.08797175776307, 42.212437719731426], [-89.08783892942192, 42.2124483914623], [-89.0877054726028, 42.21245300884326], [-89.08703675659922, 42.212460958329586], [-89.08657535264051, 42.21246641148685], [-89.08221444932701, 42.21251798756768], [-89.08186611798696, 42.21252209957666], [-89.081845383785, 42.21252234462541], [-89.0818468761825, 42.21268755752306], [-89.08185887671844, 42.21401600443882], [-89.08187737175432, 42.21606279292989], [-89.08187819481495, 42.21614625039914], [-89.08188637950674, 42.21704903112748], [-89.08189168084377, 42.21763378893117], [-89.08189318186983, 42.21779842466964], [-89.08152404812819, 42.21780072277393], [-89.07985438154849, 42.21781114799312], [-89.07893546127886, 42.21781689868146], [-89.07801657778988, 42.21782261534505], [-89.07709765797541, 42.21782832339929], [-89.07578756323093, 42.21783645158633], [-89.07578575384183, 42.21716299328242], [-89.07578316197382, 42.21620265381944], [-89.07579596620869, 42.21511126304057], [-89.07579789046376, 42.21493014898278], [-89.07595513779115, 42.21493789257969], [-89.07594603696845, 42.21383213316739], [-89.07502006282968, 42.21383498645921], [-89.07280574158906, 42.2138418257461], [-89.07280514399851, 42.2131170627151], [-89.07280468473232, 42.21256828356184], [-89.07280414241009, 42.21191525308919], [-89.07280376155214, 42.21148164581788], [-89.07280326281928, 42.21089450302794], [-89.07289849407937, 42.210030454507894], [-89.07294382283864, 42.20954473366892], [-89.07297913624234, 42.20916673392857], [-89.07299141724133, 42.20881216929074], [-89.07295078490391, 42.208484404700876], [-89.07281917176414, 42.20742259023341], [-89.07280964415492, 42.20734585503659], [-89.07281057469545, 42.207214857923205], [-89.07282448298699, 42.205274902030546], [-89.07283615465988, 42.203650557043204], [-89.07284336583845, 42.20264206662693], [-89.07285017264141, 42.20169545328524], [-89.07291852416965, 42.201070712735984], [-89.07293679410628, 42.20090374051661], [-89.0729726786597, 42.200575689547634], [-89.07313193839141, 42.199119923886556], [-89.07317991786621, 42.19868106963737], [-89.07319516756776, 42.19801496079316], [-89.07320279826432, 42.196951673183996], [-89.07322018797817, 42.19452378129567], [-89.07322044101245, 42.194491265320806], [-89.07322093671404, 42.19442760714862], [-89.07437230000207, 42.19441486542207], [-89.07695215686532, 42.19440663838882], [-89.07990259276711, 42.19439204072175], [-89.08175255819225, 42.1943828255645], [-89.084396931257, 42.19436960694427], [-89.08506183413023, 42.194366273989296], [-89.08623011828153, 42.1943604079267], [-89.08645734944737, 42.194359266406394], [-89.08645597588526, 42.194192095071955], [-89.08645346201617, 42.1938869949506], [-89.08643985207064, 42.19223519287131], [-89.08635125436189, 42.181416714235425], [-89.08637948825363, 42.1814104942642], [-89.08641980481319, 42.18140678470956], [-89.08645906360525, 42.18139929466117]], [[-89.07898713955387, 42.211944690137564], [-89.07954388386622, 42.21194368420177], [-89.079725096197, 42.21194337140749], [-89.08001505971903, 42.21194285346054], [-89.0802832812258, 42.21194232061569], [-89.08055150207035, 42.21194189697496], [-89.08081972217613, 42.21194144569054], [-89.08108794370948, 42.2119409109637], [-89.0810911861588, 42.21163949622233], [-89.0810943891146, 42.211338191829846], [-89.0810958533338, 42.21120099841627], [-89.08109907354384, 42.210900873570985], [-89.08110233001901, 42.21060074905358], [-89.08110375711244, 42.21046352736177], [-89.08111014064309, 42.20986445734894], [-89.08111160474297, 42.209727262999465], [-89.08111500925031, 42.20940985206154], [-89.0811194475907, 42.20899550005216], [-89.08058276672575, 42.208998898630675], [-89.08016004547054, 42.20900159073619], [-89.07973732421199, 42.20900428128324], [-89.07955355766681, 42.20900544860888], [-89.0792712634517, 42.209007245441576], [-89.07898896969846, 42.209009014574335], [-89.0788051668265, 42.20901018035605], [-89.07843759740513, 42.2090125113802], [-89.07825013935583, 42.20901369651203], [-89.07802222159827, 42.20901515545722], [-89.07782372658298, 42.20901639989333], [-89.07762526742752, 42.209017671335594], [-89.07742308091099, 42.20901893494716], [-89.07742609073068, 42.20946244562026], [-89.0774279933278, 42.20973844301531], [-89.07742892038686, 42.209875632098885], [-89.0774309815514, 42.21017679465183], [-89.07743304195868, 42.21047793017296], [-89.07743396948547, 42.21061509133428], [-89.07743600485104, 42.21091345454048], [-89.077438001459, 42.21121181736359], [-89.07743896603105, 42.211349006769325], [-89.07744102308013, 42.211648220937484], [-89.0774430425821, 42.211947434733965], [-89.07743441761643, 42.212128548309074], [-89.0770487094804, 42.212129221576525], [-89.07711554795647, 42.2122988374831], [-89.07735082168467, 42.212485244969066], [-89.07763669922448, 42.21255062753055], [-89.07877743329796, 42.21254268227767], [-89.07877952435376, 42.21212616740941], [-89.07880588847684, 42.21194500229839], [-89.07898713955387, 42.211944690137564]]]]}, "properties": {"name": "Global Trade Park #1", "status": "Existing", "ending_date": "2028-12-30", "final_levy_year": "2027"}}, {"type": "Feature", "geometry": {"type": "MultiPolygon", "coordinates": [[[[-89.11313758216437, 42.16556223943268], [-89.11342119936215, 42.16446093033568], [-89.10988125537831, 42.16395424463433], [-89.10958649721695, 42.16472215984657], [-89.10287500706004, 42.16322512947465], [-89.10205160912989, 42.16157227201742], [-89.10569885871584, 42.16145770518895], [-89.1059020149098, 42.157927445263375], [-89.10109331080508, 42.15777736752435], [-89.10090382438815, 42.15592226187218], [-89.09924116428084, 42.15600036381317], [-89.0993041547403, 42.157905445039376], [-89.09540418840662, 42.158119737264464], [-89.0954879518273, 42.16259785476436], [-89.09116121842872, 42.16153309393588], [-89.08936879495575, 42.16156576425021], [-89.09208681694156, 42.15074598474494], [-89.09675596539796, 42.15056540276337], [-89.09638741800751, 42.14328078308695], [-89.12030704492297, 42.143254254648404], [-89.12044905305888, 42.15033973473185], [-89.13024539704463, 42.150424783796765], [-89.13016983220031, 42.15771752032971], [-89.1279310895263, 42.157806738643046], [-89.12798012624216, 42.165001843491495], [-89.12535063898923, 42.16490763989376], [-89.12062413881594, 42.16723495899117], [-89.11313758216437, 42.16556223943268]], [[-89.10057284427309, 42.150577338432996], [-89.10179906908633, 42.15055777305509], [-89.10178302957547, 42.14983701518848], [-89.100555856995, 42.14982751648875], [-89.10057284427309, 42.150577338432996]]]]}, "properties": {"name": "Global Trade Park South", "status": "Existing", "ending_date": "2035-12-30", "final_levy_year": "2034"}}, {"type": "Feature", "geometry": {"type": "MultiPolygon", "coordinates": [[[[-89.08645269207196, 42.26878838314004], [-89.08592166784817, 42.26939992978035], [-89.08543448123811, 42.269166751731454], [-89.08537793597546, 42.26913968219431], [-89.08524436913378, 42.2692912155864], [-89.08499194830817, 42.26958129337086], [-89.08457808815429, 42.2700569353828], [-89.0844441886294, 42.270208272908015], [-89.08425970320143, 42.27042029838386], [-89.08401723992975, 42.27030454009956], [-89.08393530769912, 42.27039849355872], [-89.08369156319338, 42.27028206436946], [-89.08348648331823, 42.270184110336004], [-89.08318852430659, 42.27052587508194], [-89.08294375509097, 42.270408885441704], [-89.08297511203843, 42.27037293203853], [-89.08280887912998, 42.270293482261785], [-89.08282093918045, 42.27027968389026], [-89.08274636177111, 42.27024404642195], [-89.08279535531534, 42.27018789855234], [-89.08286764052718, 42.270105022972366], [-89.08313420399173, 42.269799348976534], [-89.08326746740882, 42.26964649806079], [-89.08348540899115, 42.269750528569936], [-89.08375311995863, 42.269878326654535], [-89.08383335507212, 42.26978626503015], [-89.08420224685119, 42.269363094844955], [-89.08460600185535, 42.26889999631446], [-89.08468582455083, 42.26880844245338], [-89.0848187807673, 42.26865591630894], [-89.0848536981455, 42.26861585908011], [-89.08495271484396, 42.2685025925587], [-89.08502998984372, 42.26841365950438], [-89.08521977723333, 42.26820077519542], [-89.08535063387737, 42.268045836512144], [-89.08555574789204, 42.268143759650634], [-89.08604234884292, 42.268376163733386], [-89.08590946847626, 42.26852885678118], [-89.08596597896398, 42.26855581499353], [-89.08620924282167, 42.26867207099277], [-89.08645269207196, 42.26878838314004]]]]}, "properties": {"name": "Jefferson St. / North 3rd St.", "status": "Existing", "ending_date": "2036-12-30", "final_levy_year": "2035"}}, {"type": "Feature", "geometry": {"type": "MultiPolygon", "coordinates": [[[[-89.09190298474059, 42.26833834740516], [-89.09177705905705, 42.26831085133323], [-89.0916060551832, 42.268230634007494], [-89.09152952808118, 42.268194735474275], [-89.09159430750232, 42.268120192786554], [-89.09179627660828, 42.26788778065073], [-89.09192739433696, 42.26773618058726], [-89.09197999832935, 42.267760881787936], [-89.09198176799958, 42.26775960013677], [-89.09203765637557, 42.267719111518204], [-89.09220091681111, 42.26759810839629], [-89.09236032199746, 42.26747996339297], [-89.09244869046434, 42.26741446685065], [-89.09264729949226, 42.26727155943863], [-89.09273525841063, 42.26720009253483], [-89.09280653723384, 42.26713525944699], [-89.09284901147512, 42.26709303957554], [-89.09289625284741, 42.26704161192016], [-89.09295095855721, 42.26697703229642], [-89.09298418045836, 42.266934957122295], [-89.09301238160808, 42.26689595988089], [-89.09304379301484, 42.26684907002853], [-89.0930803717161, 42.26678903191391], [-89.0931355537183, 42.26668185796288], [-89.09315513092044, 42.26663654806187], [-89.0931866671398, 42.26655378499725], [-89.09319953338215, 42.26651272741562], [-89.09320445265467, 42.266495622707446], [-89.09322457810751, 42.266413707137914], [-89.09323215327761, 42.2663747310398], [-89.09324413190411, 42.26628846817378], [-89.09324745682498, 42.26624081028953], [-89.09325134810153, 42.26617634546292], [-89.09325124123025, 42.26612906329219], [-89.09324951488075, 42.26608443085695], [-89.09324488399959, 42.26602760184917], [-89.09323872070418, 42.26599486768996], [-89.09323511808255, 42.26597573675754], [-89.0932160830376, 42.265874662610806], [-89.09320436905611, 42.26583224325759], [-89.09319124632285, 42.26579005649852], [-89.09316666680968, 42.26573794379559], [-89.09311330644589, 42.265630023815305], [-89.09308301536433, 42.26558950123424], [-89.09306556413006, 42.26554518613625], [-89.0929536194509, 42.265673643856786], [-89.09243489378763, 42.26627137172796], [-89.09243037293355, 42.26633974243948], [-89.09229120060182, 42.26649966117875], [-89.09211950917302, 42.2666968923627], [-89.09192154929548, 42.26692320894081], [-89.09183756377506, 42.26695582841896], [-89.09175917797972, 42.267045888274716], [-89.0916983810711, 42.26711575982354], [-89.09164532552947, 42.26717673420004], [-89.09157354945012, 42.26713993941393], [-89.09144548201135, 42.26707428880677], [-89.09042187904522, 42.26658287321706], [-89.09002287147527, 42.267040909877714], [-89.0902649973488, 42.267156899037346], [-89.08999878417826, 42.26746198902761], [-89.09078201827114, 42.26783661349815], [-89.09065059298528, 42.26798916097645], [-89.09085560137697, 42.268087211405216], [-89.09072598758235, 42.26823535817573], [-89.0912065468565, 42.26846787545512], [-89.09087013628738, 42.268853394732254], [-89.09086621489872, 42.26885788916393], [-89.09065163282182, 42.26875321274215], [-89.09018840231737, 42.268524685697784], [-89.09023978813026, 42.268461118777545], [-89.08970516625773, 42.268205232890985], [-89.08988234652892, 42.2680018367495], [-89.09011562214778, 42.267734042571696], [-89.08941492773666, 42.26740956059195], [-89.08940974071645, 42.26740715937762], [-89.0894121591749, 42.26740443887613], [-89.08974048716402, 42.26703500830336], [-89.0897279003749, 42.26704541193086], [-89.08985666358545, 42.26690428692952], [-89.0898563798541, 42.26690415012032], [-89.08985437581111, 42.26690645318148], [-89.08975902212973, 42.26686066422523], [-89.08937725377608, 42.26667735753524], [-89.08932052575979, 42.26673123346813], [-89.08926266176697, 42.26678618446396], [-89.08926221081465, 42.26678661417281], [-89.08903916607572, 42.26668013563189], [-89.08903410665695, 42.26667771939401], [-89.08896080221406, 42.26676243317425], [-89.08865021801235, 42.2666114953418], [-89.08864720539371, 42.26661003194071], [-89.08837792800117, 42.26691693589872], [-89.08798763054757, 42.26736176516161], [-89.08798654726792, 42.26736124630156], [-89.08665826478257, 42.26672475793385], [-89.08625515911056, 42.26718533028643], [-89.08579177506869, 42.26696745980509], [-89.08482870171781, 42.266974390372226], [-89.08432381922249, 42.26755442186647], [-89.08432364241996, 42.26755462456628], [-89.08535014423174, 42.26804654223321], [-89.08521987782372, 42.268200208953985], [-89.08513321477116, 42.26830023354715], [-89.08493647580084, 42.268525908442115], [-89.0848840481859, 42.26858118397281], [-89.08482251479342, 42.26865666097273], [-89.08476424891006, 42.26871861832632], [-89.08468955858424, 42.26880918712154], [-89.08468937064073, 42.2688094032213], [-89.08444554227695, 42.269089063379006], [-89.08388510096867, 42.2697270231325], [-89.08375263029612, 42.26987903146802], [-89.0832669765154, 42.269647203760904], [-89.08274587086716, 42.270244752119645], [-89.08282044827703, 42.27028038958828], [-89.08280838943831, 42.27029418797121], [-89.08297462115138, 42.27037363683704], [-89.08294326539985, 42.27040959115169], [-89.08318803340526, 42.270526580781514], [-89.0834859936349, 42.27018481604841], [-89.08369107352696, 42.270282769182586], [-89.08393481801906, 42.27039919927308], [-89.08401674903936, 42.27030524580285], [-89.0842592135248, 42.27042100409964], [-89.0844438771658, 42.27020706446521], [-89.08494776663693, 42.27044764266948], [-89.08519700266618, 42.27056862248565], [-89.08526506267116, 42.2704902412656], [-89.08532914211155, 42.270416444616316], [-89.08599386100991, 42.26965103528067], [-89.08619858325622, 42.269749332590095], [-89.08625849091, 42.269778097156774], [-89.08630141713003, 42.269798707935806], [-89.086368607298, 42.26983096940069], [-89.08656658569564, 42.26992602805985], [-89.08662844504131, 42.269955730023035], [-89.08664491323267, 42.269963636716106], [-89.08676638982281, 42.27002196245703], [-89.08701788019452, 42.27014271287329], [-89.08722668845984, 42.27024341280576], [-89.08736006863775, 42.27009179253845], [-89.08745668180114, 42.2699810896235], [-89.08758295615165, 42.269836442573265], [-89.0876502239127, 42.26975937410774], [-89.08785759078384, 42.269521799854736], [-89.08790102043277, 42.26947203730128], [-89.0880312856317, 42.269322838445376], [-89.0878257872418, 42.26922532756168], [-89.08733493361346, 42.268992396764105], [-89.08747179257108, 42.268842456622785], [-89.08763090566758, 42.268660200513544], [-89.08773949023957, 42.26853582185004], [-89.08794226013113, 42.26830349160794], [-89.08813930147257, 42.26807761269951], [-89.08820519203749, 42.268001399719225], [-89.08989255490678, 42.26879768591779], [-89.09001784346923, 42.26887772508462], [-89.091111425718, 42.26955528695911], [-89.090429884751, 42.27035584654618], [-89.09024554014002, 42.2705722170613], [-89.08969385249827, 42.27121970176011], [-89.0898701210222, 42.271304942807255], [-89.08992944236336, 42.271342983856215], [-89.0900175413701, 42.27139947844479], [-89.09004243263313, 42.27141544039944], [-89.09005586394063, 42.271424053637006], [-89.09003734316164, 42.27145073214448], [-89.08999401490976, 42.27150480978669], [-89.08998222987918, 42.27152453457693], [-89.08998105936197, 42.271525717386574], [-89.08995226692987, 42.27155484999327], [-89.08992022754808, 42.271574690706366], [-89.08991062941512, 42.27158066501435], [-89.08987955373487, 42.27159345460206], [-89.08986910523315, 42.2715977553644], [-89.08983159058405, 42.27162234774751], [-89.08979013908997, 42.27163943785098], [-89.08974857570456, 42.27166089154912], [-89.08974560973415, 42.27166585766694], [-89.08973039701223, 42.271691317570976], [-89.08971144249367, 42.2717151929143], [-89.08960167617764, 42.27183511838951], [-89.08960150031459, 42.27183526618776], [-89.08952481863881, 42.27187944487324], [-89.08950923797634, 42.27188585631881], [-89.08946774863544, 42.27190294684923], [-89.0894456235511, 42.271919944674046], [-89.08943257567894, 42.271932591079086], [-89.08942405872143, 42.27194084426104], [-89.08941320119521, 42.27195136222043], [-89.08939157168386, 42.27196203647281], [-89.08937854852151, 42.27196846202241], [-89.08934736706684, 42.27199377906222], [-89.08934366713838, 42.27199678281995], [-89.08929761355208, 42.272029538864636], [-89.08903922185678, 42.27224125034874], [-89.08893209058874, 42.27237920775282], [-89.08892364098496, 42.27239125539863], [-89.08886924841944, 42.272424058038645], [-89.08883666396379, 42.27244759806058], [-89.08879891286354, 42.27246829947755], [-89.0887852309372, 42.27247744938023], [-89.08878510071324, 42.27247755079056], [-89.08875195986568, 42.272502864553324], [-89.08871529827168, 42.27252941193513], [-89.08869855994544, 42.27255757446535], [-89.08868536414849, 42.272587277397626], [-89.08863396272565, 42.27266284713444], [-89.08863392335756, 42.2726628809758], [-89.08860815621766, 42.2726849301987], [-89.08856502758908, 42.27271152657184], [-89.08852945374845, 42.272732705720635], [-89.08849613976092, 42.2727557175109], [-89.08846064849139, 42.2727764589678], [-89.08844798327786, 42.27278284906285], [-89.08822018794865, 42.27292150241211], [-89.08818545372938, 42.272944614192575], [-89.08815345775429, 42.27293794725014], [-89.08812220616961, 42.272952745974614], [-89.0881153935398, 42.272968734267636], [-89.08809130132876, 42.27299910530276], [-89.08809402936035, 42.27303504756931], [-89.08809384593782, 42.27304146769117], [-89.08807468227783, 42.2730666705339], [-89.08806303422658, 42.27307091663293], [-89.08803865490302, 42.273079804674495], [-89.08798107825038, 42.273071716777565], [-89.08792049775944, 42.27307641908041], [-89.08788693422302, 42.27310110290384], [-89.08783772153201, 42.27313554460811], [-89.08782724777936, 42.2731677416709], [-89.08779824878985, 42.273183082772185], [-89.0877541312317, 42.27320550203968], [-89.08769642573765, 42.27326785413531], [-89.08765179024462, 42.27332922721257], [-89.08765028941637, 42.27333072379585], [-89.08762004022171, 42.2733573077499], [-89.08762277046479, 42.27338351239086], [-89.08755979240239, 42.27339578417993], [-89.08753918910286, 42.27339663824978], [-89.08750974937625, 42.27343176194345], [-89.08743752269177, 42.27348653986684], [-89.08738803321806, 42.27351926729787], [-89.08738757175794, 42.273519598767024], [-89.08732426053622, 42.2735479025499], [-89.0872703116981, 42.27359352348057], [-89.08719870786207, 42.273677131146826], [-89.08713798260003, 42.27372778032726], [-89.08713157964114, 42.27373224676392], [-89.08712657438173, 42.273737282743895], [-89.08702994247616, 42.27381951670814], [-89.08693261515201, 42.273883248261086], [-89.08687445508788, 42.27394487541229], [-89.08686422046833, 42.273954720163665], [-89.08685565501685, 42.273963008706176], [-89.08680185922158, 42.27402128097967], [-89.08679893659529, 42.274024895174904], [-89.08675376751606, 42.27407696636112], [-89.08674935537115, 42.27408205112408], [-89.08671822033614, 42.274117944606495], [-89.08667827292136, 42.27415400627128], [-89.08662304661767, 42.274224614411864], [-89.08661096921901, 42.27426541483176], [-89.08653665707553, 42.27437171925463], [-89.08653655996716, 42.27437186869019], [-89.08647969895878, 42.27445448577777], [-89.08641933230096, 42.274542191623134], [-89.08641309691404, 42.27455117640604], [-89.0863830161674, 42.27459231947538], [-89.0863045558045, 42.27469963351285], [-89.08628731830129, 42.27472321114495], [-89.08613036091462, 42.27490232272056], [-89.08605561709835, 42.27500705082464], [-89.08585800070252, 42.275252650496896], [-89.08570154271963, 42.275413102940334], [-89.08568591153052, 42.27542913489583], [-89.08567105159615, 42.275448272954016], [-89.08564970460797, 42.27547578747507], [-89.08562614023124, 42.275503308097726], [-89.08561312073186, 42.27551704278823], [-89.08559927336022, 42.27553162135699], [-89.08557240648038, 42.27555993370941], [-89.0855411578543, 42.2755873548617], [-89.0855121491466, 42.27561564790729], [-89.08548086243027, 42.27564309569269], [-89.08545952991912, 42.27565897572995], [-89.08544410914203, 42.2756704928277], [-89.08540624677383, 42.275697878593], [-89.08536735509779, 42.27572278511568], [-89.0853558027947, 42.27572904941268], [-89.08527075677807, 42.27578515724646], [-89.08523407342491, 42.275825753377916], [-89.08518259740681, 42.27589947249199], [-89.08518251893605, 42.27589959509313], [-89.08514597612641, 42.27596443401133], [-89.08513014598137, 42.27604092819178], [-89.0851328669807, 42.27604904485468], [-89.08512234854366, 42.27607644262794], [-89.08510979320494, 42.27610406697104], [-89.08509544104842, 42.27613085149107], [-89.08509502092514, 42.27613167040322], [-89.08507917712046, 42.27615926462724], [-89.08506525501, 42.27618351435206], [-89.0850207935445, 42.276284695690364], [-89.08501893610534, 42.27630129411492], [-89.0850188635975, 42.27638152100121], [-89.08500535421786, 42.276422746173544], [-89.08500530161596, 42.276422844710424], [-89.08498113980725, 42.276458111145956], [-89.08497577218903, 42.27646488929338], [-89.08495442407143, 42.276492431577616], [-89.08495359151843, 42.27649354819942], [-89.08493414624078, 42.27651998305351], [-89.08491497699322, 42.276547572892504], [-89.08489802561323, 42.27657512873185], [-89.08489216791861, 42.27658801889283], [-89.0847416401584, 42.27687932425373], [-89.08469740525453, 42.27695196717024], [-89.0846911925247, 42.27696278778097], [-89.08468645848502, 42.27697235201941], [-89.08457310209538, 42.27715596011585], [-89.08433099092088, 42.27748881470718], [-89.08426336855453, 42.27757085731315], [-89.0841360941523, 42.27771498056101], [-89.08413465771741, 42.277716457898045], [-89.08388854435692, 42.27759816213635], [-89.08387818794418, 42.277609535073], [-89.08279325981528, 42.27715042304124], [-89.08225621843063, 42.27780614720541], [-89.0807746958628, 42.27850299014855], [-89.08045508181026, 42.27834488107543], [-89.08161401513509, 42.27751522917989], [-89.08359843231167, 42.275243709188125], [-89.08622068152768, 42.272243335664285], [-89.085609313527, 42.271964680937316], [-89.08190574542994, 42.27017757918444], [-89.08348733084476, 42.268348290263624], [-89.08287231695627, 42.26805212777261], [-89.08366997147844, 42.26712853183708], [-89.08317530830963, 42.26688957463291], [-89.08363372064026, 42.266883891694405], [-89.08364046283536, 42.265702520698326], [-89.08509501781715, 42.26569622471005], [-89.08509848444419, 42.26470505269569], [-89.08668896434932, 42.26471002966298], [-89.08676416178669, 42.25366931024872], [-89.08688172957359, 42.25365034588011], [-89.08688181251807, 42.25364008499707], [-89.08707017716573, 42.253611678380494], [-89.08725972031941, 42.25358798933516], [-89.08745022826028, 42.25356904555419], [-89.08764148496998, 42.25355486750802], [-89.0878370431487, 42.25354534366462], [-89.08803292371961, 42.253540792197605], [-89.08822890125127, 42.2535412172877], [-89.08842474310363, 42.25354661944811], [-89.08862022281745, 42.25355699204937], [-89.08877298986592, 42.25356854020628], [-89.08892520812826, 42.2535835680792], [-89.08913303049127, 42.25360876946466], [-89.08933948170174, 42.25363956558664], [-89.08954429108715, 42.25367591339666], [-89.08974718801875, 42.25371776714767], [-89.08997258821499, 42.25377131338918], [-89.09019485692967, 42.25383165229784], [-89.09028811136481, 42.2539801621387], [-89.09080244141319, 42.25411234352546], [-89.0907431409881, 42.254035766434505], [-89.09068712483257, 42.25395783725901], [-89.0912385620048, 42.25409963976355], [-89.09125319210533, 42.254099475353144], [-89.09179772230881, 42.25409352183612], [-89.09190959056929, 42.25409229250066], [-89.09184374637192, 42.25420009542667], [-89.09201422100247, 42.254256328856876], [-89.0925428387971, 42.25443064901069], [-89.0925726289108, 42.25444045053708], [-89.0929581502207, 42.25456757509662], [-89.09296645377553, 42.25456437573132], [-89.09312455145172, 42.254613080331026], [-89.09326094071191, 42.25481743134167], [-89.0932668180011, 42.25484582161688], [-89.0938757428555, 42.25504573653792], [-89.09385540356377, 42.255079847852166], [-89.09318046775839, 42.255090381291744], [-89.09332866329517, 42.25517760515162], [-89.09346830560553, 42.255266119941545], [-89.09399333364244, 42.25525840968705], [-89.09410721549344, 42.25534686911158], [-89.09421746681622, 42.25543783152787], [-89.09434025947125, 42.25554594485313], [-89.0944579330836, 42.255657156747894], [-89.09457034450925, 42.255771331744306], [-89.0946731654226, 42.2558835677582], [-89.09485533455495, 42.25588005678041], [-89.09542111430476, 42.2562972212916], [-89.09542589895992, 42.25629364046168], [-89.09561846057919, 42.256469211136235], [-89.0956029337752, 42.25648523468085], [-89.09560038980544, 42.256488895864805], [-89.09555736387836, 42.256555228132356], [-89.09554965178435, 42.256573454775676], [-89.09553098904674, 42.25659588979366], [-89.09550090965847, 42.2566422607846], [-89.0954287365597, 42.25669450019246], [-89.0954112291219, 42.25670717318533], [-89.09530672639754, 42.256903609256234], [-89.09531095055549, 42.25691538687738], [-89.09530840965904, 42.25692423383233], [-89.0953039203973, 42.256953746161656], [-89.0953113977861, 42.25698339729249], [-89.09533479302043, 42.25701317011545], [-89.09534622189229, 42.25704285905779], [-89.09536547079036, 42.25706735517396], [-89.0953884680586, 42.25713145284548], [-89.09538852518826, 42.25713194404462], [-89.09539083720686, 42.25714127208045], [-89.09536391341132, 42.257261237216206], [-89.09535534128072, 42.25734143000887], [-89.09534885997482, 42.25740206252918], [-89.09520906611782, 42.25754426582761], [-89.09520892187449, 42.25754441032916], [-89.09520856386135, 42.25754486884], [-89.09511213913538, 42.25766800723592], [-89.09503150532076, 42.25777098225827], [-89.09496516807447, 42.257822171221164], [-89.09495403916009, 42.25782780305443], [-89.09491372464576, 42.257856952657534], [-89.09487342177111, 42.25788319437474], [-89.0948360138741, 42.257921835105094], [-89.09483597456436, 42.25792186624832], [-89.09468290370978, 42.258030310361264], [-89.09465061112216, 42.25804835308582], [-89.094536236738, 42.25811225788442], [-89.09449873729055, 42.258133962938786], [-89.0944584704208, 42.25816020484481], [-89.0944182675813, 42.25818051973733], [-89.09437815203324, 42.25819789864198], [-89.0943380993075, 42.25820935142244], [-89.09429813313422, 42.25821784119928], [-89.09418931229825, 42.25826516447317], [-89.09408560411124, 42.258318447752735], [-89.0939875978898, 42.25837738595923], [-89.09383628043106, 42.258489056710985], [-89.09377789348775, 42.25853214549683], [-89.09374727391008, 42.25857314604666], [-89.09372349245709, 42.25859461456187], [-89.09369909326311, 42.25862399546043], [-89.09366663992662, 42.25865126991201], [-89.09365417314659, 42.258680680516406], [-89.0936377521748, 42.2587101360491], [-89.0935968969404, 42.25876888929908], [-89.0935804773074, 42.258798262907945], [-89.09353071492026, 42.25891606921039], [-89.09352610165546, 42.258932037935615], [-89.09347044283037, 42.259037337837746], [-89.0933499069972, 42.25923961080461], [-89.09326327644743, 42.25936301032022], [-89.09326238197791, 42.2593642983847], [-89.09322517939563, 42.25953448019872], [-89.09322345527723, 42.25963612089525], [-89.09322342618913, 42.259637835700545], [-89.09325896755472, 42.259779161250506], [-89.09325657680024, 42.25992010473973], [-89.09330526610619, 42.26003334413499], [-89.09333778017833, 42.26018475262188], [-89.09335670739422, 42.26027288397636], [-89.09336391438401, 42.260306440001216], [-89.0933599294737, 42.260541382707565], [-89.0933959499859, 42.26065450348457], [-89.09346882604622, 42.26083374619274], [-89.09347494945615, 42.26087996113124], [-89.09347643320513, 42.260891165782624], [-89.09348264613756, 42.26093803427776], [-89.0934831004928, 42.26094147318553], [-89.09350249295932, 42.26108781074593], [-89.09350919201071, 42.2612396582117], [-89.09350992877744, 42.26125638913379], [-89.0935116188064, 42.26129466602328], [-89.09355935339148, 42.26146428862739], [-89.09364279152638, 42.26176579843652], [-89.09366805185067, 42.26182708792496], [-89.09374001361319, 42.262001688016234], [-89.09373149336514, 42.26209459427946], [-89.09372451378164, 42.26217069099629], [-89.09381018206977, 42.2623406953828], [-89.09387154394173, 42.26245405305105], [-89.09386582791436, 42.26251625191459], [-89.09385849538535, 42.262596014966725], [-89.09386539422981, 42.26264463013029], [-89.09386931696358, 42.26267254740179], [-89.09387327774091, 42.262700437119555], [-89.09387961937296, 42.262729446578135], [-89.09388801262017, 42.26275740566853], [-89.09389858356415, 42.262785385129426], [-89.0939069397325, 42.26281331596199], [-89.09390868359021, 42.262841212849324], [-89.09391260682662, 42.26286910221382], [-89.09391656594865, 42.2628970198231], [-89.09391758894867, 42.262913531941194], [-89.09398677870216, 42.263122420055474], [-89.09403115882073, 42.263240042869135], [-89.09404727142429, 42.26328274908041], [-89.09410031066744, 42.26336404821708], [-89.09412531176228, 42.26340236664502], [-89.09415538117918, 42.26343013230441], [-89.0941853536172, 42.26348614584452], [-89.0941912580469, 42.263501775397636], [-89.09431537860121, 42.263685700229495], [-89.09434344787017, 42.26372729649041], [-89.09437530943681, 42.263766262407565], [-89.09442254027043, 42.26382401998569], [-89.09444235972289, 42.26383118083884], [-89.09447058800059, 42.26385932533316], [-89.0944855923928, 42.2638873461861], [-89.09450277621171, 42.26391535950356], [-89.09451778063105, 42.263943380352316], [-89.09451733895807, 42.263969445384156], [-89.09451730874136, 42.26397122860105], [-89.09448370383132, 42.263998794989945], [-89.09446666815411, 42.264003809754136], [-89.09441390436994, 42.264047453757065], [-89.09432909082592, 42.2641406748109], [-89.09432880065619, 42.26415779585174], [-89.09432726806322, 42.26416662429229], [-89.09432334447833, 42.26422248558675], [-89.09431933325497, 42.264279583977014], [-89.09431495943296, 42.2643248931159], [-89.09431457997744, 42.26434728189149], [-89.09430127673768, 42.26445838896617], [-89.09429659066173, 42.26449751910804], [-89.09429621305873, 42.26451979806331], [-89.09431292525082, 42.2645757145721], [-89.09432793019384, 42.26460370843855], [-89.09433982068946, 42.264625947257166], [-89.09438719246631, 42.26478763707464], [-89.09438724516197, 42.26478781762785], [-89.09440605832967, 42.264818255400094], [-89.09444033139765, 42.264820667254185], [-89.0944451328661, 42.26485561687203], [-89.09444700383834, 42.26487824636088], [-89.09444689299735, 42.264884786921954], [-89.09445549208702, 42.2650377404709], [-89.09445976082903, 42.26505198625372], [-89.09447251184315, 42.26507995812562], [-89.09448086807507, 42.2651079168166], [-89.09450550125497, 42.26521964146803], [-89.09450513189218, 42.26524143793639], [-89.09450455694905, 42.265275365857626], [-89.09450633794573, 42.2653032351628], [-89.09451022474659, 42.26533115206479], [-89.09451357812776, 42.26538475320675], [-89.09451631221151, 42.26547103763583], [-89.0945160600418, 42.265471326976204], [-89.09442442901468, 42.265561763623055], [-89.09442407155285, 42.265562114999895], [-89.09442099843838, 42.26556457380166], [-89.0943998707029, 42.26558186642862], [-89.09439867948821, 42.265582422480996], [-89.09429800682558, 42.26566293597953], [-89.09428703107503, 42.26566788403991], [-89.09428563251157, 42.26567588185155], [-89.09426307112913, 42.26570352352593], [-89.09422534723984, 42.26571466941033], [-89.09419996818835, 42.265721044790446], [-89.09418761295335, 42.265724139722494], [-89.09415849663004, 42.26573525624587], [-89.09414983369295, 42.26573855046053], [-89.09407395914798, 42.265783722033774], [-89.09403004663092, 42.26579906119838], [-89.09402965768297, 42.26579919620694], [-89.09399441571219, 42.2658273782413], [-89.09398642664563, 42.265840969201605], [-89.09397657534143, 42.26585758936502], [-89.09397543520917, 42.26586156613907], [-89.09396734954605, 42.265889718583374], [-89.09395951853871, 42.26591357446579], [-89.09395981432297, 42.265915717251], [-89.09396064938029, 42.26592179850113], [-89.09396280679353, 42.26593753345737], [-89.0939717415098, 42.26594759418189], [-89.09397377774417, 42.26594988739212], [-89.09418142623974, 42.26621759784718], [-89.09418171684112, 42.266217973290026], [-89.09418819437762, 42.26622733759147], [-89.09421407651007, 42.2662552936423], [-89.09423569353942, 42.26628337635752], [-89.09425509520725, 42.2663114383517], [-89.09428950102362, 42.26636749329873], [-89.09430447002262, 42.2663954859242], [-89.09432169151563, 42.26642352751981], [-89.09432783005184, 42.26645146457808], [-89.09433179121864, 42.26647935516703], [-89.09433065282853, 42.26654651876808], [-89.0943306871177, 42.266546712653664], [-89.09433064771734, 42.26654682032149], [-89.09425477932288, 42.266758477737255], [-89.09425475774364, 42.26675853515481], [-89.09425450760986, 42.26675884702114], [-89.09423547097519, 42.26678475345239], [-89.09421955731061, 42.266812485188495], [-89.09419214360288, 42.266843045259286], [-89.09416999994066, 42.26686775493031], [-89.09414522098648, 42.2668954037451], [-89.09412491328088, 42.26692306646296], [-89.0941001338272, 42.266950742272044], [-89.09407757235617, 42.266978356893006], [-89.09407108665947, 42.26698405546438], [-89.0938032077967, 42.26725804772582], [-89.09380293766645, 42.267258323391964], [-89.09372932633751, 42.26734624422913], [-89.09362768740912, 42.26746764338572], [-89.0936248118454, 42.267472454702094], [-89.09362353413457, 42.26747367706059], [-89.0936183864098, 42.26747873990768], [-89.09347520384394, 42.26763907088081], [-89.09346171946643, 42.267656184571585], [-89.09345435207139, 42.267663618740784], [-89.09327676690897, 42.26787267954859], [-89.09327297200508, 42.26787773433522], [-89.093261029361, 42.26789120450548], [-89.0932449109513, 42.26790938648131], [-89.09322290905263, 42.2679360554471], [-89.0932188633488, 42.26794096023473], [-89.09321518423913, 42.267944690858805], [-89.09316013832279, 42.26800621178756], [-89.09287351131466, 42.26832655300821], [-89.09270824641374, 42.268511256261455], [-89.09270625340072, 42.26851348384987], [-89.0921591459529, 42.26839417628394], [-89.09190298474059, 42.26833834740516]]]]}, "properties": {"name": "East River", "status": "Existing", "ending_date": "2033-12-30", "final_levy_year": "2032"}}, {"type": "Feature", "geometry": {"type": "MultiPolygon", "coordinates": [[[[-89.12845478416476, 42.28833336391868], [-89.12811133852257, 42.28833535591025], [-89.12793136916733, 42.28833657977115], [-89.1277410145516, 42.28833787311364], [-89.12756692280104, 42.288339067726255], [-89.12737727057707, 42.28834033982054], [-89.12719179457325, 42.28834159543986], [-89.12719179230467, 42.2883419546389], [-89.12719055135376, 42.28871829659074], [-89.12719055029746, 42.28871865580075], [-89.12700348831551, 42.28871962124482], [-89.12682152639645, 42.28872057861351], [-89.12663941778246, 42.288721534362885], [-89.12645775335056, 42.288722465942996], [-89.12627534529979, 42.28872341749747], [-89.12609423491574, 42.288724353528295], [-89.1260241452577, 42.288724728520755], [-89.12602386027974, 42.28872473043607], [-89.12589915791305, 42.28874086643841], [-89.12575279825259, 42.28875980551367], [-89.1256168886365, 42.28877739069172], [-89.12561688674958, 42.28877794705977], [-89.12538945487586, 42.2887796138177], [-89.12514849551593, 42.28878137783296], [-89.12502053076253, 42.28878230059439], [-89.1244242081361, 42.28878742108606], [-89.12430228468625, 42.28878816927877], [-89.12418029210204, 42.28878891851389], [-89.1241802934772, 42.288788467476294], [-89.1239509780268, 42.28879008724752], [-89.12373004646072, 42.28879168287885], [-89.1237054342639, 42.28879183445227], [-89.12345989202453, 42.288793341665226], [-89.1232143145959, 42.28879484983264], [-89.12297013563466, 42.28879706703425], [-89.12284820623466, 42.28879817374614], [-89.12272625620807, 42.28879928104086], [-89.12272625607739, 42.28879892182012], [-89.12252225976077, 42.28880038480288], [-89.12231966735138, 42.288801860208466], [-89.12212708972143, 42.288803236518106], [-89.12212547264296, 42.28897669060436], [-89.12212420004357, 42.289113150915334], [-89.12212393131202, 42.28914196345355], [-89.12212385695149, 42.28914998624541], [-89.12212224324992, 42.28932330710785], [-89.12212062632418, 42.289496601827125], [-89.12211901257098, 42.28966992357916], [-89.12211739685061, 42.28984321649856], [-89.12211579708546, 42.29001480889266], [-89.1221142707757, 42.290178579249826], [-89.12211181277613, 42.29144961825081], [-89.12211167701, 42.2915214545842], [-89.12211115805665, 42.291547428889004], [-89.12211144464196, 42.29164118324958], [-89.1221113789968, 42.29167516804326], [-89.12211126998442, 42.29173217669124], [-89.1221111742168, 42.291781632850125], [-89.12211107060533, 42.29183486569186], [-89.1221109346115, 42.2919053209597], [-89.1221107911073, 42.2919794592818], [-89.12211076656091, 42.29199268535189], [-89.12211071709763, 42.292020627483595], [-89.12211061176386, 42.292081595677004], [-89.12211045915684, 42.29216927261104], [-89.1221103762177, 42.2922170714326], [-89.12211029869638, 42.29226109354869], [-89.12211013783228, 42.29235411277921], [-89.12211004454825, 42.29240716024827], [-89.12210992534801, 42.29247586458069], [-89.12210978533774, 42.29255720171815], [-89.12210062256428, 42.29255450378325], [-89.12208993768677, 42.292550208356154], [-89.12206805553254, 42.29254136524901], [-89.1220338004493, 42.29252977424653], [-89.1219747167307, 42.29251982425636], [-89.12186355554455, 42.29252561683314], [-89.12180792561485, 42.29253032358295], [-89.12177335765449, 42.29254213742534], [-89.12173404523209, 42.29255245404032], [-89.12170026363256, 42.292563643916786], [-89.12165190258317, 42.292571325696734], [-89.12161210532045, 42.29258199436969], [-89.12156270352727, 42.2926023086251], [-89.12150903873477, 42.292614520926456], [-89.12143644402252, 42.292607508528434], [-89.12138402348296, 42.292587448292345], [-89.12135818575966, 42.29255492804187], [-89.12136376998083, 42.2925189894953], [-89.12137086872261, 42.292477772796744], [-89.12136972305025, 42.292457373282105], [-89.1213411960113, 42.29241274289851], [-89.1213274167062, 42.292399937474826], [-89.1213005699249, 42.29237498582852], [-89.12124640715605, 42.292331094037074], [-89.12116334048402, 42.292310753400486], [-89.12109260234287, 42.29232069413716], [-89.12105735410988, 42.29233910435404], [-89.12100375000584, 42.292348462124934], [-89.12097891207728, 42.29234428961662], [-89.12094031327571, 42.29234731284318], [-89.12089946938355, 42.29234523879593], [-89.12086708290634, 42.292355509340986], [-89.12085233859362, 42.29235984665527], [-89.12080450013936, 42.29237310389441], [-89.12074390619802, 42.29239867519694], [-89.12071749968018, 42.292415282529966], [-89.12066635892488, 42.2924363250848], [-89.1206116478528, 42.29244654496402], [-89.12056410041028, 42.2924429439582], [-89.12052614028158, 42.292436313564], [-89.12048820355868, 42.292432811909684], [-89.12037127039973, 42.29245677062958], [-89.1203296988047, 42.29246964550556], [-89.12024296457487, 42.292462241343976], [-89.12016917735262, 42.292449712833765], [-89.12013278858784, 42.292434599628486], [-89.12010178905778, 42.292421440630804], [-89.12007631530392, 42.2924105575977], [-89.12004215390739, 42.29239260264243], [-89.12003601311241, 42.29238916957194], [-89.12002464618139, 42.292380524685065], [-89.12001236671409, 42.29237118724059], [-89.11998651209036, 42.29235152549713], [-89.11998240337519, 42.29234840086841], [-89.11997531282542, 42.2923430081776], [-89.11996396937157, 42.29233682761722], [-89.11992798738399, 42.29231722106661], [-89.11987195794447, 42.29227019655331], [-89.11983297410488, 42.292247338598855], [-89.11979782687925, 42.292229318752305], [-89.11977537772204, 42.292220252159126], [-89.11980360047805, 42.29212993974151], [-89.1197153491486, 42.29211862213619], [-89.11958742693976, 42.292102217455295], [-89.1192910890929, 42.29206421220903], [-89.1187695617205, 42.29199732413802], [-89.11833136384736, 42.291941124039965], [-89.11822601708512, 42.29193007033722], [-89.11806181441743, 42.29186785092819], [-89.11784860806289, 42.291737918147014], [-89.11769973529047, 42.29161640069143], [-89.11747443430066, 42.29139657425234], [-89.11734815072487, 42.2912032012807], [-89.11719678669832, 42.2909714214464], [-89.1170632501616, 42.29083842965354], [-89.11692156819421, 42.2906973270663], [-89.11677225661005, 42.29066702178407], [-89.11640724378266, 42.29059293732065], [-89.1160749567906, 42.29052855155325], [-89.11578038122461, 42.2904714724464], [-89.11566147686332, 42.29047196091846], [-89.11544742292315, 42.290472688007846], [-89.1152629222207, 42.29047331475006], [-89.11511048867956, 42.29040858635322], [-89.11503711422785, 42.290377428437594], [-89.11501383008061, 42.29036761230796], [-89.11475251393476, 42.290256647478415], [-89.11439893326781, 42.290106502490495], [-89.11431463600213, 42.29007946808245], [-89.1143148865073, 42.29011110959431], [-89.11431167072398, 42.290397511148356], [-89.11431284443135, 42.290602260735184], [-89.11334667825608, 42.29060966283602], [-89.11334380585481, 42.290105569800126], [-89.11241904465096, 42.29011279524082], [-89.11241651230927, 42.289823596784345], [-89.11223396414493, 42.28982191833639], [-89.11223307951639, 42.289757478493755], [-89.11074712551964, 42.2897656201437], [-89.11074975699408, 42.2901258099183], [-89.11020343191781, 42.2901300527721], [-89.11020081593806, 42.289769122187906], [-89.10928206821703, 42.289775006580236], [-89.10927959123714, 42.28924848072638], [-89.10909480769391, 42.2892486862048], [-89.10854280004037, 42.28925275981497], [-89.10798630055163, 42.289256863121295], [-89.10776047662513, 42.28925854485823], [-89.10726501407635, 42.28899364522903], [-89.10707409701097, 42.28894675735974], [-89.10707588129813, 42.289170978933726], [-89.10707588253092, 42.28917105006876], [-89.10707645681721, 42.289251304434046], [-89.10707645683762, 42.28925137555787], [-89.10706360675186, 42.28925149089608], [-89.10706092638421, 42.28938861408619], [-89.1070609264046, 42.28938868521002], [-89.10706116805432, 42.28941456203765], [-89.1070614351388, 42.289443189513776], [-89.10706182693008, 42.289484994018544], [-89.10706241937034, 42.28954824910115], [-89.10706320733149, 42.2896324649509], [-89.10706362101445, 42.28967665274808], [-89.10706424922586, 42.28974370562037], [-89.10706424924625, 42.28974377674418], [-89.10688099233359, 42.28974469048983], [-89.10670032416675, 42.28974546311721], [-89.10658149243447, 42.28974603827719], [-89.10657495033036, 42.28974605972477], [-89.10651599598964, 42.289746338467765], [-89.10634224000833, 42.289747146525976], [-89.10633240735845, 42.289747220360354], [-89.10614884221766, 42.28974887013123], [-89.10596328149914, 42.289750502049294], [-89.10578141654541, 42.28975213994961], [-89.10576657625703, 42.28975227274154], [-89.10559585536663, 42.28975379827761], [-89.10546682959902, 42.28975495407829], [-89.10545631744776, 42.289755055760516], [-89.10541103372914, 42.289755463149596], [-89.10538588152609, 42.289755687718646], [-89.10538466030816, 42.28975569802337], [-89.10538368647389, 42.28975570701642], [-89.1051101410843, 42.28975815005337], [-89.10504286803017, 42.289758750760846], [-89.10488904645678, 42.28976013549972], [-89.10485958295443, 42.28976047128335], [-89.10475729335201, 42.28976130756225], [-89.10467248516721, 42.28976200045049], [-89.10448914202411, 42.28976363971632], [-89.1043664212964, 42.28976473654261], [-89.1043663897597, 42.289764737150776], [-89.10429618294808, 42.28976573248195], [-89.10429615141138, 42.28976573309009], [-89.104296181753, 42.28976580359449], [-89.10427498933669, 42.28976598087772], [-89.10425366471166, 42.289766160533325], [-89.10426199642932, 42.28979125433189], [-89.1042702069664, 42.28981598328631], [-89.10427075422386, 42.28981733070221], [-89.10427347988768, 42.28982405057761], [-89.10432013608043, 42.28993267804846], [-89.10437137795216, 42.29005186347105], [-89.1043715319953, 42.29005222141644], [-89.10441814123284, 42.290160776384994], [-89.104423336452, 42.29017250318775], [-89.10442432480828, 42.290174805404554], [-89.1044243551502, 42.290174875908946], [-89.10391447552061, 42.29017882319606], [-89.10391444517924, 42.29017875269153], [-89.10378534451658, 42.29017969433352], [-89.10365924531652, 42.290180614137725], [-89.10384770364584, 42.29062002778049], [-89.10388512163583, 42.29070727232117], [-89.10382216087528, 42.290707645788856], [-89.1037769952436, 42.29070798430255], [-89.10354767920971, 42.290709346268564], [-89.1035460510928, 42.29053801602293], [-89.10321122612721, 42.2905804628387], [-89.10307315905861, 42.290581393445734], [-89.1029369935369, 42.29058231001568], [-89.10293668797657, 42.29055651272149], [-89.10293668796085, 42.29055644159774], [-89.10293533134471, 42.290428955710595], [-89.10293532767439, 42.29042859735762], [-89.1029339719853, 42.29030329019939], [-89.10293396833012, 42.29030293094626], [-89.10293265010607, 42.29017979295278], [-89.1029326464509, 42.29017943369964], [-89.10293188270249, 42.29011774174078], [-89.10293187904729, 42.29011738248764], [-89.10293103904613, 42.29004696322416], [-89.10293104024043, 42.290046604016005], [-89.10292946987725, 42.28991632790945], [-89.1029294662221, 42.2899159686563], [-89.10292857352984, 42.28984003367077], [-89.10292856866229, 42.28983967440637], [-89.10292787728396, 42.28978240088186], [-89.10292787847827, 42.2897820416737], [-89.10292629573932, 42.28965033937307], [-89.10292629087178, 42.28964998010866], [-89.10292465753433, 42.28951660097912], [-89.10292465751859, 42.28951652985535], [-89.10292385378722, 42.289450152363024], [-89.1029237156966, 42.28943868667549], [-89.10292364628042, 42.28943207513652], [-89.10292364262524, 42.28943171588334], [-89.10292310007762, 42.28938519780633], [-89.10292310006189, 42.289385126682554], [-89.10294022048497, 42.28938495689058], [-89.1029402520215, 42.289384956282845], [-89.10289198572544, 42.28927107897107], [-89.10289195890152, 42.2892710157013], [-89.10292227486033, 42.289263602978], [-89.10292194713844, 42.28926283018225], [-89.1028978078104, 42.28920604496789], [-89.10287327620024, 42.28914843503615], [-89.10287152880115, 42.289144335069416], [-89.1028487836261, 42.28909081375689], [-89.10282425458871, 42.289033200236396], [-89.10282040436627, 42.289024217344924], [-89.10279974259832, 42.2889755850677], [-89.10274843543846, 42.28885495694405], [-89.10273847683892, 42.28883154230121], [-89.10273344153819, 42.28881970436669], [-89.10271867388244, 42.28878520293513], [-89.10270816337713, 42.28876064879194], [-89.10264122322629, 42.28876141593576], [-89.10248705810493, 42.2887631822977], [-89.10244311938415, 42.28876368562596], [-89.1024431017734, 42.288761922677054], [-89.10244287025776, 42.28873908534408], [-89.1024412632376, 42.28859311034954], [-89.10244126322237, 42.28859303922575], [-89.1023488339209, 42.28859031505752], [-89.1022564167372, 42.28858759182754], [-89.10218463683536, 42.28856823801256], [-89.10208208552736, 42.288567807259696], [-89.10190791777575, 42.28856251335734], [-89.10173335584305, 42.288547654354005], [-89.10155956182314, 42.288546451651214], [-89.10138539926268, 42.28854524526126], [-89.10126626003115, 42.28854441299483], [-89.10102679152425, 42.288534725270495], [-89.10050428709626, 42.28853829161075], [-89.10050847877392, 42.288949398988336], [-89.09998708597432, 42.28895435795943], [-89.09998708651749, 42.28891070607093], [-89.09896018647997, 42.288922947137806], [-89.0989599105761, 42.28889764346893], [-89.0987135533045, 42.28868945818868], [-89.098179276892, 42.28912499913697], [-89.09773659246798, 42.28913146089921], [-89.09773403044356, 42.288950389620275], [-89.09730492761278, 42.288956066120065], [-89.09730530854878, 42.28898164446169], [-89.09677988227045, 42.28898976169623], [-89.09678014235313, 42.289011721510796], [-89.09665821163489, 42.2890101381699], [-89.09653620212265, 42.289008553964], [-89.09653924407853, 42.28925841526769], [-89.09617138353182, 42.2892613756409], [-89.09616774871616, 42.28901109465841], [-89.09616774992037, 42.28901102354603], [-89.09605975090811, 42.28901189959999], [-89.09598588994959, 42.28901248120245], [-89.09586464958117, 42.28901338018537], [-89.09586441012316, 42.289001245522705], [-89.09585642830004, 42.288591192007466], [-89.09585642829224, 42.288591120883794], [-89.09597015145212, 42.2885910034014], [-89.09597054352848, 42.28857723248969], [-89.0959732213986, 42.28848212291178], [-89.09597580086809, 42.288390531681834], [-89.09597580207249, 42.28839046056947], [-89.09597613589095, 42.2883524944808], [-89.0959774750111, 42.288272353372946], [-89.09598052659138, 42.288097973257585], [-89.09598192602152, 42.28801799296254], [-89.09616518980022, 42.288016383656995], [-89.09633876893108, 42.28801493034486], [-89.09652654275192, 42.28801328063077], [-89.09652692333522, 42.288068587747034], [-89.09652719361837, 42.288107775781306], [-89.09664915578485, 42.2881071115053], [-89.0967666311896, 42.288106471859315], [-89.09697945101588, 42.288104259221406], [-89.09722069229203, 42.288101695452944], [-89.09751479111571, 42.288098631886555], [-89.09760774226025, 42.288097544847176], [-89.0976915236747, 42.28809656581556], [-89.0976915271496, 42.2880965037273], [-89.09769171969579, 42.28809429528823], [-89.09769546238314, 42.28805157948059], [-89.09769535134637, 42.28801540803307], [-89.09769506566816, 42.287922015553654], [-89.09769506444594, 42.28792194441865], [-89.09769502960832, 42.28791066694845], [-89.09769462738089, 42.287779564356015], [-89.09806466355053, 42.287776427587644], [-89.09811995672509, 42.2877761469803], [-89.09856598901466, 42.28777234467462], [-89.09881162394572, 42.287773824811], [-89.09877474621604, 42.28740789423303], [-89.09873425638136, 42.28700660224217], [-89.09873425394565, 42.28700653109587], [-89.09894636944392, 42.287004662056795], [-89.09920712351611, 42.287002278485346], [-89.10078432988666, 42.286987861908464], [-89.10081220826855, 42.28698754484679], [-89.1010280709383, 42.28698563746222], [-89.10125981004062, 42.28698359088476], [-89.10126015807197, 42.28698322859683], [-89.10128729726536, 42.28695475219405], [-89.10130388415985, 42.28693713258941], [-89.10133932160767, 42.28689930623579], [-89.10136992636984, 42.286866637804785], [-89.10136960269779, 42.28686663389755], [-89.10121421947896, 42.28686483195948], [-89.10132847165171, 42.28674161074776], [-89.10132866438205, 42.28674139826706], [-89.10142515271784, 42.28663251574344], [-89.10142531468482, 42.28663232998578], [-89.10150043772303, 42.28654422139355], [-89.10150048844366, 42.28654416154463], [-89.1016232618721, 42.28639324224678], [-89.10162334493124, 42.28639313408198], [-89.10174582484275, 42.2862329712489], [-89.10174607670123, 42.28623263147407], [-89.10182439780431, 42.28612448288701], [-89.10187325029725, 42.28605449619654], [-89.10195287074392, 42.28594224341378], [-89.1020003439178, 42.285873074835976], [-89.10203211943596, 42.285815688565656], [-89.1020154852584, 42.28577710394661], [-89.10199230716321, 42.28572333803822], [-89.10199216880942, 42.28572356182853], [-89.10192509003971, 42.28556795065657], [-89.10178766377135, 42.28524893364698], [-89.10173018424554, 42.28511583165159], [-89.10169312882563, 42.28502959623968], [-89.10156516343538, 42.284732591799404], [-89.1015651914844, 42.284732582156636], [-89.10187856728282, 42.284619645487965], [-89.10222918769144, 42.284493296206676], [-89.10222898236437, 42.28449281714191], [-89.10219480710512, 42.2844131528957], [-89.10215216433232, 42.284313746588346], [-89.10206827854007, 42.28411816278752], [-89.1025923392974, 42.28393406747844], [-89.1025923328271, 42.2839340917265], [-89.10256724902838, 42.28403744385215], [-89.10256724378549, 42.2840374672113], [-89.10256723731516, 42.284037491459344], [-89.10254118524256, 42.2841363438972], [-89.10250566191745, 42.28426023579897], [-89.10250557702973, 42.28426052490771], [-89.10249177122729, 42.284305885331165], [-89.10247960653392, 42.28434472210586], [-89.10247960013929, 42.28434474185313], [-89.10245839448714, 42.2844101399918], [-89.10267332002941, 42.2843352199935], [-89.10286490183523, 42.28426843691615], [-89.10288053876195, 42.28425849591965], [-89.10310261025614, 42.284178483586516], [-89.10310260663542, 42.28417855467659], [-89.10309576150159, 42.284220915112854], [-89.10308389608402, 42.284304330368336], [-89.10308375944474, 42.28430538965406], [-89.10307475835809, 42.284382213370876], [-89.103074748358, 42.2843823033081], [-89.10307313228195, 42.28439800845191], [-89.10307301560051, 42.284399178659605], [-89.10306840191322, 42.28444907279031], [-89.10306830661237, 42.284450197281004], [-89.10306387416547, 42.2845089214308], [-89.1030638190021, 42.28450975009515], [-89.10306173691691, 42.28454393136765], [-89.10306172861446, 42.28454406453498], [-89.10306045909947, 42.28456843017427], [-89.10306031514807, 42.28457143764062], [-89.1030570426121, 42.28467501557307], [-89.10305669799693, 42.28470609612255], [-89.10305669763352, 42.28470611772636], [-89.10305669848236, 42.284706139341424], [-89.1030566403768, 42.28472350378213], [-89.10305672898562, 42.28475110238937], [-89.10305967691541, 42.28486819749439], [-89.10307065682095, 42.28503008767724], [-89.10309195315088, 42.285207649622535], [-89.10310621066591, 42.28529615526518], [-89.10312287403815, 42.28538442843365], [-89.10312909919432, 42.28541446614479], [-89.10313508445984, 42.285442114936494], [-89.10316337588621, 42.28556013740346], [-89.10321338472869, 42.285734493142066], [-89.10327277331396, 42.285907064114085], [-89.10327287890892, 42.285907345986736], [-89.10334147253545, 42.28607771011803], [-89.10334172347501, 42.2860782895369], [-89.10341946558037, 42.2862463535558], [-89.1034197047755, 42.286246838334144], [-89.10342823029978, 42.28626310206633], [-89.10343663085395, 42.286280164104994], [-89.1035066694735, 42.28641216446371], [-89.10382564520613, 42.28640983300287], [-89.10383099620913, 42.28659719619126], [-89.10424024541177, 42.28658910645414], [-89.10437667392142, 42.28658790085849], [-89.10453483540897, 42.28658653898333], [-89.10462029114558, 42.286585876493646], [-89.1053080838904, 42.28658006078112], [-89.10531190795116, 42.28694668278669], [-89.1049404392222, 42.286949583012536], [-89.10496846949314, 42.28699704163226], [-89.10624815950213, 42.28698317282391], [-89.10624833987752, 42.287008996879095], [-89.10689295343433, 42.28700732427463], [-89.10689257817229, 42.286976835768165], [-89.10723631991361, 42.28697441490151], [-89.10724084056835, 42.28734202820362], [-89.10787104274266, 42.28733734140482], [-89.1078665519188, 42.28696997237666], [-89.10843443440197, 42.28696560733575], [-89.1084487998594, 42.28828884415039], [-89.11107155335706, 42.28826699894856], [-89.11197308342066, 42.288259487827396], [-89.11351887951061, 42.28824658336457], [-89.11376279857492, 42.288244570265455], [-89.11424868142224, 42.28823140543224], [-89.1142469903985, 42.287797929032976], [-89.11497865602469, 42.287792629929086], [-89.11497856007381, 42.28776734773834], [-89.11594700723174, 42.287760153462905], [-89.11619093511091, 42.28776172566891], [-89.11619046050981, 42.28752802786049], [-89.11711390873043, 42.28752411801974], [-89.11711555255464, 42.28820366297064], [-89.11735945352088, 42.288203309407514], [-89.11782259576168, 42.288201975443094], [-89.11827254209994, 42.28820071162726], [-89.1185164252774, 42.288198578248696], [-89.11899792850032, 42.288195432105724], [-89.11899768676699, 42.28811987765746], [-89.11899841433927, 42.288027537875514], [-89.11969861001727, 42.28802311942849], [-89.11987152488561, 42.28802221591608], [-89.119864787021, 42.28757881444979], [-89.12189471583106, 42.28756772077091], [-89.12189998154066, 42.28800942517321], [-89.12212535042055, 42.28800843166871], [-89.12375250674071, 42.287997344788685], [-89.12511379730962, 42.28798750970531], [-89.125620563776, 42.287984601216856], [-89.1256185230055, 42.287562103498054], [-89.12587468454178, 42.28756191874633], [-89.1258756597838, 42.28712853133596], [-89.12845653948183, 42.287112546139824], [-89.12845790950234, 42.28812061085353], [-89.12845478416476, 42.28833336391868]]]]}, "properties": {"name": "Auburn Street", "status": "Existing", "ending_date": "2038-12-30", "final_levy_year": "2037"}}, {"type": "Feature", "geometry": {"type": "MultiPolygon", "coordinates": [[[[-89.03054491106988, 42.267120152871286], [-89.0302160044181, 42.26724655329206], [-89.03028040793949, 42.26735311453234], [-89.03028479060188, 42.26823212724593], [-89.03009534801352, 42.26834429531407], [-89.02996784334485, 42.26834445850122], [-89.0292722406304, 42.26834538230298], [-89.02923532956098, 42.268345454647104], [-89.02923519633102, 42.2682851107193], [-89.02923371674736, 42.26751457424965], [-89.02886402981558, 42.267371231604656], [-89.02886396636667, 42.267206336505346], [-89.02886434677198, 42.26690171561695], [-89.02886448638922, 42.26676448334303], [-89.02886466477997, 42.26662725145067], [-89.02886484195153, 42.26649001954301], [-89.02886501909967, 42.26635278853227], [-89.02886515990009, 42.26621555625741], [-89.02886533704995, 42.266078324340036], [-89.02886551419253, 42.26594109241943], [-89.02830926221317, 42.265949978656536], [-89.02830949066531, 42.26578530609148], [-89.02830970507704, 42.26564815736514], [-89.02830995583751, 42.26551100899644], [-89.02831038342799, 42.26523671061537], [-89.02831059780992, 42.26509956187605], [-89.02831081220063, 42.26496241223338], [-89.02831102535586, 42.264825263475586], [-89.02831145408395, 42.26455096507416], [-89.0283116590517, 42.26441433749958], [-89.02773372003477, 42.26442393840605], [-89.02751214625295, 42.26439023518972], [-89.02731354056205, 42.26435920225754], [-89.02712171334049, 42.26432922396879], [-89.02692988630744, 42.26429924536116], [-89.02692965414988, 42.264439302804206], [-89.026347291997, 42.26444835939572], [-89.02612564016057, 42.26445183513468], [-89.02554261207318, 42.26446090802392], [-89.0255428257653, 42.26432406087852], [-89.02554304610041, 42.26418691219537], [-89.02554326505441, 42.264080551972306], [-89.02534537895623, 42.26407323220741], [-89.02495477491561, 42.26405880606102], [-89.02473314728921, 42.264060475149506], [-89.02473266334, 42.26366816437895], [-89.02473599521909, 42.26348536541885], [-89.02480149477118, 42.26347936800742], [-89.0250316158358, 42.263458877924045], [-89.0251239307898, 42.26345892270495], [-89.02513265695475, 42.26345895554991], [-89.02525540035585, 42.26345618177196], [-89.02537819941514, 42.2634559661705], [-89.02538783953928, 42.2634560621099], [-89.02543574293583, 42.26345675851028], [-89.02556935291017, 42.26346074125577], [-89.02570273594463, 42.26346776550403], [-89.02577035026177, 42.26347246434389], [-89.02596051306074, 42.26348997537704], [-89.026149459213, 42.263513664461954], [-89.02627707838921, 42.26353323762778], [-89.02644694792507, 42.263559705709035], [-89.02670541763518, 42.263599952015305], [-89.02679790068629, 42.26350112970572], [-89.0268831600507, 42.2633987855711], [-89.02696095413977, 42.263293211624784], [-89.02703105941802, 42.263184707261146], [-89.02709327885314, 42.263073581140006], [-89.02714743467692, 42.26296014931383], [-89.02719337203663, 42.26284473436364], [-89.02720392713441, 42.262814545021605], [-89.0272573606258, 42.26266171239971], [-89.02736561977356, 42.26267798955972], [-89.02752312573197, 42.262701035414445], [-89.02769264951195, 42.26272459924691], [-89.02786291108758, 42.262745023604296], [-89.02810107142973, 42.262768188943255], [-89.028340081254, 42.26278524197517], [-89.02856132249978, 42.26279550275856], [-89.0287828935368, 42.262800504129245], [-89.02923849731935, 42.26297842455045], [-89.02981646291133, 42.2630555080555], [-89.03054056689932, 42.26316825068059], [-89.03111904124634, 42.26325830149683], [-89.03208980367512, 42.263446030845905], [-89.03289195886549, 42.263607687000594], [-89.03287960806715, 42.26460083067657], [-89.0330983930362, 42.26465021970956], [-89.03310183479016, 42.26363945638985], [-89.03363132129412, 42.2637625212916], [-89.0339842526984, 42.263844572516525], [-89.0345983970529, 42.263987321395255], [-89.03469442067049, 42.26400964601649], [-89.03521581995402, 42.26413084028137], [-89.03586046994985, 42.26428066174415], [-89.03586247996031, 42.263684521255], [-89.03586331823477, 42.26342880445112], [-89.03605888420236, 42.26342538130883], [-89.03631368766645, 42.26342095090566], [-89.0365684911232, 42.26341651903574], [-89.03682333089553, 42.26341208785751], [-89.03707813428937, 42.263407655754385], [-89.03731080290196, 42.26340358039483], [-89.03754346978498, 42.2633995324553], [-89.03777610029337, 42.26339548368544], [-89.03800876834914, 42.26339143481304], [-89.03824143515746, 42.26338738635639], [-89.03850769495102, 42.26338273339471], [-89.0387656395335, 42.263378245614525], [-89.03876422056808, 42.26381018436729], [-89.03876372304208, 42.263974826509845], [-89.03876251531628, 42.264318214603634], [-89.03876201875143, 42.26447042628768], [-89.03876032024242, 42.26498847237995], [-89.03908334322163, 42.26499771343053], [-89.03927971244235, 42.265003348828486], [-89.03947604584643, 42.26500895562878], [-89.03953088639436, 42.26501052099824], [-89.0396886262659, 42.26501502426045], [-89.03974881426426, 42.26501674020971], [-89.03983632369709, 42.265018800218364], [-89.03992387084743, 42.26501799397305], [-89.04002921547757, 42.265013211224705], [-89.0401340691217, 42.26500428037196], [-89.04023973235202, 42.264990995418], [-89.04034427662056, 42.26497349857285], [-89.04045093373865, 42.26495101670929], [-89.0405557367713, 42.26492415008045], [-89.04057467435965, 42.26491876588089], [-89.04080735765459, 42.26484973047634], [-89.0410080245779, 42.26479017020597], [-89.04103454903917, 42.26497728440489], [-89.04107960126866, 42.26528575463463], [-89.04128265949622, 42.2652913424211], [-89.04148568069556, 42.26529690157534], [-89.04168873901027, 42.26530248864356], [-89.04189375404978, 42.26530812245335], [-89.04229643670463, 42.26531917828845], [-89.04231859264135, 42.26531977994545], [-89.04254761140497, 42.265326058463785], [-89.0425476223422, 42.26533785881405], [-89.04256977732932, 42.265338514431285], [-89.04256969929861, 42.265424020637894], [-89.04256965542841, 42.26544108901113], [-89.04256965128641, 42.26546833747508], [-89.0427174310496, 42.265472393225004], [-89.04290202739166, 42.2654774406798], [-89.04308665964636, 42.265482515198315], [-89.0434927044861, 42.26549365469408], [-89.04367685743127, 42.26549869655881], [-89.04367436635773, 42.265566177621906], [-89.04379754899729, 42.26558439682095], [-89.04357283510438, 42.26606192428307], [-89.04360738283376, 42.266303141685405], [-89.04299090533566, 42.26661166148108], [-89.04268695203412, 42.26676378024938], [-89.04257184210925, 42.26682137587676], [-89.04257179177085, 42.266859546328476], [-89.0425715969788, 42.26705347186711], [-89.042571567952, 42.267082120047114], [-89.0425715344251, 42.267104813594926], [-89.04257713193203, 42.26717255846126], [-89.04259122770229, 42.26723961777118], [-89.04261369761994, 42.267305406009996], [-89.04264434588812, 42.267369346862054], [-89.0427325730057, 42.267489965074176], [-89.04246383755181, 42.26758515936502], [-89.04234013954826, 42.267626706428786], [-89.04221421206175, 42.26766437821142], [-89.04208627566942, 42.26769810934628], [-89.04215213525843, 42.26788804515214], [-89.04208566730374, 42.26797965073632], [-89.04188236523981, 42.2679894012832], [-89.04167906189305, 42.26799915235712], [-89.04149424850752, 42.2680080131325], [-89.0413094714184, 42.26801687486629], [-89.04119443362138, 42.268022386521416], [-89.04112465842258, 42.26802570804045], [-89.0409398451307, 42.2680344868956], [-89.04093970850285, 42.26800687964383], [-89.040699412651, 42.26800888337234], [-89.04038513993991, 42.26801150511468], [-89.040052429179, 42.26801427436617], [-89.03971971721391, 42.268017041739895], [-89.03972009517463, 42.26809333240335], [-89.03942439100723, 42.26810716536584], [-89.03942394592174, 42.26802017217244], [-89.03875782143648, 42.26802569631599], [-89.0385434726259, 42.26802028286874], [-89.03832964515455, 42.26800793283508], [-89.03811674718958, 42.26798866824086], [-89.03790518174392, 42.26796252816994], [-89.03769535289577, 42.267929559822235], [-89.0374876583558, 42.26788982744353], [-89.03728249562259, 42.267843406984206], [-89.03708025230266, 42.26779038510345], [-89.0368813145131, 42.267730863753386], [-89.0364514017274, 42.26761151147657], [-89.03643220485219, 42.267588464552134], [-89.03640817757524, 42.26756806821583], [-89.03637997061404, 42.26755087626093], [-89.03634834898337, 42.267537354477646], [-89.03631416916218, 42.26752786962496], [-89.03627835748856, 42.267522677513895], [-89.03624188354674, 42.26752192004483], [-89.03620573728634, 42.26752561687911], [-89.03617089625352, 42.267533667817204], [-89.03567334225316, 42.26739553444754], [-89.03560156776724, 42.2673793809997], [-89.03552761694637, 42.267370108642716], [-89.03545268106966, 42.26736786506896], [-89.03388791922531, 42.26739484382547], [-89.03388749758578, 42.26724915397047], [-89.03388733140015, 42.26720272204242], [-89.03434530174925, 42.26719484153734], [-89.03517997535702, 42.2671804411472], [-89.03564023577087, 42.267172523145575], [-89.0354795449786, 42.267127910126305], [-89.03524055646461, 42.267067294924814], [-89.03501945993979, 42.267017552256256], [-89.03479625949561, 42.26697329913422], [-89.03457120025752, 42.266934584781936], [-89.0343445323412, 42.26690145037101], [-89.03411595176023, 42.26687387848489], [-89.03388626001326, 42.26685198506536], [-89.03372734738491, 42.2668401796965], [-89.03349115492986, 42.26682771492945], [-89.03325452802868, 42.26682123778109], [-89.03313957070878, 42.26682024468571], [-89.03313314432917, 42.26682023068021], [-89.03295108807258, 42.26682166846222], [-89.03280118587246, 42.26682457716742], [-89.03254270148915, 42.26682956742983], [-89.03237447226881, 42.26683665718114], [-89.03173488749606, 42.26687302766568], [-89.03136841369974, 42.266904662223034], [-89.03104437987622, 42.26697793253682], [-89.03094811667032, 42.26699970099606], [-89.03054491106988, 42.267120152871286]]]]}, "properties": {"name": "East State & Alpine", "status": "Existing", "ending_date": "2030-12-30", "final_levy_year": "2029"}}, {"type": "Feature", "geometry": {"type": "MultiPolygon", "coordinates": [[[[-89.0000095713132, 42.27502113489232], [-89.00000997032619, 42.274911374609594], [-88.999917617308, 42.27491216356503], [-88.99991818516935, 42.274676419081466], [-88.99991827796302, 42.274638006105164], [-88.99991874176655, 42.27444062675818], [-88.99991887485757, 42.274391289072106], [-88.99991932214873, 42.27420485807529], [-88.99991947345269, 42.27414454413688], [-88.99991985698409, 42.27398555447395], [-88.99992007150684, 42.27389782709519], [-88.99992071267006, 42.27363129131556], [-88.99992134074914, 42.27345904273302], [-88.99981031580585, 42.273460066568404], [-88.99981045728212, 42.27340035572271], [-88.99981134927873, 42.273025491373566], [-88.99984830382803, 42.27302518136962], [-88.9998495541658, 42.27251476180623], [-88.99985005833756, 42.27230757404848], [-88.99985225000749, 42.27140676662571], [-88.99985232291922, 42.27137652813763], [-88.99985283709174, 42.27116504691776], [-88.99988985067895, 42.27113348183023], [-88.99988989241844, 42.27110716652513], [-88.9998909659521, 42.27067201087168], [-88.99922607543519, 42.270637395853264], [-88.99819508319565, 42.27063392024986], [-88.9981350461421, 42.27063371812397], [-88.9976324651164, 42.270632024059545], [-88.99726583687858, 42.27063078695437], [-88.99712980528999, 42.27063033238995], [-88.9971314742981, 42.27030023239594], [-88.9971329009794, 42.27002119755778], [-88.99713367446842, 42.26986547717011], [-88.99713489566314, 42.26963158119779], [-88.99700477926838, 42.2695310816926], [-88.99654682678657, 42.2691774206095], [-88.9965070590984, 42.269146709861275], [-88.99642975149928, 42.26908700722036], [-88.99599212813858, 42.26874907521602], [-88.9959840839335, 42.268706651137904], [-88.99596743812275, 42.26861884700917], [-88.99595712142326, 42.26856442305218], [-88.99594432947484, 42.26849703382737], [-88.9958411290906, 42.267952563346604], [-88.99578774299133, 42.267671020533804], [-88.99577976535676, 42.26762900855064], [-88.9958485583439, 42.26760995747526], [-88.99591473040542, 42.26758633579137], [-88.99594395268286, 42.26757335021284], [-88.9959001440086, 42.26735307963387], [-88.99589969817735, 42.26735313270136], [-88.99587127178059, 42.267210202691196], [-88.9964204586616, 42.26714470814745], [-88.99642975109114, 42.267187611299065], [-88.99642893043972, 42.26718794143701], [-88.99649122314428, 42.26740560051034], [-88.99682272603326, 42.267380414471425], [-88.99742100983188, 42.26733495607397], [-88.99746329526019, 42.267333878312044], [-88.99750528734214, 42.267334572033384], [-88.99754569080127, 42.267336945706894], [-88.99759488307741, 42.26734202433409], [-88.99762711212666, 42.267346817475435], [-88.9976688326755, 42.26735453160253], [-88.99770654459444, 42.26736336893887], [-88.99774679593455, 42.26737443608018], [-88.99777182144318, 42.26738302974025], [-88.99785312853237, 42.267228772944094], [-88.99785160064249, 42.26708952159938], [-88.99807373531324, 42.267090468321875], [-88.99819145474791, 42.2670896295942], [-88.99832734014005, 42.267088662521466], [-88.99878873783372, 42.26708537495265], [-88.99880516775336, 42.26667776702929], [-88.99880354387143, 42.26595717249817], [-88.99940329556037, 42.26595768164777], [-88.99986454521729, 42.26597419571139], [-88.99986658242497, 42.264897801230866], [-88.9998680699349, 42.26411132808907], [-88.99986817078766, 42.26405781439948], [-88.99986832257916, 42.263977483099154], [-89.00094793482923, 42.263966948241794], [-89.00263538011326, 42.26395044671345], [-89.00328862342229, 42.263944068082765], [-89.00329848883646, 42.26394397640141], [-89.0044691842347, 42.26393249394698], [-89.00469083061046, 42.26393534411556], [-89.0046907235681, 42.26302986544377], [-89.00506180902482, 42.263026243331446], [-89.00535847927674, 42.2630233213433], [-89.00565518588934, 42.26302039805516], [-89.00595185441348, 42.263017501522846], [-89.00623001196793, 42.26301477342797], [-89.00648962049291, 42.26301224052928], [-89.00674919192247, 42.26300968055873], [-89.00700880043193, 42.26300714648406], [-89.00725280811282, 42.263007227019116], [-89.00749681582238, 42.26300730613478], [-89.00787374337804, 42.26300743870714], [-89.00783962704284, 42.263107226243285], [-89.007805632537, 42.263227951477326], [-89.0077792171546, 42.263349717512085], [-89.00776374454848, 42.263445780720446], [-89.00775298513778, 42.26354219765816], [-89.00774695338683, 42.26363884153043], [-89.00774714957251, 42.26376252673032], [-89.00801020257738, 42.26371185195088], [-89.00875848441477, 42.26353350421404], [-89.00883089787705, 42.263516243760435], [-89.00886893305798, 42.26350717822549], [-89.00950743827137, 42.263429652793114], [-89.00958763560786, 42.26341992488898], [-89.00997808891256, 42.2634381336029], [-89.01033812753876, 42.263454935944296], [-89.01042228650519, 42.2634588302307], [-89.01042216074391, 42.26348594150144], [-89.01060577856232, 42.26348749019662], [-89.01060571256465, 42.26356791964473], [-89.01120299134789, 42.26357114021782], [-89.01120281050764, 42.26363971425773], [-89.01169610583646, 42.26364232384756], [-89.01194733244148, 42.26364367350313], [-89.01194741033407, 42.263479548665416], [-89.01194750379035, 42.263255794395654], [-89.01194781261769, 42.262700386968305], [-89.01194791941427, 42.26246985444236], [-89.0119480113743, 42.26226437531684], [-89.0119481283655, 42.262061641452206], [-89.01194820818786, 42.26188113382344], [-89.0119483255639, 42.261700626567304], [-89.01194839938363, 42.26150623353278], [-89.01194851195037, 42.26131184178236], [-89.01194862381702, 42.261117421208915], [-89.01194873864371, 42.2608803309131], [-89.01249202577863, 42.260879213487634], [-89.01251137928358, 42.2608794631867], [-89.01258634402774, 42.26088463900474], [-89.0126599267798, 42.26089647839634], [-89.01273105565332, 42.260914809424676], [-89.01279869804688, 42.26093936601917], [-89.01286186905982, 42.26096979166087], [-89.01291965323738, 42.26100564320207], [-89.01297120804121, 42.261046399903705], [-89.01301578556277, 42.26109146905475], [-89.01305273718995, 42.26114019592209], [-89.01308064008192, 42.261189984138156], [-89.01310057512494, 42.26124184211528], [-89.01311227270546, 42.261295067612004], [-89.01311557500355, 42.26134894240397], [-89.01311850356842, 42.261942086230576], [-89.0131206516698, 42.262018320071995], [-89.0131291928706, 42.26209430581609], [-89.01314409257027, 42.26216974871523], [-89.01322462242956, 42.26253919572119], [-89.01344967844119, 42.262541659906354], [-89.01349652228869, 42.26253986220864], [-89.01354730039935, 42.262540857170606], [-89.01354739126867, 42.262540858984636], [-89.01527324947762, 42.26254077470017], [-89.01535786762867, 42.26253830124702], [-89.01544164652492, 42.26252912827346], [-89.01552362553507, 42.262513359576225], [-89.01560286928162, 42.262491176634065], [-89.01560198593181, 42.26268797614322], [-89.0156017751838, 42.26273813696638], [-89.01605213247328, 42.26282218092806], [-89.01625788843245, 42.262825150889945], [-89.01642885253338, 42.26282760676449], [-89.01654665530589, 42.26279753255638], [-89.01656914747562, 42.26279177563505], [-89.01674210432871, 42.26274760105983], [-89.01682937982197, 42.26273050257821], [-89.01684339349772, 42.26272776122624], [-89.01685251408237, 42.26272595934208], [-89.0169512076863, 42.26270661556287], [-89.01737504990457, 42.26250137763974], [-89.01771182737664, 42.262338239016245], [-89.01804237876468, 42.262178137669586], [-89.01828187699006, 42.262062154828385], [-89.01828141791042, 42.261639610337106], [-89.01828133832207, 42.26155424033009], [-89.01828125855279, 42.261469280857135], [-89.01828090413674, 42.26110000096456], [-89.0182806271854, 42.26080585552704], [-89.01828054605843, 42.26075536314547], [-89.0187487899402, 42.260750913109966], [-89.01874941842321, 42.261367935126046], [-89.01874950556062, 42.26145365903053], [-89.01874959399251, 42.26153944506746], [-89.01874984038837, 42.26179670845013], [-89.01874991097351, 42.26188240877495], [-89.01898356963733, 42.26183164860455], [-89.01925509408271, 42.26177265005092], [-89.01927608658238, 42.26176808489447], [-89.01937140449583, 42.26174736019976], [-89.01974039682148, 42.26166719087131], [-89.02009566544918, 42.26158998377699], [-89.02032898777074, 42.26153927241284], [-89.02045742275429, 42.261512150802965], [-89.02051058255434, 42.26150092419474], [-89.02081026531047, 42.26143763794876], [-89.0208107970732, 42.2615061912618], [-89.02081182124391, 42.26163523079771], [-89.02078437201492, 42.261676097566934], [-89.02076184315233, 42.2617185917225], [-89.02074279980187, 42.261767321973636], [-89.02073022242226, 42.26181719629394], [-89.02072423228385, 42.26186774323943], [-89.02072544292429, 42.2619250396696], [-89.02073511183389, 42.261981891242705], [-89.02075312179414, 42.26203761075625], [-89.02077925592332, 42.26209152621559], [-89.02081319761008, 42.2621429844346], [-89.02085453873426, 42.26219136552302], [-89.0209027772259, 42.26223608376282], [-89.02095733260649, 42.262276599467704], [-89.02101754471136, 42.26231242257225], [-89.02108268566124, 42.2623431208544], [-89.02091047230856, 42.26259739996771], [-89.02161225558659, 42.26259027737172], [-89.02161105043132, 42.26285699379502], [-89.02161031867657, 42.26302193505641], [-89.02161571623729, 42.263021715259484], [-89.0216166340714, 42.2630302034546], [-89.02162344418524, 42.263057079702364], [-89.02163614971994, 42.26308274809127], [-89.02165440231302, 42.26310650020585], [-89.02167769631336, 42.26312767917721], [-89.02170539020267, 42.26314570150466], [-89.0217367172735, 42.26316006976687], [-89.02177081568067, 42.263170386426715], [-89.02180674272304, 42.26317636837912], [-89.02184350753097, 42.26317784907828], [-89.02188009514094, 42.26317478778114], [-89.02191549436847, 42.26316726982574], [-89.02194873061005, 42.263155502457046], [-89.02197888533088, 42.263139809619496], [-89.02200512526338, 42.263120625946065], [-89.02202672818154, 42.263098479009145], [-89.02204309637774, 42.263073981351965], [-89.02205377886588, 42.2630478091026], [-89.02205848017306, 42.263020684955805], [-89.02205707044027, 42.262993355765914], [-89.02233004572713, 42.26296711286025], [-89.02260172661434, 42.26293428509662], [-89.02287182395456, 42.26289490561197], [-89.0231400520591, 42.26284901748378], [-89.0234061287959, 42.26279666832901], [-89.02352490181094, 42.262773687383444], [-89.02364524611741, 42.26275577356296], [-89.02376677041588, 42.2627429850837], [-89.02388907762558, 42.262735364800704], [-89.02401177100802, 42.26273293666774], [-89.02413445169407, 42.262735708413636], [-89.02478388965048, 42.262763306055774], [-89.02478404667028, 42.26276347057368], [-89.02538420382636, 42.26277614858393], [-89.02543351594612, 42.26271463832152], [-89.02549102848724, 42.262648564089], [-89.02555156561938, 42.262583997316696], [-89.02556938524373, 42.262565833704485], [-89.02557101097595, 42.26256419872966], [-89.02557926679027, 42.262555895477114], [-89.02558736578001, 42.26254775271762], [-89.02558915075734, 42.262545957272934], [-89.02558960847328, 42.26254551077665], [-89.02565361530463, 42.262484581476905], [-89.02572030790549, 42.26242526339093], [-89.02572345294159, 42.26242258477591], [-89.02580420765533, 42.262355990767055], [-89.02588838206442, 42.26229177600175], [-89.02597584838763, 42.262230036434], [-89.02598420977971, 42.262225216565305], [-89.02599350828572, 42.26222146026944], [-89.0260034984988, 42.26221886683923], [-89.02601392226656, 42.26221750302993], [-89.02601668736459, 42.26221740989276], [-89.0260176368598, 42.262217383324895], [-89.02602004889962, 42.26221731008379], [-89.02602155601635, 42.262217345781224], [-89.02602452896716, 42.26221742126693], [-89.02602562019011, 42.262217466332174], [-89.02602592047526, 42.26221748282345], [-89.02603666525697, 42.26221888522821], [-89.02605648205378, 42.262225532086305], [-89.0260722745964, 42.26223663501791], [-89.02615776871674, 42.26231570074703], [-89.02624961526533, 42.26239073321513], [-89.02634746781838, 42.262461451669694], [-89.0263499861863, 42.26246314586908], [-89.02643535945056, 42.262518149649665], [-89.02652437973714, 42.262569864814886], [-89.02661681791996, 42.26261815943521], [-89.02662262451481, 42.26262099908955], [-89.0266852311509, 42.26265072008195], [-89.0267491387636, 42.26267887124331], [-89.02675907525872, 42.26268302946929], [-89.02684710470056, 42.262717985339215], [-89.02693715357684, 42.26274997581442], [-89.02696213633635, 42.26275790096776], [-89.0269978833908, 42.26276877624135], [-89.02709145712099, 42.26279483893341], [-89.02718650931003, 42.2628177552837], [-89.02717592059628, 42.26284765709414], [-89.02712989779495, 42.26296195931678], [-89.02707573778856, 42.26307427562042], [-89.02701359412177, 42.26318428881299], [-89.02694364453117, 42.26329168464247], [-89.02686608600135, 42.26339615714964], [-89.02678113956382, 42.26349741141705], [-89.02668904677547, 42.26359515723188], [-89.02650935615053, 42.263566718339995], [-89.02648650023265, 42.263563100565804], [-89.02645219762614, 42.26355767100891], [-89.02644737722336, 42.26355693525095], [-89.0264343327217, 42.263554872605766], [-89.02643299958841, 42.26355466398528], [-89.0262647220475, 42.2635280307544], [-89.02614888003023, 42.263509889143066], [-89.02613829899185, 42.26350833352548], [-89.0259551908273, 42.26348487265022], [-89.02577089587885, 42.26346727773844], [-89.02576266957136, 42.2634666125022], [-89.02559706808995, 42.26345607888259], [-89.02543104452587, 42.263450268301916], [-89.02539002672067, 42.263449575603765], [-89.02538356119722, 42.26344946624345], [-89.02537400630824, 42.26344934864444], [-89.0252522766089, 42.26344927778586], [-89.02513235984482, 42.26345170877382], [-89.02473599518659, 42.26348536721914], [-89.02473553714646, 42.26348536085749], [-89.02473220526605, 42.26366815981755], [-89.02473268921241, 42.26406047058807], [-89.02486842819823, 42.264059448975246], [-89.0249543168388, 42.264058801500454], [-89.02534492087925, 42.264073227648424], [-89.02554280697733, 42.26408054741411], [-89.02554258802257, 42.26418690763717], [-89.02554236768646, 42.264324056320305], [-89.02554215399337, 42.26446090346569], [-89.02612518208073, 42.26445183057877], [-89.02623597466678, 42.26445009288199], [-89.02634683391713, 42.26444835484071], [-89.02692919607, 42.26443929825152], [-89.02692942944041, 42.264299240820534], [-89.02712125526136, 42.26432921941688], [-89.02731308248268, 42.26435919770639], [-89.0275116881733, 42.26439023063936], [-89.0276141944349, 42.26440582291013], [-89.02773326195486, 42.26442393385658], [-89.02817619561725, 42.26441657592725], [-89.02822200366202, 42.26441581528365], [-89.02831120097176, 42.26441433295241], [-89.02831099600303, 42.264550960526975], [-89.02831074577996, 42.26468808191412], [-89.02831056848483, 42.2648252589404], [-89.02831035411674, 42.26496240768616], [-89.02831013972504, 42.265099557328824], [-89.02830992534211, 42.26523670606812], [-89.02830949774963, 42.265511004449166], [-89.02830924698817, 42.26564815281786], [-89.02830903257545, 42.265785301544184], [-89.02830891920121, 42.265867186335136], [-89.02830880412213, 42.265949974109226], [-89.02886505610145, 42.265941087874346], [-89.0288648789579, 42.266078319794936], [-89.02886470180704, 42.2662155517123], [-89.02886456100562, 42.266352783987145], [-89.0288643838565, 42.26649001499787], [-89.02886420668393, 42.26662724690552], [-89.02886402829219, 42.26676447879787], [-89.02886396778982, 42.26682445619703], [-89.0288639331907, 42.266858326047384], [-89.02886388867394, 42.26690171107178], [-89.0288637107696, 42.267038915053355], [-89.02886350826644, 42.267206331960146], [-89.02886354065177, 42.267288843888394], [-89.02886357171415, 42.267371227059435], [-89.02886431110515, 42.26775538343905], [-89.02886472203065, 42.26797488966891], [-89.02886693470118, 42.26913984482049], [-89.02875610192129, 42.26914154412883], [-89.02875654746822, 42.269361188396566], [-89.02875701238621, 42.26960515984864], [-89.02875709875117, 42.26965049440024], [-89.02875741340495, 42.26981622650179], [-89.02875953660234, 42.270953190989665], [-89.02875980185284, 42.2710903992745], [-89.02754774162132, 42.271108167449505], [-89.02754884590395, 42.27097091695349], [-89.02602963513476, 42.270993163919066], [-89.0247046709978, 42.27101255008305], [-89.02415060412746, 42.271020641933134], [-89.02327672137521, 42.27103342848261], [-89.02323041178096, 42.27103410561253], [-89.0225843798874, 42.271043554220164], [-89.02258431548799, 42.271537439784616], [-89.01925989390445, 42.27186032894919], [-89.01925967494779, 42.27287658254412], [-89.01830573839388, 42.27288627035818], [-89.01789929955953, 42.272890403931385], [-89.01767517886977, 42.27289266994237], [-89.01761417188095, 42.27289328666652], [-89.01749300905962, 42.27289451054102], [-89.01710198200591, 42.27289846712187], [-89.01673260840744, 42.272902255080865], [-89.0162824155215, 42.272906767927154], [-89.01592605222812, 42.272910382202795], [-89.01519902375301, 42.27291773751362], [-89.01489845984868, 42.27269977273433], [-89.01460770949103, 42.27248887586856], [-89.01416172133196, 42.272165445540516], [-89.01406792991413, 42.27209738198729], [-89.01363470858684, 42.27210150584708], [-89.01315573789047, 42.272106046576425], [-89.01309668435671, 42.27210660492286], [-89.01309925663452, 42.27153404336038], [-89.013100752496, 42.27120481905297], [-89.0123717304261, 42.27120909071079], [-89.01236892411649, 42.271443849642], [-89.01240719065481, 42.27153361020312], [-89.01245284665195, 42.27163746818329], [-89.01245067786742, 42.27211272766532], [-89.01241682703278, 42.27211304506425], [-89.01232488770101, 42.272113913910424], [-89.01224853288713, 42.272114634370965], [-89.0120623942771, 42.272116392179576], [-89.01169292002677, 42.27211988830544], [-89.01124957372468, 42.27212409383801], [-89.01100572288873, 42.272125642952226], [-89.01080697224877, 42.27212793604084], [-89.01056143597721, 42.27213076905369], [-89.01020968729273, 42.27213482352804], [-89.00985797494687, 42.27213887728957], [-89.00946176684316, 42.27214346859068], [-89.00946127357845, 42.27252591143152], [-89.00946118008952, 42.272574553628964], [-89.00946111598681, 42.272608205248424], [-89.00946095907742, 42.27269052788064], [-89.00946056329252, 42.27296460632052], [-89.00946020948493, 42.273193983543415], [-89.0094601453935, 42.2732398918251], [-89.00945952233094, 42.273645520475476], [-89.00945915283555, 42.27389794785724], [-89.00945856178787, 42.27428167882603], [-89.00945832059317, 42.27444632387557], [-89.00945774724512, 42.27483107052421], [-89.00928338963696, 42.27483257626672], [-89.00898792884888, 42.27483508205135], [-89.00869242998655, 42.27483761369887], [-89.00839696918536, 42.274840117960146], [-89.00810150786653, 42.274842649363876], [-89.00780604655748, 42.274845179105846], [-89.00739975469054, 42.274848646700285], [-89.007067374589, 42.27485146032676], [-89.00673495762283, 42.27485429962552], [-89.00640257770966, 42.274857166244445], [-89.00607016050557, 42.27485994959503], [-89.00573778057552, 42.27486281428611], [-89.00543603689063, 42.274865357144925], [-89.00540166875912, 42.27486564022162], [-89.00516071702317, 42.27486769960066], [-89.00505081004526, 42.27486864439807], [-89.0049050279191, 42.27486988105873], [-89.00482373149731, 42.27487057081038], [-89.00469991544033, 42.274871621028296], [-89.00453583194769, 42.27487297607332], [-89.00446945914541, 42.274873566530346], [-89.00434905720411, 42.27487459605273], [-89.00424092444578, 42.274875503138794], [-89.0040934715548, 42.27487675244111], [-89.00399816259758, 42.27487756963447], [-89.00394601866225, 42.27487800155371], [-89.0037616823521, 42.27487958948193], [-89.00368425998555, 42.274880231283746], [-89.00365107359045, 42.27488052582043], [-89.00342996757226, 42.27488239930839], [-89.00337032098847, 42.274882892604616], [-89.003356204652, 42.274882996082674], [-89.00335184291858, 42.27488306167098], [-89.00309814127655, 42.27488520704339], [-89.00306129714052, 42.27488551921292], [-89.00305638200072, 42.2748855521655], [-89.00276639011939, 42.274888014580455], [-89.00276092057965, 42.2748880689023], [-89.0024714825783, 42.27489053709324], [-89.00246545913551, 42.274890585777605], [-89.00217657604158, 42.274893003939354], [-89.00209778670151, 42.27489368480606], [-89.0018816685042, 42.27489552403445], [-89.00158676145769, 42.2748980163669], [-89.00130419824144, 42.27490041371265], [-89.0012850923311, 42.2749005760654], [-89.00106339479876, 42.274902438977115], [-89.0010578132361, 42.274902519988274], [-89.00108169264136, 42.27517668021032], [-89.00108082883061, 42.27546949877649], [-89.00108071989939, 42.27550612809547], [-89.0010806573609, 42.27553359645307], [-89.00108055897476, 42.27556103653689], [-88.99984138218394, 42.27557151250686], [-88.99989777792713, 42.27529654922958], [-88.99989874052557, 42.27502206535081], [-89.0000095713132, 42.27502113489232]]]]}, "properties": {"name": "East State & Mulford", "status": "Existing", "ending_date": "2036-12-30", "final_levy_year": "2035"}}, {"type": "Feature", "geometry": {"type": "MultiPolygon", "coordinates": [[[[-89.10255714447871, 42.26702238979423], [-89.10260275551201, 42.267049984137486], [-89.10261235735847, 42.267056721061884], [-89.10256147154222, 42.26712574413802], [-89.10235152858151, 42.2674105394538], [-89.10195172602727, 42.2679528858369], [-89.10170914421003, 42.26828196165044], [-89.10146713775963, 42.26861026170987], [-89.1014227096403, 42.26867053478494], [-89.10142213405696, 42.26867131540203], [-89.10136704692256, 42.268746156262814], [-89.10127647407026, 42.26886920541107], [-89.1013225868378, 42.26890771927908], [-89.10136257949908, 42.26894112107978], [-89.10161592216804, 42.26904347438371], [-89.10198984136198, 42.26919454199852], [-89.10220307547948, 42.26928068981606], [-89.1022372693987, 42.26924114093487], [-89.10226234117421, 42.26921214444234], [-89.1023173528934, 42.26914852021893], [-89.1024436189001, 42.26919615033702], [-89.10268710313363, 42.26928799599394], [-89.10293467383083, 42.26938138254353], [-89.10307672733133, 42.269434966253755], [-89.10301065425244, 42.2695267559248], [-89.10294070605157, 42.26962392942886], [-89.10288790811016, 42.26969727613594], [-89.10283733917711, 42.269767526650185], [-89.10279852444044, 42.269805279051454], [-89.10276251322065, 42.269840304325285], [-89.10252279574347, 42.269742458162156], [-89.10209824397872, 42.26956916737612], [-89.10173668109984, 42.26942158469478], [-89.10150531338859, 42.26932714415858], [-89.10106991183312, 42.26914941833425], [-89.1005749564123, 42.26894856396216], [-89.10019003381741, 42.26879235851997], [-89.09977657798987, 42.26862457313832], [-89.09968052181351, 42.268585574169194], [-89.09968038161296, 42.26858576552936], [-89.09849657993082, 42.268115294851654], [-89.09721859008717, 42.267583660196586], [-89.09615977026458, 42.26901315687396], [-89.0968057819232, 42.26927971307476], [-89.09645312030621, 42.26975823604527], [-89.0958034792445, 42.269494141417624], [-89.09550769165406, 42.269373968802455], [-89.0951059588279, 42.26921055164342], [-89.09474147894588, 42.26905743593385], [-89.09454431604993, 42.26901510985247], [-89.09433702030738, 42.26897060718439], [-89.094214658079, 42.2689437061968], [-89.09424978144978, 42.26885047079626], [-89.09433198296675, 42.26873209893964], [-89.09445621846417, 42.26863929967943], [-89.09447660951292, 42.2685661211298], [-89.09451901135236, 42.26851865301334], [-89.09460264064278, 42.268483277828416], [-89.0946453621316, 42.26843546423567], [-89.09469994098195, 42.26831131052885], [-89.09485362113843, 42.26799911418934], [-89.09495721055785, 42.26789643685582], [-89.0950542545343, 42.26780024615875], [-89.09535433269322, 42.267399790171325], [-89.09531773600236, 42.26738505245254], [-89.09532762267355, 42.26733613147059], [-89.09534947469005, 42.26730157044835], [-89.09537548209232, 42.2672722204757], [-89.09541497685417, 42.26728646127244], [-89.0954508019194, 42.267275253149165], [-89.0954632770085, 42.26724862890643], [-89.09551457235706, 42.26717936253914], [-89.09552144091936, 42.267167080852], [-89.09555238423283, 42.26712697511703], [-89.0955840685816, 42.26708512340633], [-89.09559714031265, 42.26706320249703], [-89.09561381594453, 42.26700324687002], [-89.09564653781787, 42.26695480471606], [-89.0956758068752, 42.26688570798508], [-89.0957181548205, 42.26680141834636], [-89.09576578746984, 42.266726795968985], [-89.09580145958117, 42.266693522600406], [-89.09580669554873, 42.26666805062755], [-89.09589023297936, 42.266608694979446], [-89.09605295496918, 42.266526640079334], [-89.09613850570297, 42.26649741815334], [-89.0962140641336, 42.26649439171678], [-89.09625170707672, 42.266479870091366], [-89.0962653698814, 42.266429726543684], [-89.09642140937794, 42.266457754420024], [-89.09661034634998, 42.26649169163358], [-89.09668312371464, 42.26640354777117], [-89.09678832397344, 42.266446045809815], [-89.09693565043867, 42.26624514296521], [-89.09725546736841, 42.266374340975396], [-89.09730174140256, 42.266311916980975], [-89.09751557051081, 42.26657285295327], [-89.0976811015279, 42.266774713333774], [-89.09775680968421, 42.266805526936636], [-89.09861463397704, 42.26568955771162], [-89.09913795583505, 42.26590221032816], [-89.09954391524492, 42.26606716976829], [-89.09962934880998, 42.265950111538395], [-89.0997944962788, 42.26572383191886], [-89.09933395389585, 42.26553726497228], [-89.09897228718195, 42.26539075022689], [-89.09876290860501, 42.26530592871758], [-89.09879927071074, 42.26525181252404], [-89.09871565846674, 42.26521734819536], [-89.09860396380287, 42.265172957516256], [-89.09840284214837, 42.2650942973938], [-89.09831340379282, 42.26505875935742], [-89.09833302279245, 42.26503154051976], [-89.09837391022262, 42.264974815225294], [-89.09842833239895, 42.26489930963964], [-89.0984995968502, 42.26480043689851], [-89.09854878975894, 42.264732186699966], [-89.09856215177513, 42.2647374950947], [-89.09858191427274, 42.264745346134546], [-89.0986029442054, 42.26471674582109], [-89.09863538602549, 42.26467262343312], [-89.0987255904659, 42.26454914970935], [-89.09880830287614, 42.26443543475174], [-89.0988312997968, 42.26440381779035], [-89.09884541297478, 42.26439987803577], [-89.09887508361854, 42.264391596929784], [-89.09890069508799, 42.264401627089455], [-89.09907671492569, 42.26447055717395], [-89.09924272532467, 42.264535566635274], [-89.09942588995752, 42.26460729420461], [-89.09950217334307, 42.26450394081769], [-89.09963878020305, 42.264318858307135], [-89.09975036729618, 42.26416767333335], [-89.09980601554267, 42.26409227571815], [-89.0998962881032, 42.26396996758071], [-89.09999254272769, 42.264020085169435], [-89.10010115962412, 42.26404832775843], [-89.10018079108004, 42.264069033448486], [-89.10036054762463, 42.2641157741453], [-89.10043631524341, 42.264118207199765], [-89.10051071251743, 42.26413003382704], [-89.10059894970388, 42.26414405975988], [-89.10068685728275, 42.264188443469266], [-89.1007448407316, 42.26421049516138], [-89.10081360963156, 42.26423079424382], [-89.1008538897031, 42.26427277699728], [-89.10089651161667, 42.26429950066265], [-89.10092795753658, 42.264319216930886], [-89.1009531080335, 42.264332741825406], [-89.10097481502822, 42.26434425314852], [-89.10099203535117, 42.26435228631916], [-89.10107276082827, 42.264388677626734], [-89.10111176127313, 42.26440625919913], [-89.10117253492982, 42.26443365648883], [-89.10122011497867, 42.26446135701293], [-89.10123803914082, 42.26447179149084], [-89.10129821319165, 42.26450010955467], [-89.1013079475417, 42.264504489028106], [-89.10131859131688, 42.26450927848409], [-89.10132335622576, 42.2645114231552], [-89.10132906667286, 42.2645139925497], [-89.1013456241924, 42.26452144331622], [-89.10138007666022, 42.264538546801944], [-89.10141050737128, 42.26455385732905], [-89.10144069049491, 42.264569044007445], [-89.10150704416576, 42.26459684136796], [-89.1015482946981, 42.26461412138253], [-89.10156441734492, 42.2646205516367], [-89.10157626979068, 42.26462482561741], [-89.10158314898628, 42.264627305920484], [-89.1015924425272, 42.26463065673131], [-89.10161202835585, 42.26463771874433], [-89.10166660195941, 42.26465284558474], [-89.10169942214071, 42.264661942729305], [-89.10172434976009, 42.26466885176139], [-89.10178408786783, 42.264679093746466], [-89.10181975147566, 42.26468373375266], [-89.10186136789196, 42.26468914836202], [-89.10187969874124, 42.26469076805108], [-89.10189073559225, 42.26469237133127], [-89.10189790447927, 42.264693412020335], [-89.10190582300953, 42.264694562303646], [-89.10193031738375, 42.26469811994313], [-89.10200608532665, 42.26470057897354], [-89.10207405191173, 42.26471149229902], [-89.10212073620274, 42.264718987644095], [-89.10215736922343, 42.26472486995885], [-89.10219488407026, 42.26474807686861], [-89.10222653523188, 42.26479107741259], [-89.10224458743409, 42.264815602658096], [-89.1022541681016, 42.2648320779915], [-89.10227118900451, 42.264861349059125], [-89.1022896968531, 42.26491073948358], [-89.1022962497021, 42.26492822746085], [-89.10230293944012, 42.264946080430455], [-89.10230701514578, 42.26496880768494], [-89.10231099115734, 42.264990976726594], [-89.10232059988101, 42.26504988267684], [-89.10232340604298, 42.265067091896825], [-89.10232440806224, 42.26507323855955], [-89.10232771212287, 42.265093490021414], [-89.10233175576887, 42.26514247790375], [-89.10233372122862, 42.265166287541795], [-89.10233457468759, 42.2652634777262], [-89.10233482251182, 42.265291761231424], [-89.1023350651959, 42.265319341552484], [-89.10233376386329, 42.26544634326127], [-89.1023294586796, 42.265643683834526], [-89.10232809352107, 42.26570624489095], [-89.10232336241964, 42.265869674309755], [-89.10232336147584, 42.265929388664375], [-89.10232336104666, 42.26593827644654], [-89.10232335999362, 42.26596370097893], [-89.10232335970369, 42.265987639118876], [-89.10232450678637, 42.26601801876819], [-89.10232500949536, 42.26603136681681], [-89.10232626471495, 42.26606461313225], [-89.10232336078619, 42.26609103976801], [-89.10232199979255, 42.26610342070019], [-89.10232042121129, 42.266117783879515], [-89.10231781481613, 42.26614151056836], [-89.10231652677338, 42.26615322955481], [-89.10231443144322, 42.26616999354605], [-89.10231320155984, 42.26617984044312], [-89.10231092557002, 42.266198048643204], [-89.10231019565718, 42.266219893109366], [-89.10230886242769, 42.266235162469044], [-89.1023080712667, 42.266249407814016], [-89.10230348029474, 42.26633201926948], [-89.10230255074329, 42.266385255427565], [-89.10230456025236, 42.26643923010232], [-89.10230902454384, 42.26650918451968], [-89.10231128557753, 42.26655245963311], [-89.10232152164502, 42.26666876116588], [-89.10232686671722, 42.26671597491434], [-89.10233430448379, 42.26678167148531], [-89.10237799265298, 42.266877078652136], [-89.1024681792366, 42.2669670725459], [-89.10252520938145, 42.267002533493276], [-89.10253292144486, 42.26700732894227], [-89.10255714447871, 42.26702238979423]]]]}, "properties": {"name": "Amerock Hotel", "status": "Existing", "ending_date": "2041-12-30", "final_levy_year": "2040"}}, {"type": "Feature", "geometry": {"type": "MultiPolygon", "coordinates": [[[[-89.09859684940449, 42.25809871874687], [-89.098905595106, 42.25814079660601], [-89.09890992273179, 42.25814138608414], [-89.09949454648304, 42.25822105873278], [-89.09951621241895, 42.25822401347189], [-89.09975607027302, 42.258256700647635], [-89.10039082527587, 42.25834319214464], [-89.1007895184725, 42.258397513452216], [-89.10081154610928, 42.25840051542332], [-89.10090560449966, 42.25859742977089], [-89.100861705888, 42.25875626389336], [-89.10081713459635, 42.258917533365576], [-89.10077444825349, 42.25907193301341], [-89.100741055242, 42.259192721561405], [-89.1007332494894, 42.25922096625407], [-89.10069704628364, 42.25935193990748], [-89.10068220279884, 42.25940564008091], [-89.10064743065044, 42.25953143766719], [-89.10061691767189, 42.259711168793864], [-89.10058752821121, 42.25989225540407], [-89.10055813904198, 42.26007331409417], [-89.10054253106759, 42.26016935200163], [-89.10052871165811, 42.26025440032501], [-89.10049932167647, 42.26043548598984], [-89.10046993150098, 42.26061657253975], [-89.10044053993501, 42.260797659063336], [-89.10041135533358, 42.2609774573633], [-89.10039664067833, 42.26106806841082], [-89.10038192641821, 42.261158653349874], [-89.10035253248184, 42.26133984874794], [-89.10032310367876, 42.2615210167993], [-89.10030352026186, 42.261641823734884], [-89.10029370936948, 42.261702213067345], [-89.10029164846415, 42.261714898980635], [-89.10026427973824, 42.26188340899352], [-89.10023509407287, 42.26206320720375], [-89.10048735526166, 42.26208357501372], [-89.1010537363468, 42.26212934928254], [-89.10111951633621, 42.26213462496392], [-89.10109047201871, 42.262314946877964], [-89.10106150146295, 42.26249526856392], [-89.10103249437624, 42.26267558989728], [-89.10100348635682, 42.262855884199716], [-89.1009744413512, 42.263036205154364], [-89.10090855155588, 42.263030845540364], [-89.10070143694045, 42.26301396563705], [-89.10059013147922, 42.26300489037832], [-89.10033122032725, 42.26298376862372], [-89.1000938007155, 42.26296325670553], [-89.10001237675384, 42.26294456986644], [-89.0998021916233, 42.262896331940965], [-89.09975917220245, 42.26288643713002], [-89.0996719163163, 42.262866443471395], [-89.09952655429568, 42.26283306714118], [-89.0994623008278, 42.262818309256524], [-89.0995057508889, 42.2625507771465], [-89.09953493887632, 42.26237097916295], [-89.09956412668755, 42.26219118116454], [-89.09956965050516, 42.26215715069406], [-89.09959331432256, 42.26201138315124], [-89.09962220656513, 42.26183155446686], [-89.0996513432445, 42.26165030106335], [-89.09968044505891, 42.2614690203131], [-89.09969414630389, 42.26138380535706], [-89.09970958258016, 42.261287767791146], [-89.09973868282817, 42.26110648699975], [-89.09976782000987, 42.26092523354779], [-89.09951028135828, 42.260904314482694], [-89.09919024757757, 42.26087834042961], [-89.09894791200928, 42.260858466419684], [-89.09866022999024, 42.260835261621644], [-89.09837254986456, 42.26081202911062], [-89.09830688179923, 42.26080675199758], [-89.09826279727231, 42.260803185736975], [-89.09773152066046, 42.26076031148239], [-89.09748914293222, 42.260740763508466], [-89.09731756163654, 42.260726897982714], [-89.09716084677144, 42.260532109078156], [-89.09707976491774, 42.26035323420393], [-89.09707289487936, 42.260335980640555], [-89.09701144225232, 42.26018166539712], [-89.09700439108187, 42.26016387265872], [-89.09696569386578, 42.26006669850534], [-89.0969462081927, 42.260017833751604], [-89.09692706557237, 42.2599698274823], [-89.0968545287024, 42.25978748944819], [-89.09677731205016, 42.259593582021864], [-89.09673092732857, 42.25947701825418], [-89.09666890128644, 42.25932990438652], [-89.09659614134833, 42.25915733148202], [-89.09657914282437, 42.25912267954793], [-89.09656918026968, 42.25910233426304], [-89.09653925533107, 42.25904135477416], [-89.09652257896413, 42.25900736485935], [-89.09635940759674, 42.25869740177356], [-89.09621859636727, 42.25845677155546], [-89.09623729926682, 42.25844086580872], [-89.09625860274761, 42.25843063643717], [-89.09627986957038, 42.25842035270126], [-89.0963011718105, 42.25841012421047], [-89.09632239408754, 42.258402473438494], [-89.09634365345227, 42.258394850918094], [-89.09636487570397, 42.25838720103826], [-89.09638617960309, 42.25837694463765], [-89.09640740138704, 42.25836932175466], [-89.09644988296118, 42.258354049322364], [-89.09645392513869, 42.25835309941131], [-89.09647109699861, 42.25834903363409], [-89.09649227515175, 42.25834398969759], [-89.09653475668891, 42.2583287172334], [-89.09655610460676, 42.25831585483318], [-89.09657151308521, 42.25830246975056], [-89.09657394976702, 42.25830035246588], [-89.09659521558225, 42.25829012267987], [-89.09661651941192, 42.258279866235476], [-89.09663436454724, 42.25826436385841], [-89.09665221088555, 42.258248861489726], [-89.09667355754095, 42.258235999055586], [-89.09668789507361, 42.25822043603417], [-89.0967092049028, 42.25820760025881], [-89.09673046415644, 42.25819997766518], [-89.09674239407467, 42.25819133531528], [-89.09675181849917, 42.25818450800907], [-89.09676966478615, 42.25816900562128], [-89.09678839981726, 42.25815770963718], [-89.09679101140608, 42.258156142264376], [-89.09680885767546, 42.25814063987024], [-89.0968301602087, 42.25813038337363], [-89.09684800691774, 42.258114853968294], [-89.09686927262678, 42.25810462412994], [-89.09689057587829, 42.258094395538116], [-89.09690842089411, 42.258078893116526], [-89.09692368489756, 42.25807153777146], [-89.0969509907393, 42.25805837975343], [-89.09697226289637, 42.258045543577225], [-89.09700698515987, 42.25802819538627], [-89.0970457762748, 42.25800171914407], [-89.0970824155016, 42.25797363198251], [-89.09711691138345, 42.257945579738234], [-89.09713212814717, 42.257931406826025], [-89.09714077699608, 42.25792335144262], [-89.09714716143165, 42.257917405058926], [-89.09716239847737, 42.25790325033784], [-89.09717741099648, 42.257889257376064], [-89.09720766004752, 42.25786113848994], [-89.09722941516432, 42.25783291157807], [-89.09726816848676, 42.257806435807204], [-89.09730680690373, 42.257784678343], [-89.0973279811439, 42.257767442303525], [-89.09734130305429, 42.257756598122995], [-89.09737583598302, 42.257728491226196], [-89.09741455405481, 42.25770201417616], [-89.09744908692116, 42.257673907256354], [-89.09747519376118, 42.257660253569995], [-89.09748769877964, 42.257653713310155], [-89.09752015077513, 42.25762732275399], [-89.09752219430703, 42.2576256609384], [-89.09754819638329, 42.25759747355754], [-89.0975699500295, 42.257569247465916], [-89.09757630819607, 42.25756312975522], [-89.09759867573405, 42.257541607639766], [-89.09763106727233, 42.257513480702485], [-89.09766770597128, 42.25748539244526], [-89.0977064225452, 42.257458916181356], [-89.09773456636633, 42.25743077662995], [-89.0977605682671, 42.25740258919801], [-89.0977908172964, 42.25737444224511], [-89.09781895983035, 42.25734630266042], [-89.0978709258688, 42.257289929199764], [-89.09789906954092, 42.257261789605465], [-89.09792507008646, 42.25723360212251], [-89.09794896700932, 42.25720539593018], [-89.09797496824972, 42.25717723635143], [-89.0979966852067, 42.257149009834244], [-89.09802697037615, 42.25712086225386], [-89.09805242612332, 42.25709873501063], [-89.09839347420596, 42.25714562665852], [-89.09856875426571, 42.257169706546954], [-89.0988482568121, 42.257208092842674], [-89.09880891812217, 42.257347540112335], [-89.09874660070246, 42.257568229263], [-89.09859684940449, 42.25809871874687]]]]}, "properties": {"name": "Barber Colman", "status": "Existing", "ending_date": "2047-01-16", "final_levy_year": "2046"}}, {"type": "Feature", "geometry": {"type": "MultiPolygon", "coordinates": [[[[-89.0871454620711, 42.238271878843754], [-89.08706864679014, 42.238271271024274], [-89.08673454945121, 42.238268624352685], [-89.08600976100858, 42.238273497687395], [-89.08601398661072, 42.23790686617477], [-89.08585720659272, 42.23790794027975], [-89.0854158275237, 42.237910889662004], [-89.08482655849086, 42.237914861542244], [-89.08475741996234, 42.23791532752967], [-89.08476195816314, 42.237734145893576], [-89.0847621837616, 42.23754037780111], [-89.08476244205607, 42.23730611423195], [-89.084762673163, 42.237100036288524], [-89.08476304909827, 42.23677845939532], [-89.08476329928166, 42.23655104975253], [-89.0847637610266, 42.236139268329026], [-89.08364208471181, 42.236135185520354], [-89.0834573974581, 42.23614669566211], [-89.08345825379813, 42.23599731319418], [-89.0823108813292, 42.235993083609436], [-89.08230849816846, 42.236419143699635], [-89.0818246297387, 42.23641736687814], [-89.08183935713808, 42.2361480246695], [-89.0818409676274, 42.23571427855343], [-89.08184427277335, 42.23482452784101], [-89.08184557253495, 42.234474549525], [-89.08161797525729, 42.234475716850454], [-89.08161774759236, 42.23442217705974], [-89.08184538176536, 42.23442103709253], [-89.08186097884467, 42.23431307939305], [-89.08236147445022, 42.23431055400772], [-89.08235945875073, 42.23381537883873], [-89.0823560990443, 42.23298973867792], [-89.08234829870148, 42.231073911430556], [-89.0823468441046, 42.23071734630213], [-89.08238594954076, 42.23071716772033], [-89.08277630378284, 42.230715588825575], [-89.08285375555279, 42.23086814227219], [-89.08295542013683, 42.231049257119935], [-89.08304621548992, 42.23119656888007], [-89.08331455538412, 42.23128950733046], [-89.08343546165763, 42.23145512914765], [-89.08354995831297, 42.2315996672306], [-89.08363215399973, 42.23169713012528], [-89.08367650782355, 42.231747767184935], [-89.0837659762129, 42.231846080122146], [-89.08388519907966, 42.23196984648725], [-89.08398731282138, 42.23206995500356], [-89.08418196129712, 42.23226569325457], [-89.08431797333671, 42.232402976380186], [-89.08445398717433, 42.232540259359475], [-89.08452971448342, 42.23261669331472], [-89.08465499551193, 42.23274313412234], [-89.08491945876877, 42.23301003007119], [-89.0850579379888, 42.233149803319904], [-89.08525322779425, 42.23334689263759], [-89.08547884622716, 42.23357461507665], [-89.08575801097454, 42.23385631815917], [-89.08588974817383, 42.23398928265115], [-89.08614204480097, 42.23424390605042], [-89.08635566391473, 42.234459465787765], [-89.08644498349108, 42.23454963553041], [-89.08643890768175, 42.2347748935821], [-89.0865443534791, 42.23488130001074], [-89.08702932717223, 42.2353707175365], [-89.08702646133912, 42.235845298017466], [-89.08702281267179, 42.236467708627096], [-89.08703407879325, 42.23653685738828], [-89.08704482899452, 42.23667529068005], [-89.08709387807599, 42.2368768628526], [-89.0870935306506, 42.23693562438573], [-89.087093060382, 42.23701516743601], [-89.08709257810065, 42.237093709231374], [-89.08709208238956, 42.23717431800281], [-89.0870913152787, 42.237306029211275], [-89.0875787224362, 42.2373024710965], [-89.08888714139263, 42.237297246230455], [-89.08895286081965, 42.23738139783706], [-89.08909139988091, 42.23756956898526], [-89.08915694995812, 42.2376483962695], [-89.08930394072954, 42.23788329323314], [-89.08889272859987, 42.237886316102255], [-89.08873697321884, 42.23788741547806], [-89.08831864437968, 42.237890506246465], [-89.08792413482387, 42.23789338378252], [-89.08776819711969, 42.237902338901286], [-89.08772864619692, 42.23790764056248], [-89.08764487520821, 42.23791886974337], [-89.08756872051843, 42.23792907755251], [-89.08750018090797, 42.237938264893856], [-89.08739528643443, 42.237952325559554], [-89.08734518781291, 42.23795924831477], [-89.08729760254235, 42.23797637356509], [-89.08725953308392, 42.23799007445958], [-89.08722550073055, 42.23801058814323], [-89.0871920124479, 42.238037919555296], [-89.08717222158909, 42.23806265105518], [-89.0871540742188, 42.23811208081803], [-89.08714610247995, 42.23818931868457], [-89.0871454620711, 42.238271878843754]]]]}, "properties": {"name": "Kishwaukee St./Harrison Ave", "status": "Existing", "ending_date": "2045-12-30", "final_levy_year": "2044"}}, {"type": "Feature", "geometry": {"type": "MultiPolygon", "coordinates": [[[[-89.09543313473993, 42.27108005521221], [-89.0953259675618, 42.271224724660385], [-89.09522011859966, 42.271367614720326], [-89.09519324286588, 42.271403895144005], [-89.09506830331296, 42.27157255337199], [-89.09494312045658, 42.27173149223089], [-89.09482655894833, 42.27188860018882], [-89.09482435446859, 42.271891573086336], [-89.094478391013, 42.27237372741396], [-89.09446928654285, 42.27237019143474], [-89.09414779478485, 42.272245321226], [-89.09411516454034, 42.27223243433389], [-89.09410887522094, 42.272229950999176], [-89.09399392943605, 42.27238403198537], [-89.09387212471275, 42.27254730918464], [-89.09423656901406, 42.27269084806601], [-89.0941911372688, 42.272749820560875], [-89.09412537433046, 42.27283450365081], [-89.09411493782922, 42.27284853896823], [-89.09399696195375, 42.27300752705004], [-89.09394324019773, 42.273080025448806], [-89.09343547127537, 42.2728754391098], [-89.09343542793212, 42.27287542159841], [-89.09385144036023, 42.272314029485756], [-89.0939189928985, 42.27222202312971], [-89.09395990602718, 42.272166299070406], [-89.09407871599666, 42.27200600076145], [-89.09419748899747, 42.27184570197812], [-89.09431626137514, 42.27168540396066], [-89.09443503363325, 42.27152507700382], [-89.09455380479517, 42.2713647787178], [-89.09467045531558, 42.271207478290016], [-89.09467204810107, 42.27120533515672], [-89.09478860965305, 42.27104860006126], [-89.09490676339125, 42.27088972169967], [-89.09498551977686, 42.270783821508225], [-89.0950249165149, 42.270730844105415], [-89.09502861683566, 42.27072586490508], [-89.09506427636892, 42.27067789335286], [-89.09514303269466, 42.27057196513846], [-89.09533363639153, 42.27064945951373], [-89.09549424048693, 42.27071475696451], [-89.09558598640585, 42.27075205631371], [-89.09564916511272, 42.27077973645869], [-89.09564921805975, 42.27077975946074], [-89.09554469174698, 42.27092945856312], [-89.09543313473993, 42.27108005521221]]]]}, "properties": {"name": "Main & Mulberry", "status": "Existing", "ending_date": "2048-12-30", "final_levy_year": "2048"}}, {"type": "Feature", "geometry": {"type": "MultiPolygon", "coordinates": [[[[-89.09006023948058, 42.27141674825692], [-89.09005586394063, 42.271424053637006], [-89.09005069091258, 42.2714327037824], [-89.09004789468507, 42.271435533286315], [-89.09003734316164, 42.27145073214448], [-89.08999497229595, 42.27150361417227], [-89.08999401490976, 42.27150480978669], [-89.08999079195233, 42.271510204742555], [-89.08998765522733, 42.271507898430436], [-89.08992674554274, 42.271461748790124], [-89.08979103094126, 42.27137471893602], [-89.08963044413053, 42.271297051636566], [-89.08962864859497, 42.27129621279786], [-89.08969385249827, 42.27121970176011], [-89.08982844533219, 42.27106177891434], [-89.08989965611083, 42.27097816316417], [-89.08969385249827, 42.27121970176011], [-89.09030134930372, 42.27050632026467], [-89.090429884751, 42.27035584654618], [-89.09049702944827, 42.27027700616382], [-89.09062660403518, 42.27012496283988], [-89.09075651894267, 42.26997240128262], [-89.09089284014722, 42.26981246317901], [-89.09101385546901, 42.269670436890486], [-89.09104616460766, 42.26963251493498], [-89.09120419340401, 42.26949451603659], [-89.09118825749103, 42.26948500614977], [-89.09099997367663, 42.26936782244245], [-89.09104484961284, 42.269316543545465], [-89.09079350581833, 42.26915327036074], [-89.0907933234669, 42.269153158813175], [-89.0907877686144, 42.26914956671266], [-89.09089056048016, 42.26903184786901], [-89.09093283850083, 42.268983426507596], [-89.0910637020042, 42.268833562666245], [-89.09112606390885, 42.26876211442336], [-89.0912634073759, 42.268604791800534], [-89.09133206035241, 42.26852618471768], [-89.09127178976925, 42.26849716820623], [-89.09120784860075, 42.268466384159055], [-89.0912065468565, 42.26846787545512], [-89.09072598758235, 42.26823535817573], [-89.09085560137697, 42.268087211405216], [-89.09085554246609, 42.26808718294319], [-89.09098835531083, 42.26793528025915], [-89.09078201827114, 42.26783661349815], [-89.090300322484, 42.26760622107667], [-89.09026926580523, 42.26759136989243], [-89.09023820667132, 42.26757652137765], [-89.08999878417826, 42.26746198902761], [-89.09013187507885, 42.267309458820094], [-89.09019848432577, 42.26723313438522], [-89.0902649973488, 42.267156899037346], [-89.09002287147527, 42.267040909877714], [-89.09042187904522, 42.26658287321706], [-89.09090267420032, 42.26681369515134], [-89.09093366344652, 42.26682857794379], [-89.09096464404028, 42.26684347145034], [-89.09099048040895, 42.26685587057541], [-89.09144548201135, 42.26707428880677], [-89.09164932483668, 42.26717213873643], [-89.0916983810711, 42.26711575982354], [-89.0917132508392, 42.26709867102942], [-89.09175917797972, 42.267045888274716], [-89.0917811314484, 42.267020660516025], [-89.09183756377506, 42.26695582841896], [-89.09192154929548, 42.26692320894081], [-89.09211950917302, 42.2666968923627], [-89.09216921193793, 42.2666397963577], [-89.09222213745213, 42.266578998772864], [-89.09222250216861, 42.26657857814767], [-89.09224935677742, 42.26654772881452], [-89.09225224088267, 42.26654441661506], [-89.09226746133722, 42.266526931298266], [-89.09229120060182, 42.26649966117875], [-89.09234586913583, 42.26643685058352], [-89.09235450913286, 42.26642692376527], [-89.09235487505951, 42.26642650315099], [-89.09243037293355, 42.26633974243948], [-89.09243489378763, 42.26627137172796], [-89.0924349734687, 42.26627017687309], [-89.09243498629723, 42.26626999243133], [-89.0924350011172, 42.26626976209279], [-89.09244030450883, 42.266263669009724], [-89.09244703326605, 42.26625593812399], [-89.09245170124511, 42.26625057463517], [-89.09248061514805, 42.26621735873471], [-89.09256054632442, 42.266125537447465], [-89.09257945299062, 42.26610381648027], [-89.09271188332207, 42.265951746094956], [-89.09271150338475, 42.26595156427702], [-89.09274155635799, 42.26591699321734], [-89.09284566212655, 42.265797530153776], [-89.09285618202162, 42.26578545477199], [-89.09290686388725, 42.26572729264271], [-89.09291978056943, 42.26571247396795], [-89.0929536194509, 42.265673643856786], [-89.09298036762853, 42.26564295090261], [-89.09306556413006, 42.26554518613625], [-89.09308301536433, 42.26558950123424], [-89.09311330644589, 42.265630023815305], [-89.09316666680968, 42.26573794379559], [-89.09319124632285, 42.26579005649852], [-89.09320436905611, 42.26583224325759], [-89.0932160830376, 42.265874662610806], [-89.09323511808255, 42.26597573675754], [-89.09323872070418, 42.26599486768996], [-89.09324488399959, 42.26602760184917], [-89.09324492597527, 42.266028056894704], [-89.09324820573713, 42.26606836081289], [-89.09324992020662, 42.266094904265216], [-89.09325060162352, 42.26611253766027], [-89.09325127795216, 42.26614561659212], [-89.09325134810153, 42.26617634546292], [-89.09324745682498, 42.26624081028953], [-89.09324413190411, 42.26628846817378], [-89.09323215327761, 42.2663747310398], [-89.09322457810751, 42.266413707137914], [-89.09320445265467, 42.266495622707446], [-89.09320402729169, 42.26649711772885], [-89.09319953338215, 42.26651272741562], [-89.0931993972974, 42.266513175392525], [-89.0931866671398, 42.26655378499725], [-89.09315513092044, 42.26663654806187], [-89.0931355537183, 42.26668185796288], [-89.0930803717161, 42.26678903191391], [-89.09304379301484, 42.26684907002853], [-89.09301238160808, 42.26689595988089], [-89.09298418045836, 42.266934957122295], [-89.09295095855721, 42.26697703229642], [-89.09289625284741, 42.26704161192016], [-89.09284901147512, 42.26709303957554], [-89.09284681933886, 42.267095218486794], [-89.09278981478025, 42.267150470110025], [-89.09275628615401, 42.26718096627005], [-89.09271680873765, 42.26721508354376], [-89.09264729949226, 42.26727155943863], [-89.092576508398, 42.26732249633066], [-89.09251574121404, 42.26736495349349], [-89.0925114453916, 42.26736795447602], [-89.09244869046434, 42.26741446685065], [-89.09236032199746, 42.26747996339297], [-89.09232718101586, 42.267504526465345], [-89.09220091679582, 42.267598109296436], [-89.09215799306664, 42.267629922622405], [-89.09203765637557, 42.267719111518204], [-89.09198176799958, 42.26775960013677], [-89.09197999832935, 42.267760881787936], [-89.09192739433696, 42.26773618058726], [-89.09179627660828, 42.26788778065073], [-89.09159430750232, 42.268120192786554], [-89.09152989897859, 42.268194308607264], [-89.09152952808118, 42.268194735474275], [-89.09147416375542, 42.268372519379106], [-89.09147131235255, 42.268381673922754], [-89.09174736583951, 42.268513696403986], [-89.09187699983838, 42.26853170567199], [-89.09200663345523, 42.268549741798985], [-89.0925955219965, 42.268678141037654], [-89.0925882730933, 42.26868729313478], [-89.09256418591093, 42.26871766428621], [-89.09255095873934, 42.268739804859116], [-89.09254600822686, 42.26874809078351], [-89.09252195902997, 42.2687784352724], [-89.09250965568796, 42.268808916786334], [-89.09249151598009, 42.26883931662109], [-89.0924589010002, 42.26885613485402], [-89.09244991853275, 42.26886079800424], [-89.09243056184816, 42.268875846187555], [-89.09242226716307, 42.26888383519094], [-89.09239983657754, 42.268905442082044], [-89.09236397634568, 42.26894368857914], [-89.09233168009975, 42.26897014118935], [-89.09230775469088, 42.26899746807978], [-89.09230086015307, 42.2690053063365], [-89.092270373793, 42.26903388889329], [-89.09224044995008, 42.26906417828232], [-89.09221636245498, 42.26909454935519], [-89.09220357406159, 42.2691106844833], [-89.09219231175426, 42.269124893758494], [-89.09217211198562, 42.26915039010198], [-89.09216826057158, 42.26915526516108], [-89.09214417346524, 42.26918560921274], [-89.09210833825415, 42.26921587018586], [-89.09207841424661, 42.2692461595298], [-89.09205432537604, 42.2692765314548], [-89.092036013853, 42.26929968487669], [-89.09203027528054, 42.269306902837606], [-89.09200031362094, 42.269337191807686], [-89.0919760259213, 42.269357572105015], [-89.09193849768972, 42.269393936508166], [-89.09191611721138, 42.26941949429535], [-89.09188709229211, 42.26944907897524], [-89.09188257778845, 42.26945381096393], [-89.09185812889939, 42.269479321444415], [-89.09182406370077, 42.269507623654135], [-89.09179578667613, 42.26954533694119], [-89.0917673928992, 42.269574652913604], [-89.09174008215291, 42.26960115208349], [-89.09176560257721, 42.26964085151654], [-89.09174151461558, 42.269671223381714], [-89.09171159022975, 42.269701511722936], [-89.0916791155342, 42.269725301180316], [-89.09161590524563, 42.26974015780303], [-89.0914355901828, 42.26986486152255], [-89.09142764606285, 42.26986896983806], [-89.09139566900218, 42.26988550744933], [-89.09136205440267, 42.26991551531396], [-89.09133477876453, 42.269942069632734], [-89.09130574773258, 42.269974122731334], [-89.09128757051026, 42.27000018616371], [-89.09128423574005, 42.27000503902792], [-89.09124556281418, 42.27005656794721], [-89.09122318601274, 42.27009057766056], [-89.09119415878747, 42.270120189147804], [-89.09117026771061, 42.27014551294475], [-89.09115971257839, 42.27016437520357], [-89.09114782177866, 42.27018572327129], [-89.09113095411965, 42.27021945512371], [-89.09110095524863, 42.27024974260305], [-89.09108281444087, 42.270280142195006], [-89.0910528889746, 42.270310458259196], [-89.09103766991068, 42.270323296057754], [-89.09101705305929, 42.270340691867474], [-89.09098708994559, 42.27037100846121], [-89.09095712850484, 42.27040129625294], [-89.09092132837723, 42.27043155807569], [-89.09089720336043, 42.27046192851009], [-89.09089389373288, 42.270465299702096], [-89.09083735129484, 42.27052253351129], [-89.0908137741042, 42.270538008177446], [-89.0908017048129, 42.27054596344915], [-89.09077869402509, 42.27056940118639], [-89.0907444805937, 42.27059986960312], [-89.09074039873076, 42.27060737763287], [-89.09072457212629, 42.27063639890942], [-89.0907039726944, 42.27066359190519], [-89.0906715371893, 42.27069813824075], [-89.09065798778336, 42.27073274473697], [-89.09065712980792, 42.27073493882387], [-89.09063523495323, 42.270753410135846], [-89.09062129346133, 42.27076517230137], [-89.09061480831298, 42.270770654604966], [-89.09058541904902, 42.27079543241928], [-89.09054961973102, 42.27082569413072], [-89.09050220673643, 42.27088051510307], [-89.09046551560817, 42.270917518878434], [-89.09046302926588, 42.2709203765094], [-89.09043993440685, 42.27094653139754], [-89.09041500802402, 42.27098051611868], [-89.09038756298969, 42.27101697553213], [-89.09034808047332, 42.27106171816987], [-89.09033635559543, 42.27108205126635], [-89.09033055063362, 42.2710920099338], [-89.09032908594264, 42.27109452423267], [-89.09030758382137, 42.27112480931982], [-89.09028273565616, 42.27115632611876], [-89.0902570851046, 42.27118334827862], [-89.09025286371318, 42.27118779485614], [-89.09021913285746, 42.27122021589352], [-89.09020612584166, 42.2712420188368], [-89.09020095498055, 42.27125061499158], [-89.09017102789048, 42.27128090289424], [-89.09014693852926, 42.27131127440005], [-89.09012288599521, 42.271341617436676], [-89.09009879658734, 42.27137198893149], [-89.09008447714534, 42.271386499702984], [-89.09006890696266, 42.27140227715839], [-89.0900678177612, 42.27140409544478], [-89.09006023948058, 42.27141674825692]]]]}, "properties": {"name": "Madison & Oak", "status": "Existing", "ending_date": "2048-12-30", "final_levy_year": "2048"}}]}